order_id,version,amount_cents,deleted
151,1,8695,0
152,1,3188,0
153,1,9007,0
154,1,2511,0
155,1,1271,0
156,1,8989,0
157,1,806,0
158,1,7008,0
159,1,4749,0
160,1,5960,0
161,1,7760,0
162,1,6446,0
163,1,4653,0
164,1,5895,0
165,1,7602,0
166,1,3953,0
167,1,7183,0
168,1,4094,0
169,1,9790,0
170,1,5214,0
171,1,3278,0
172,1,8992,0
173,1,4427,0
174,1,346,0
175,1,5511,0
176,1,8811,0
177,1,3985,0
178,1,5165,0
179,1,386,0
180,1,9610,0
181,1,6509,0
182,1,9752,0
183,1,3219,0
184,1,3828,0
185,1,2640,0
186,1,1835,0
187,1,4057,0
188,1,4545,0
189,1,5551,0
190,1,6373,0
191,1,2719,0
192,1,950,0
193,1,752,0
194,1,6254,0
195,1,6667,0
196,1,9006,0
197,1,8298,0
198,1,2109,0
199,1,4183,0
200,1,3389,0
1,2,15001,0
2,2,15002,0
3,2,15003,0
4,2,15004,0
5,2,15005,0
6,2,15006,0
7,2,15007,0
8,2,15008,0
9,2,15009,0
10,2,15010,0
11,2,15011,0
12,2,15012,0
13,2,15013,0
14,2,15014,0
15,2,15015,0
16,2,15016,0
17,2,15017,0
18,2,15018,0
19,2,15019,0
20,2,15020,0
21,2,15021,0
22,2,15022,0
23,2,15023,0
24,2,15024,0
25,2,15025,0
26,2,15026,0
27,2,15027,0
28,2,15028,0
29,2,15029,0
30,2,15030,0
31,2,15031,0
32,2,15032,0
33,2,15033,0
34,2,15034,0
35,2,15035,0
36,2,15036,0
37,2,15037,0
38,2,15038,0
39,2,15039,0
40,2,15040,0
201,1,1201,0
202,1,1202,0
203,1,1203,0
204,1,1204,0
205,1,1205,0
206,1,1206,0
207,1,1207,0
208,1,1208,0
209,1,1209,0
210,1,1210,0
211,1,1211,0
212,1,1212,0
213,1,1213,0
214,1,1214,0
215,1,1215,0
216,1,1216,0
217,1,1217,0
218,1,1218,0
219,1,1219,0
220,1,1220,0
221,1,1221,0
222,1,1222,0
223,1,1223,0
224,1,1224,0
225,1,1225,0
226,1,1226,0
227,1,1227,0
228,1,1228,0
229,1,1229,0
230,1,1230,0
1,3,0,1
2,3,0,1
3,3,0,1
4,3,0,1
5,3,0,1
6,3,0,1
7,3,0,1
8,3,0,1
9,3,0,1
10,3,0,1
