order_id,version,order_date,amount_cents
1,2,2025-01-02,17489
2,2,2025-01-03,47500
3,2,2025-01-04,12888
4,2,2025-01-05,29386
5,2,2025-01-06,47557
6,2,2025-01-07,33257
7,2,2025-01-01,39515
8,2,2025-01-02,49294
9,2,2025-01-03,34475
10,2,2025-01-04,7028
11,2,2025-01-05,11884
12,2,2025-01-06,45147
13,2,2025-01-07,20485
14,2,2025-01-01,13947
15,2,2025-01-02,28982
16,2,2025-01-03,3850
17,2,2025-01-04,26877
18,2,2025-01-05,49433
19,2,2025-01-06,39704
20,2,2025-01-07,26325
21,2,2025-01-01,49685
22,2,2025-01-02,11331
23,2,2025-01-03,44390
24,2,2025-01-04,43162
25,2,2025-01-05,11983
26,1,2025-01-06,33382
27,1,2025-01-07,29386
28,1,2025-01-01,38736
29,1,2025-01-02,22128
30,1,2025-01-03,3488
31,1,2025-01-04,5245
32,1,2025-01-05,24836
33,1,2025-01-06,6971
34,1,2025-01-07,25720
35,1,2025-01-01,24347
36,1,2025-01-02,25275
37,1,2025-01-03,949
38,1,2025-01-04,10866
39,1,2025-01-05,27383
40,1,2025-01-06,48031
41,1,2025-01-07,39566
42,1,2025-01-01,39486
43,1,2025-01-02,48368
44,1,2025-01-03,25038
45,1,2025-01-04,43467
46,1,2025-01-05,4288
47,1,2025-01-06,9662
48,1,2025-01-07,14522
49,1,2025-01-01,36283
50,1,2025-01-02,30916
51,1,2025-01-03,9901
52,1,2025-01-04,16001
53,1,2025-01-05,13481
54,1,2025-01-06,13076
55,1,2025-01-07,7510
56,1,2025-01-01,17143
57,1,2025-01-02,9277
58,1,2025-01-03,10244
59,1,2025-01-04,31687
60,1,2025-01-05,46541
61,1,2025-01-06,15991
62,1,2025-01-07,36379
63,1,2025-01-01,41814
64,1,2025-01-02,18476
65,1,2025-01-03,13057
66,1,2025-01-04,23854
67,1,2025-01-05,2979
68,1,2025-01-06,34325
69,1,2025-01-07,44167
70,1,2025-01-01,34359
71,1,2025-01-02,20561
72,1,2025-01-03,20684
73,1,2025-01-04,37686
74,1,2025-01-05,14583
75,1,2025-01-06,32643
76,1,2025-01-07,17969
77,1,2025-01-01,33659
78,1,2025-01-02,18671
79,1,2025-01-03,33215
80,1,2025-01-04,15794
81,1,2025-01-05,31666
82,1,2025-01-06,4758
83,1,2025-01-07,29436
84,1,2025-01-01,6612
85,1,2025-01-02,20935
86,1,2025-01-03,11227
87,1,2025-01-04,4634
88,1,2025-01-05,45681
89,1,2025-01-06,30050
90,1,2025-01-07,12295
91,1,2025-01-01,35184
92,1,2025-01-02,38845
93,1,2025-01-03,36536
94,1,2025-01-04,21555
95,1,2025-01-05,24890
96,1,2025-01-06,15552
97,1,2025-01-07,11956
98,1,2025-01-01,8660
99,1,2025-01-02,19764
100,1,2025-01-03,8590
101,1,2025-01-04,6039
102,1,2025-01-05,48168
103,1,2025-01-06,45620
104,1,2025-01-07,23017
105,1,2025-01-01,43997
106,1,2025-01-02,41021
107,1,2025-01-03,1323
108,1,2025-01-04,30525
109,1,2025-01-05,19821
110,1,2025-01-06,36115
111,1,2025-01-07,46887
112,1,2025-01-01,1056
113,1,2025-01-02,18781
114,1,2025-01-03,6133
115,1,2025-01-04,37929
116,1,2025-01-05,20092
117,1,2025-01-06,46008
118,1,2025-01-07,29727
119,1,2025-01-01,7733
120,1,2025-01-02,4055
121,1,2025-01-03,18074
122,1,2025-01-04,24988
123,1,2025-01-05,42680
124,1,2025-01-06,26383
125,1,2025-01-07,13501
126,1,2025-01-01,13007
127,1,2025-01-02,42431
128,1,2025-01-03,11603
129,1,2025-01-04,46976
130,1,2025-01-05,9132
131,1,2025-01-06,31870
132,1,2025-01-07,24927
133,1,2025-01-01,12502
134,1,2025-01-02,48063
135,1,2025-01-03,41837
136,1,2025-01-04,24853
137,1,2025-01-05,33991
138,1,2025-01-06,24885
139,1,2025-01-07,2013
140,1,2025-01-01,13377
141,1,2025-01-02,32538
142,1,2025-01-03,29717
143,1,2025-01-04,23277
144,1,2025-01-05,15919
145,1,2025-01-06,14676
146,1,2025-01-07,12452
147,1,2025-01-01,48339
148,1,2025-01-02,31415
149,1,2025-01-03,1402
150,1,2025-01-04,37370
151,1,2025-01-05,15897
152,1,2025-01-06,20780
153,1,2025-01-07,43500
154,1,2025-01-01,29598
155,1,2025-01-02,44895
156,1,2025-01-03,31504
157,1,2025-01-04,46096
158,1,2025-01-05,31562
159,1,2025-01-06,30304
160,1,2025-01-07,49665
161,1,2025-01-01,42838
162,1,2025-01-02,21027
163,1,2025-01-03,36212
164,1,2025-01-04,39855
165,1,2025-01-05,44042
166,1,2025-01-06,19826
167,1,2025-01-07,2190
168,1,2025-01-01,3301
169,1,2025-01-02,5388
170,1,2025-01-03,46565
171,1,2025-01-04,33729
172,1,2025-01-05,11559
173,1,2025-01-06,20174
174,1,2025-01-07,7121
175,1,2025-01-01,37086
176,1,2025-01-02,12748
177,1,2025-01-03,1414
178,1,2025-01-04,36015
179,1,2025-01-05,45239
180,1,2025-01-06,24035
181,1,2025-01-07,24488
182,1,2025-01-01,220
183,1,2025-01-02,14106
184,1,2025-01-03,6355
185,1,2025-01-04,43233
186,1,2025-01-05,2650
187,1,2025-01-06,17590
188,1,2025-01-07,38725
189,1,2025-01-01,18209
190,1,2025-01-02,36328
191,1,2025-01-03,6266
192,1,2025-01-04,43245
193,1,2025-01-05,33536
194,1,2025-01-06,31304
195,1,2025-01-07,27054
196,1,2025-01-01,14506
197,1,2025-01-02,16378
198,1,2025-01-03,24822
199,1,2025-01-04,23205
200,1,2025-01-05,2928
201,1,2025-01-06,42364
202,1,2025-01-07,14079
203,1,2025-01-01,22213
204,1,2025-01-02,13254
205,1,2025-01-03,34167
206,1,2025-01-04,37677
207,1,2025-01-05,11222
208,1,2025-01-06,17747
209,1,2025-01-07,44364
210,1,2025-01-01,45817
211,1,2025-01-02,36210
212,1,2025-01-03,16862
213,1,2025-01-04,28433
214,1,2025-01-05,46381
215,1,2025-01-06,36674
216,1,2025-01-07,4819
217,1,2025-01-01,41368
218,1,2025-01-02,10987
219,1,2025-01-03,40138
220,1,2025-01-04,43013
221,1,2025-01-05,14144
222,1,2025-01-06,40721
223,1,2025-01-07,45628
224,1,2025-01-01,15125
225,1,2025-01-02,30450
226,1,2025-01-03,29672
227,1,2025-01-04,30987
228,1,2025-01-05,22971
229,1,2025-01-06,960
230,1,2025-01-07,2321
231,1,2025-01-01,16393
232,1,2025-01-02,20019
233,1,2025-01-03,815
234,1,2025-01-04,20054
235,1,2025-01-05,28697
236,1,2025-01-06,48102
237,1,2025-01-07,42559
238,1,2025-01-01,23058
239,1,2025-01-02,28677
240,1,2025-01-03,2399
241,1,2025-01-04,32944
242,1,2025-01-05,15886
243,1,2025-01-06,31660
244,1,2025-01-07,32449
245,1,2025-01-01,31923
246,1,2025-01-02,14841
247,1,2025-01-03,44188
248,1,2025-01-04,18690
249,1,2025-01-05,15550
250,1,2025-01-06,43933
251,1,2025-01-07,45950
252,1,2025-01-01,43483
253,1,2025-01-02,25357
254,1,2025-01-03,19145
255,1,2025-01-04,35452
256,1,2025-01-05,34862
257,1,2025-01-06,11048
258,1,2025-01-07,38245
259,1,2025-01-01,6142
260,1,2025-01-02,15856
261,1,2025-01-03,22923
262,1,2025-01-04,9886
263,1,2025-01-05,39729
264,1,2025-01-06,33428
265,1,2025-01-07,26344
266,1,2025-01-01,30203
267,1,2025-01-02,21884
268,1,2025-01-03,8161
269,1,2025-01-04,3986
270,1,2025-01-05,47182
271,1,2025-01-06,23826
272,1,2025-01-07,835
273,1,2025-01-01,41219
274,1,2025-01-02,35360
275,1,2025-01-03,8300
276,1,2025-01-04,12291
277,1,2025-01-05,8926
278,1,2025-01-06,14233
279,1,2025-01-07,14511
280,1,2025-01-01,15883
281,1,2025-01-02,22999
282,1,2025-01-03,2914
283,1,2025-01-04,11083
284,1,2025-01-05,45046
285,1,2025-01-06,37493
286,1,2025-01-07,22669
287,1,2025-01-01,21207
288,1,2025-01-02,40947
289,1,2025-01-03,45477
290,1,2025-01-04,33092
291,1,2025-01-05,10708
292,1,2025-01-06,28579
293,1,2025-01-07,40757
294,1,2025-01-01,48379
295,1,2025-01-02,8674
296,1,2025-01-03,10016
297,1,2025-01-04,33630
298,1,2025-01-05,49399
299,1,2025-01-06,33018
300,1,2025-01-07,7249
