date,business_unit,account,budget,actual,favorable_variance
2025-01-01,Consumer,Revenue,135474.89,143447.18,7972.289999999979
2025-01-01,Consumer,COGS,80971.36,88491.78,-7520.419999999998
2025-01-01,Consumer,Opex,39745.17,44801.95,-5056.779999999999
2025-01-01,Business,Revenue,129507.72,125085.49,-4422.229999999996
2025-01-01,Business,COGS,78322.09,79320.36,-998.2700000000041
2025-01-01,Business,Opex,46229.82,52353.3,-6123.480000000003
2025-01-01,Enterprise,Revenue,149409.88,149760.18,350.29999999998836
2025-01-01,Enterprise,COGS,76879.53,86657.62,-9778.089999999997
2025-01-01,Enterprise,Opex,46761.78,51982.34,-5220.559999999998
2025-02-01,Consumer,Revenue,155954.35,163837.38,7883.029999999999
2025-02-01,Consumer,COGS,84761.06,91410.39,-6649.330000000002
2025-02-01,Consumer,Opex,44403.91,52158.49,-7754.5799999999945
2025-02-01,Business,Revenue,132422.19,140878.12,8455.929999999993
2025-02-01,Business,COGS,71273.14,73077.28,-1804.1399999999994
2025-02-01,Business,Opex,36707.03,39303.26,-2596.230000000003
2025-02-01,Enterprise,Revenue,138457.7,150169.22,11711.51999999999
2025-02-01,Enterprise,COGS,74954.5,65946.2,9008.300000000003
2025-02-01,Enterprise,Opex,48109.0,43902.28,4206.720000000001
2025-03-01,Consumer,Revenue,133786.8,146833.21,13046.410000000003
2025-03-01,Consumer,COGS,72729.79,74722.31,-1992.520000000004
2025-03-01,Consumer,Opex,37441.09,38283.44,-842.3500000000058
2025-03-01,Business,Revenue,155378.61,151825.86,-3552.75
2025-03-01,Business,COGS,85457.78,93834.48,-8376.699999999997
2025-03-01,Business,Opex,36471.42,33772.26,2699.159999999996
2025-03-01,Enterprise,Revenue,152577.45,153822.65,1245.1999999999825
2025-03-01,Enterprise,COGS,91157.82,80900.39,10257.430000000008
2025-03-01,Enterprise,Opex,44388.1,41905.18,2482.9199999999983
2025-04-01,Consumer,Revenue,135731.46,139480.4,3748.9400000000023
2025-04-01,Consumer,COGS,89185.27,105363.28,-16178.009999999995
2025-04-01,Consumer,Opex,46037.59,49450.93,-3413.340000000004
2025-04-01,Business,Revenue,133220.05,141822.53,8602.48000000001
2025-04-01,Business,COGS,70686.87,82176.8,-11489.930000000008
2025-04-01,Business,Opex,37176.94,34909.56,2267.3800000000047
2025-04-01,Enterprise,Revenue,147250.25,140330.18,-6920.070000000007
2025-04-01,Enterprise,COGS,76233.66,84191.61,-7957.949999999997
2025-04-01,Enterprise,Opex,41040.21,36855.9,4184.309999999998
2025-05-01,Consumer,Revenue,132103.48,131539.75,-563.7300000000105
2025-05-01,Consumer,COGS,68159.87,74241.43,-6081.559999999998
2025-05-01,Consumer,Opex,43993.99,47984.98,-3990.9900000000052
2025-05-01,Business,Revenue,139040.85,162654.9,23614.04999999999
2025-05-01,Business,COGS,91125.92,87197.31,3928.6100000000006
2025-05-01,Business,Opex,44405.93,47339.64,-2933.709999999999
2025-05-01,Enterprise,Revenue,163292.96,170677.5,7384.540000000008
2025-05-01,Enterprise,COGS,77896.61,80454.48,-2557.8699999999953
2025-05-01,Enterprise,Opex,43217.45,44679.57,-1462.1200000000026
2025-06-01,Consumer,Revenue,134181.26,120352.05,-13829.210000000006
2025-06-01,Consumer,COGS,78108.22,92511.36,-14403.14
2025-06-01,Consumer,Opex,37345.39,37398.18,-52.79000000000087
2025-06-01,Business,Revenue,158848.08,138580.46,-20267.619999999995
2025-06-01,Business,COGS,68874.76,75414.05,-6539.290000000008
2025-06-01,Business,Opex,45870.44,48747.25,-2876.8099999999977
2025-06-01,Enterprise,Revenue,156738.56,137939.68,-18798.880000000005
2025-06-01,Enterprise,COGS,89922.72,98170.74,-8248.020000000004
2025-06-01,Enterprise,Opex,39231.0,46028.05,-6797.050000000003
2025-07-01,Consumer,Revenue,165396.25,187414.59,22018.339999999997
2025-07-01,Consumer,COGS,90274.88,78549.15,11725.73000000001
2025-07-01,Consumer,Opex,40189.58,44278.08,-4088.5
2025-07-01,Business,Revenue,167024.04,179808.42,12784.380000000005
2025-07-01,Business,COGS,89331.46,88115.7,1215.7600000000093
2025-07-01,Business,Opex,44090.33,47056.99,-2966.659999999996
2025-07-01,Enterprise,Revenue,168192.7,161412.49,-6780.210000000021
2025-07-01,Enterprise,COGS,74417.07,81686.12,-7269.049999999988
2025-07-01,Enterprise,Opex,47884.48,53369.67,-5485.189999999995
2025-08-01,Consumer,Revenue,148856.73,139396.31,-9460.420000000013
2025-08-01,Consumer,COGS,90256.29,82608.59,7647.699999999997
2025-08-01,Consumer,Opex,38387.25,32718.73,5668.52
2025-08-01,Business,Revenue,170182.68,171905.07,1722.390000000014
2025-08-01,Business,COGS,68299.5,59619.04,8680.46
2025-08-01,Business,Opex,46153.57,45132.08,1021.489999999998
2025-08-01,Enterprise,Revenue,137029.63,141085.5,4055.8699999999953
2025-08-01,Enterprise,COGS,90207.65,87736.12,2471.529999999999
2025-08-01,Enterprise,Opex,47160.7,41922.6,5238.0999999999985
2025-09-01,Consumer,Revenue,163894.3,172642.02,8747.720000000001
2025-09-01,Consumer,COGS,83152.95,97203.95,-14051.0
2025-09-01,Consumer,Opex,38402.23,39313.81,-911.5799999999945
2025-09-01,Business,Revenue,146320.36,171763.72,25443.360000000015
2025-09-01,Business,COGS,90059.08,104994.14,-14935.059999999998
2025-09-01,Business,Opex,44657.12,49942.3,-5285.18
2025-09-01,Enterprise,Revenue,142782.12,142839.23,57.110000000015134
2025-09-01,Enterprise,COGS,91723.31,81440.06,10283.25
2025-09-01,Enterprise,Opex,43410.94,44895.75,-1484.8099999999977
2025-10-01,Consumer,Revenue,150231.16,175733.74,25502.579999999987
2025-10-01,Consumer,COGS,84120.25,97960.94,-13840.690000000002
2025-10-01,Consumer,Opex,37833.24,43186.48,-5353.240000000005
2025-10-01,Business,Revenue,128086.74,113109.02,-14977.720000000001
2025-10-01,Business,COGS,83091.64,79293.57,3798.0699999999924
2025-10-01,Business,Opex,36206.49,41521.12,-5314.630000000005
2025-10-01,Enterprise,Revenue,128830.2,114913.83,-13916.369999999995
2025-10-01,Enterprise,COGS,72379.96,81270.43,-8890.469999999987
2025-10-01,Enterprise,Opex,43963.52,50144.71,-6181.190000000002
2025-11-01,Consumer,Revenue,150272.09,170710.51,20438.420000000013
2025-11-01,Consumer,COGS,70796.1,64426.74,6369.360000000008
2025-11-01,Consumer,Opex,46590.03,49707.23,-3117.2000000000044
2025-11-01,Business,Revenue,136776.4,137002.79,226.39000000001397
2025-11-01,Business,COGS,75624.1,65929.49,9694.61
2025-11-01,Business,Opex,47796.93,48266.61,-469.6800000000003
2025-11-01,Enterprise,Revenue,153697.91,166544.8,12846.889999999985
2025-11-01,Enterprise,COGS,87542.88,78747.76,8795.12000000001
2025-11-01,Enterprise,Opex,37582.2,36999.2,583.0
2025-12-01,Consumer,Revenue,139795.68,155333.83,15538.149999999994
2025-12-01,Consumer,COGS,75456.65,85296.9,-9840.25
2025-12-01,Consumer,Opex,41242.72,39060.04,2182.6800000000003
2025-12-01,Business,Revenue,152054.41,129450.67,-22603.740000000005
2025-12-01,Business,COGS,89500.77,101229.92,-11729.149999999994
2025-12-01,Business,Opex,39352.17,37504.15,1848.0199999999968
2025-12-01,Enterprise,Revenue,132206.58,154382.18,22175.600000000006
2025-12-01,Enterprise,COGS,84913.81,97275.8,-12361.990000000005
2025-12-01,Enterprise,Opex,37224.47,35204.39,2020.0800000000017
