date,Display,Email,Search,Social
2025-01,0.993092266056249,4.916436215131342,3.577722072650844,1.8765755657590282
2025-02,1.1198885713156752,4.904689534816283,3.439717852716051,2.2578369733994013
2025-03,1.220799978091659,4.984384475844695,3.04893152653171,1.8800263407004978
2025-04,1.1698107841650236,5.024197259521275,3.3193602046041017,1.5792773561300621
2025-05,1.0408337200752,5.020158334650829,3.5244862009796356,2.078103305927733
2025-06,1.4223741860349517,4.054290615816428,2.746840023637575,2.0448579965492937
2025-07,1.058045287898579,5.536818815432702,4.017332778491433,2.1852267956503484
2025-08,1.0693533602220942,6.265059656757716,3.553964814407466,2.2616518368383476
2025-09,1.1522852559551342,4.524696898228147,3.70598146687931,2.209098096028102
2025-10,1.2594845170504418,5.364684027702311,3.3428362349249054,1.9624996292739016
2025-11,1.150061758632732,4.517651236799067,3.182001981989931,2.149318566441475
2025-12,1.2905371298366923,4.343368097449713,3.182490732600401,1.7994545265106243
