employee_id,department,tenure_years,engagement_score,annual_salary,exited_2025
1,Engineering,10.2,1,93623,0
2,Engineering,4.9,3,37766,1
3,Operations,10.2,4,121580,0
4,Sales,2.8,5,73019,0
5,Support,3.6,4,80859,0
6,Engineering,9.4,5,52238,0
7,Support,3.0,1,128133,0
8,Support,9.9,5,117108,1
9,Engineering,6.8,1,65313,0
10,Finance,0.8,2,91345,0
11,Support,9.5,2,43270,0
12,Engineering,2.0,5,128293,0
13,Sales,4.1,2,42083,1
14,Sales,10.1,4,124374,0
15,Engineering,10.0,1,128678,0
16,Operations,5.1,1,90006,1
17,Sales,3.2,4,86678,0
18,Engineering,4.1,4,100942,0
19,Support,3.3,2,96471,0
20,Engineering,2.6,1,77058,0
21,Support,5.9,3,61072,0
22,Engineering,7.3,3,62871,0
23,Operations,11.6,1,96844,0
24,Finance,1.9,3,90319,0
25,Support,7.6,1,62647,0
26,Support,8.7,3,40903,0
27,Finance,3.3,3,67326,0
28,Sales,2.0,4,115808,0
29,Support,5.7,3,86711,0
30,Support,0.8,4,95848,0
31,Engineering,3.5,4,53917,0
32,Sales,9.7,5,115992,0
33,Support,1.0,2,44588,1
34,Engineering,8.9,4,51565,0
35,Operations,3.3,2,93150,0
36,Operations,3.5,4,82922,0
37,Finance,5.7,2,116438,0
38,Finance,11.2,4,124471,0
39,Operations,3.5,5,67002,0
40,Finance,8.1,3,38575,0
41,Finance,5.9,2,88438,0
42,Operations,11.4,1,115316,0
43,Finance,3.9,5,81774,0
44,Operations,6.9,1,60404,0
45,Support,9.4,2,127329,0
46,Engineering,11.9,5,35552,0
47,Engineering,9.4,1,119666,1
48,Support,6.9,4,86414,0
49,Sales,9.4,3,98705,0
50,Finance,5.7,2,120289,0
51,Support,1.6,4,101542,0
52,Sales,9.0,4,84655,0
53,Operations,6.2,4,68090,0
54,Finance,9.6,5,95354,0
55,Engineering,6.1,3,95128,0
56,Sales,1.0,2,52660,0
57,Support,5.6,1,48564,0
58,Support,11.2,5,54887,0
59,Engineering,9.2,3,62725,0
60,Engineering,9.0,4,67582,0
61,Sales,7.4,2,72782,1
62,Engineering,11.3,5,105026,0
63,Engineering,7.9,2,101824,1
64,Operations,5.5,3,91924,0
65,Sales,9.4,2,69887,0
66,Engineering,2.6,1,109155,1
67,Sales,5.4,4,117749,0
68,Support,10.1,4,81936,0
69,Sales,6.5,2,69082,0
70,Engineering,7.0,3,65937,0
71,Operations,8.0,3,60223,0
72,Sales,7.1,4,129444,0
73,Sales,11.0,2,62955,0
74,Support,6.8,3,38581,0
75,Engineering,7.9,1,51515,1
76,Sales,9.8,1,108424,1
77,Operations,3.7,1,109879,0
78,Support,6.8,2,123078,0
79,Operations,1.9,3,109552,0
80,Engineering,7.8,4,121010,0
81,Finance,3.2,5,117477,0
82,Finance,4.3,3,121970,0
83,Sales,3.6,2,117084,1
84,Sales,0.2,2,64320,0
85,Support,10.4,1,59528,0
86,Finance,10.3,3,81999,0
87,Operations,9.0,3,108213,0
88,Support,0.3,1,80809,0
89,Operations,4.0,2,113950,0
90,Finance,5.4,1,57897,0
91,Sales,4.5,4,98442,0
92,Finance,10.5,3,40544,0
93,Sales,8.5,1,66556,0
94,Engineering,7.1,2,85431,0
95,Sales,3.2,1,123400,1
96,Engineering,11.7,3,120407,0
97,Engineering,6.9,2,85191,1
98,Operations,4.3,2,51216,0
99,Support,1.0,4,90555,0
100,Sales,11.4,2,70487,0
101,Sales,4.6,1,59982,0
102,Finance,8.0,4,69130,0
103,Support,9.0,4,36790,0
104,Engineering,0.4,2,84041,1
105,Finance,11.5,2,53012,0
106,Support,4.1,3,113942,0
107,Sales,10.8,1,119265,0
108,Engineering,0.4,4,89682,0
109,Support,10.6,5,123708,0
110,Finance,6.1,4,62667,1
111,Support,10.6,3,79950,0
112,Engineering,11.2,4,102469,0
113,Finance,11.2,4,101272,1
114,Operations,1.4,5,95634,0
115,Operations,11.0,1,39382,0
116,Finance,1.8,3,52535,0
117,Engineering,11.1,2,104951,0
118,Sales,3.3,2,125022,0
119,Engineering,6.0,3,94611,0
120,Operations,0.4,3,96944,1
121,Sales,0.5,5,64183,0
122,Sales,9.6,2,122769,1
123,Support,1.6,1,97469,0
124,Operations,6.1,1,121274,0
125,Engineering,5.3,3,124152,0
126,Operations,5.3,1,118886,0
127,Support,7.6,5,85288,0
128,Finance,11.0,5,55968,0
129,Support,2.7,1,117847,0
130,Finance,7.1,5,66463,0
131,Operations,0.5,3,36974,1
132,Support,3.0,2,41660,0
133,Engineering,1.1,3,127171,0
134,Engineering,9.5,2,91084,0
135,Operations,5.3,5,77976,0
136,Support,3.6,2,121893,0
137,Finance,10.7,5,89310,1
138,Operations,3.2,4,105420,0
139,Engineering,4.8,1,73357,0
140,Support,9.1,3,76738,1
141,Support,2.1,5,76217,0
142,Engineering,9.3,1,97527,1
143,Operations,1.6,2,113636,0
144,Support,3.4,1,124642,1
145,Finance,3.5,5,38545,0
146,Operations,7.2,5,101019,0
147,Sales,2.2,4,94955,0
148,Sales,2.6,5,80217,0
149,Sales,9.9,2,97759,1
150,Operations,1.0,1,96654,0
151,Support,7.0,3,42668,0
152,Engineering,7.1,1,54039,1
153,Sales,8.5,4,40339,0
154,Sales,4.5,4,94996,0
155,Operations,6.3,5,120072,0
156,Finance,9.6,5,125518,0
157,Operations,2.6,2,101875,0
158,Operations,2.6,1,67707,0
159,Engineering,2.7,2,53105,0
160,Support,4.2,3,104318,0
161,Operations,1.0,1,45367,0
162,Finance,8.6,1,89290,1
163,Finance,0.3,3,71679,0
164,Engineering,3.1,5,122642,0
165,Operations,7.4,1,66940,0
166,Finance,6.6,1,63868,0
167,Support,10.8,2,69213,0
168,Sales,1.8,3,77858,0
169,Support,8.5,3,116079,1
170,Sales,5.6,4,98570,0
171,Engineering,4.0,3,51696,0
172,Operations,4.8,2,66619,0
173,Finance,8.7,3,48820,0
174,Support,11.6,5,37594,0
175,Operations,10.7,3,54748,0
176,Sales,6.3,5,60752,0
177,Operations,11.7,2,108479,0
178,Sales,2.7,1,67038,0
179,Sales,9.9,3,88963,0
180,Sales,4.8,5,95736,0
181,Operations,2.0,4,115221,0
182,Engineering,5.2,3,105062,0
183,Finance,10.3,4,37649,0
184,Finance,8.3,4,110984,0
185,Operations,11.7,3,120777,0
186,Finance,9.0,5,124986,0
187,Engineering,2.7,3,121835,0
188,Sales,0.3,3,60074,0
189,Support,4.6,1,81080,0
190,Support,5.1,3,121924,0
191,Engineering,10.5,3,85013,0
192,Sales,6.2,4,122763,0
193,Support,4.3,3,86691,0
194,Finance,4.9,2,103097,0
195,Sales,7.7,3,81876,0
196,Support,5.4,4,68876,0
197,Operations,8.0,2,116289,0
198,Operations,1.0,1,109354,0
199,Engineering,7.4,5,43078,0
200,Engineering,11.0,3,90190,0
201,Operations,1.0,2,53284,0
202,Engineering,1.2,5,53120,0
203,Finance,7.9,2,60809,0
204,Finance,8.2,5,44557,0
205,Finance,2.0,3,73797,0
206,Support,6.2,3,57964,0
207,Sales,9.1,1,106022,0
208,Engineering,7.6,5,73951,0
209,Operations,2.2,2,81664,1
210,Engineering,9.6,1,87586,0
211,Support,5.8,5,95291,0
212,Engineering,10.9,3,70854,0
213,Operations,4.8,4,74090,0
214,Support,9.7,1,99390,0
215,Finance,0.4,1,104083,0
216,Operations,5.0,4,72720,0
217,Support,3.3,4,73738,0
218,Finance,6.8,2,95605,0
219,Operations,10.9,1,103170,1
220,Sales,3.3,3,36647,1
221,Operations,9.4,1,126236,0
222,Sales,11.5,3,75843,0
223,Sales,7.8,3,54163,0
224,Finance,4.1,4,101618,0
225,Operations,9.8,5,47853,1
226,Sales,0.5,5,37712,1
227,Finance,0.3,5,110645,0
228,Finance,1.7,2,119667,1
229,Operations,0.7,2,66947,0
230,Operations,5.3,4,37097,0
231,Finance,10.1,3,54772,0
232,Sales,11.2,4,111638,0
233,Finance,8.9,4,121830,0
234,Operations,8.4,5,126036,0
235,Sales,10.5,5,55347,0
236,Operations,7.8,2,113421,0
237,Engineering,9.6,1,99369,1
238,Finance,11.4,1,105580,0
239,Sales,11.3,4,39182,0
240,Finance,6.7,3,101417,0
241,Sales,10.8,2,72870,0
242,Support,4.3,1,62274,0
243,Operations,6.0,5,90127,1
244,Sales,3.6,4,86454,0
245,Sales,3.2,3,70492,0
246,Operations,3.1,1,67478,0
247,Operations,8.7,5,123826,0
248,Finance,9.2,2,41432,0
249,Sales,7.6,5,76217,1
250,Sales,1.9,3,82985,0
251,Operations,8.2,2,72358,0
252,Sales,3.8,5,101997,0
253,Sales,3.3,4,85257,0
254,Finance,10.1,5,119214,0
255,Finance,2.7,1,115487,0
256,Engineering,9.1,1,66182,0
257,Finance,11.6,1,114435,0
258,Sales,8.7,3,56453,0
259,Sales,8.6,4,124563,0
260,Support,7.0,3,98194,0
261,Support,3.2,2,113035,0
262,Engineering,6.0,2,73064,0
263,Engineering,1.7,3,99935,0
264,Engineering,5.9,3,111532,0
265,Operations,6.9,5,80139,0
266,Operations,0.5,3,45526,0
267,Engineering,7.1,3,119092,0
268,Finance,9.1,5,41849,0
269,Engineering,6.1,4,40384,0
270,Engineering,5.3,2,111785,0
271,Sales,5.3,5,53047,0
272,Sales,8.4,1,124645,0
273,Operations,2.7,1,100544,0
274,Engineering,2.3,2,48430,0
275,Engineering,1.5,4,103837,0
276,Operations,0.5,2,49528,0
277,Support,7.2,1,119286,0
278,Support,11.6,5,77911,0
279,Finance,7.2,2,87117,1
280,Finance,0.9,5,72787,0
281,Engineering,6.8,1,90264,0
282,Support,9.7,1,68818,0
283,Engineering,6.9,2,35968,0
284,Sales,4.2,2,108845,0
285,Finance,1.4,2,116470,1
286,Finance,1.1,5,122448,0
287,Finance,0.9,5,45830,0
288,Support,6.5,5,46400,1
289,Finance,5.2,5,119224,0
290,Finance,2.3,4,40182,1
291,Sales,5.9,2,42768,0
292,Sales,8.8,4,53837,0
293,Operations,5.5,1,57946,0
294,Operations,11.3,4,43609,0
295,Sales,10.2,3,52103,0
296,Finance,3.5,4,42267,0
297,Engineering,8.2,2,95382,0
298,Support,8.7,4,116422,0
299,Engineering,6.1,3,49387,0
300,Operations,0.7,1,103475,0
301,Engineering,10.4,3,57427,0
302,Sales,0.7,1,42052,0
303,Finance,5.5,2,89222,0
304,Sales,10.1,4,45848,0
305,Operations,6.2,4,104350,0
306,Support,4.5,1,74607,0
307,Support,2.0,1,79813,0
308,Sales,1.8,4,50364,0
309,Sales,7.1,4,52952,0
310,Support,2.0,5,52447,0
311,Operations,5.4,3,105281,0
312,Finance,1.9,4,75673,0
313,Sales,5.5,5,81126,0
314,Support,9.5,5,101736,0
315,Sales,8.8,4,48927,0
316,Finance,5.5,2,65230,1
317,Engineering,10.9,3,37217,1
318,Support,1.2,3,115337,0
319,Sales,2.4,3,87700,0
320,Engineering,8.8,4,70205,0
321,Finance,9.3,4,56682,0
322,Sales,5.2,3,62319,0
323,Operations,11.4,1,47827,0
324,Finance,0.4,5,98389,0
325,Finance,3.1,1,68544,0
326,Finance,3.7,4,116682,0
327,Engineering,2.6,4,36833,0
328,Support,0.7,4,65434,0
329,Support,4.0,2,64619,1
330,Operations,10.7,3,82921,0
331,Operations,6.5,3,87432,0
332,Engineering,6.0,5,77254,0
333,Engineering,5.5,2,116417,0
334,Sales,9.5,2,76816,1
335,Support,7.0,1,84772,0
336,Sales,9.8,2,127267,0
337,Finance,2.0,4,49529,0
338,Finance,6.1,4,39074,0
339,Engineering,9.9,1,48234,1
340,Finance,6.7,1,98566,0
341,Finance,2.3,1,38086,1
342,Finance,7.6,4,61464,0
343,Finance,6.1,5,80790,0
344,Support,4.2,1,98677,0
345,Engineering,11.8,2,117443,0
346,Finance,9.9,4,71680,0
347,Operations,10.0,3,49440,0
348,Engineering,11.7,4,115437,0
349,Support,6.3,5,65748,0
350,Support,1.1,3,66191,0
351,Sales,7.5,4,42919,0
352,Support,6.9,1,76236,0
353,Sales,4.9,1,126788,0
354,Sales,3.3,5,47916,0
355,Engineering,0.8,5,66186,1
356,Sales,1.7,5,128593,0
357,Support,6.4,2,84903,0
358,Sales,7.3,3,51581,0
359,Engineering,2.1,5,72617,0
360,Operations,7.2,3,60197,0
361,Finance,11.4,3,77456,0
362,Engineering,6.0,5,89780,0
363,Engineering,3.1,1,80870,0
364,Support,10.0,1,88256,0
365,Support,6.5,2,81597,0
366,Support,11.0,1,85975,0
367,Engineering,5.1,4,65281,0
368,Finance,7.8,5,84910,0
369,Support,3.2,3,43297,0
370,Engineering,7.8,2,57403,0
371,Sales,6.6,5,108283,0
372,Finance,8.0,4,35985,1
373,Sales,4.8,5,98524,0
374,Support,7.2,1,45866,0
375,Support,2.1,3,60740,0
376,Support,8.5,2,88285,1
377,Engineering,7.5,4,112747,0
378,Support,6.6,4,44222,0
379,Finance,5.5,2,94974,0
380,Operations,8.1,2,120973,0
381,Sales,11.8,1,90806,0
382,Engineering,7.5,1,64311,0
383,Sales,3.8,4,97870,0
384,Support,2.2,2,52511,0
385,Sales,1.7,5,63127,0
386,Operations,8.7,3,36922,0
387,Operations,10.8,3,65330,0
388,Operations,6.0,5,115027,0
389,Engineering,5.6,2,97934,1
390,Engineering,9.0,3,106688,0
391,Sales,9.6,4,82082,0
392,Finance,6.3,2,112087,1
393,Support,8.7,4,90042,0
394,Finance,8.7,2,114786,0
395,Support,5.2,2,88208,0
396,Support,8.9,5,39202,0
397,Sales,11.5,5,112347,0
398,Finance,7.9,2,128177,0
399,Engineering,10.0,4,43793,0
400,Support,4.0,2,68074,0
401,Finance,9.1,3,111524,1
402,Finance,4.6,2,102959,0
403,Support,7.6,2,80904,0
404,Support,3.3,2,76102,1
405,Support,0.3,5,121708,0
406,Finance,3.1,3,37040,0
407,Operations,0.4,2,114254,0
408,Engineering,7.1,1,75658,0
409,Support,1.0,2,49723,0
410,Sales,2.1,2,123655,1
411,Operations,3.3,3,108283,0
412,Engineering,8.2,5,47267,1
413,Operations,11.5,2,81321,0
414,Operations,0.4,4,91149,0
415,Engineering,8.9,3,36263,0
416,Finance,9.4,4,72160,0
417,Support,9.0,3,44177,0
418,Finance,0.7,5,39686,1
419,Finance,2.6,4,52902,0
420,Operations,9.5,2,117223,1
421,Support,5.1,1,114424,0
422,Support,8.1,4,80849,0
423,Operations,11.1,1,50485,0
424,Sales,3.5,1,89342,0
425,Operations,9.1,5,86513,1
426,Support,8.2,5,52436,1
427,Operations,5.4,2,67365,0
428,Finance,3.1,1,94020,0
429,Finance,10.1,1,122558,0
430,Support,8.1,3,109320,0
431,Support,6.8,1,86503,0
432,Engineering,6.5,3,122609,0
433,Operations,11.5,2,92402,1
434,Operations,11.1,3,116370,0
435,Operations,5.6,1,66098,0
436,Finance,9.6,4,94870,0
437,Engineering,0.5,3,74845,0
438,Operations,0.5,2,83451,0
439,Support,1.6,4,46631,0
440,Support,0.3,1,43552,1
441,Support,4.9,2,88825,0
442,Engineering,9.0,1,106882,1
443,Support,1.8,5,93877,0
444,Support,11.4,5,85323,0
445,Support,4.7,2,37580,0
446,Finance,8.9,5,101292,0
447,Engineering,10.7,5,82403,1
448,Operations,9.4,5,66177,0
449,Sales,10.2,5,80842,0
450,Operations,0.8,3,44199,0
451,Operations,3.7,5,97279,0
452,Operations,11.8,2,122294,0
453,Operations,5.4,3,66322,0
454,Engineering,4.2,3,102974,0
455,Sales,3.8,2,113691,0
456,Operations,3.0,4,77867,0
457,Engineering,2.6,5,39959,0
458,Finance,11.0,3,74173,0
459,Engineering,1.6,4,49119,0
460,Sales,1.0,1,48769,0
461,Sales,6.4,1,70880,0
462,Operations,10.7,5,54363,0
463,Operations,4.2,1,81992,0
464,Support,6.3,2,90289,0
465,Operations,1.4,4,51414,0
466,Engineering,7.9,3,57453,0
467,Engineering,10.0,4,114262,0
468,Engineering,10.8,4,99483,0
469,Support,7.7,4,88358,0
470,Engineering,8.4,2,92668,0
471,Operations,1.6,1,49035,0
472,Finance,2.0,2,55496,0
473,Operations,11.2,5,43637,0
474,Finance,6.5,3,70433,0
475,Operations,10.5,5,121936,0
476,Operations,10.4,4,73422,0
477,Sales,3.0,3,85943,0
478,Operations,3.7,2,114512,0
479,Engineering,9.5,2,71580,1
480,Engineering,0.5,5,101192,0
481,Operations,6.4,2,102109,0
482,Operations,11.5,5,74879,0
483,Support,6.9,3,85404,1
484,Engineering,0.8,2,52200,1
485,Operations,8.9,4,84187,0
486,Sales,3.2,2,40244,0
487,Finance,3.7,4,36951,0
488,Sales,6.5,3,54257,0
489,Engineering,8.5,2,45661,0
490,Finance,2.8,4,42712,0
491,Support,1.4,2,62516,0
492,Support,5.7,5,86283,0
493,Support,2.9,4,126469,0
494,Operations,6.0,3,46854,0
495,Operations,1.3,4,84104,0
496,Sales,11.4,3,100227,0
497,Engineering,11.3,4,79265,1
498,Support,1.1,5,99448,0
499,Sales,0.8,2,117679,1
500,Finance,7.0,5,57358,0
501,Support,5.5,5,128216,0
502,Sales,6.2,4,96815,1
503,Support,8.6,2,118756,0
504,Finance,10.8,4,126459,0
505,Support,2.8,5,111270,0
506,Finance,0.6,5,36186,0
507,Support,8.8,2,92923,0
508,Engineering,5.4,3,35723,0
509,Operations,6.1,3,124711,0
510,Engineering,7.6,2,35540,0
511,Operations,10.1,2,44650,0
512,Engineering,0.5,3,122387,1
513,Engineering,5.2,5,129469,0
514,Engineering,1.6,3,127370,0
515,Sales,3.8,2,88147,0
516,Operations,0.7,4,120454,0
517,Support,2.2,1,125743,0
518,Sales,5.3,5,113860,0
519,Sales,7.6,4,81698,0
520,Sales,4.0,4,103259,1
521,Sales,10.9,2,43498,0
522,Engineering,3.5,5,108326,0
523,Finance,2.1,1,67104,0
524,Sales,6.6,2,93424,0
525,Operations,10.5,1,66673,1
526,Finance,9.3,1,116460,0
527,Sales,5.2,3,101485,0
528,Finance,4.2,3,73119,0
529,Sales,9.4,5,75929,0
530,Support,7.2,2,108529,1
531,Operations,7.3,1,117826,0
532,Finance,11.3,5,50073,1
533,Engineering,10.8,4,72674,0
534,Sales,3.4,2,67775,0
535,Support,9.5,3,125690,0
536,Support,7.0,5,111605,0
537,Support,7.7,5,103143,0
538,Operations,5.5,5,65818,0
539,Support,10.4,1,59379,0
540,Support,2.6,3,58557,0
541,Sales,1.3,2,107255,0
542,Support,5.5,4,72482,0
543,Finance,5.5,5,99362,0
544,Sales,5.9,1,74890,0
545,Engineering,10.2,3,121275,0
546,Operations,7.8,5,107895,0
547,Operations,0.4,3,83578,0
548,Sales,8.2,4,126343,0
549,Operations,0.5,4,52481,0
550,Finance,2.5,3,69004,1
551,Finance,9.5,1,80318,1
552,Operations,11.7,4,47686,0
553,Engineering,9.1,3,121327,0
554,Finance,6.1,1,68544,0
555,Engineering,9.6,4,83326,0
556,Finance,9.2,1,64464,0
557,Operations,0.7,5,89346,0
558,Sales,4.4,3,78503,0
559,Support,6.8,2,99455,0
560,Operations,1.4,3,73225,0
561,Sales,5.1,5,71443,0
562,Operations,2.1,5,62521,0
563,Support,6.4,3,55006,0
564,Support,0.3,1,88356,0
565,Engineering,8.0,5,57936,0
566,Operations,0.8,1,128488,0
567,Operations,0.4,5,53305,0
568,Finance,2.6,4,36806,0
569,Operations,10.7,4,73193,0
570,Sales,0.8,2,42996,0
571,Sales,1.2,5,40969,1
572,Support,4.9,4,69098,0
573,Sales,10.1,3,70033,0
574,Support,0.3,4,107598,0
575,Engineering,11.5,4,55322,0
576,Operations,1.4,2,91187,0
577,Operations,11.6,1,62992,1
578,Support,9.5,3,100391,0
579,Finance,10.3,1,37178,0
580,Support,1.2,2,69401,0
581,Operations,1.5,2,127308,0
582,Operations,3.9,5,65314,1
583,Engineering,2.2,4,36527,0
584,Operations,4.9,3,124875,0
585,Sales,1.5,3,58347,0
586,Sales,5.0,1,88634,0
587,Finance,11.3,3,124192,0
588,Sales,5.9,5,48263,1
589,Engineering,7.2,4,92295,0
590,Support,4.1,5,86234,0
591,Sales,2.6,4,106926,0
592,Support,3.5,5,66483,0
593,Finance,1.2,2,93399,0
594,Support,9.5,5,94894,0
595,Finance,2.4,3,86513,0
596,Support,10.9,3,87992,0
597,Operations,3.0,1,41414,0
598,Engineering,8.5,2,122915,0
599,Operations,8.6,4,91748,0
600,Finance,11.9,1,102667,0
601,Support,10.0,5,50041,0
602,Sales,9.1,5,97104,0
603,Finance,8.8,3,117170,0
604,Sales,2.5,1,59577,0
605,Support,9.8,5,111493,0
606,Finance,7.1,3,91364,0
607,Finance,6.2,3,57120,0
608,Finance,11.2,4,118663,0
609,Engineering,6.1,4,47400,1
610,Finance,7.4,4,126585,0
611,Support,10.2,4,96573,0
612,Operations,3.2,1,102920,0
613,Support,11.3,3,39451,0
614,Support,8.1,4,90434,0
615,Finance,8.0,1,85214,0
616,Engineering,6.3,4,126362,0
617,Finance,4.9,1,113595,0
618,Support,2.3,3,74467,0
619,Support,1.2,1,65872,0
620,Finance,6.1,5,44978,0
621,Finance,3.2,1,122709,0
622,Support,3.7,3,54632,1
623,Engineering,5.0,3,108601,0
624,Finance,11.1,5,118702,0
625,Engineering,5.7,3,115982,0
626,Sales,9.5,1,88591,0
627,Engineering,10.2,4,104758,1
628,Operations,3.9,3,61974,0
629,Operations,0.9,4,96238,0
630,Finance,7.9,1,66781,0
631,Sales,0.3,2,84943,0
632,Engineering,7.1,5,103033,0
633,Sales,3.7,4,57133,0
634,Support,10.6,1,67044,0
635,Operations,9.8,2,114789,1
636,Sales,6.4,1,55412,0
637,Sales,5.7,4,85943,0
638,Finance,1.5,1,40261,1
639,Operations,11.1,4,77413,1
640,Support,5.9,1,77257,0
641,Finance,11.1,3,128140,1
642,Support,8.2,4,38365,0
643,Finance,1.0,1,53383,0
644,Operations,2.3,2,50247,0
645,Engineering,2.4,3,58133,0
646,Support,1.8,2,119609,1
647,Finance,1.9,1,79843,0
648,Engineering,10.5,1,55482,0
649,Engineering,2.1,1,66789,0
650,Finance,6.8,1,57078,0
651,Operations,10.8,1,116832,1
652,Support,11.8,2,49837,0
653,Finance,4.9,4,40218,0
654,Finance,2.4,4,99985,0
655,Sales,10.9,5,90534,1
656,Engineering,9.6,4,97038,0
657,Engineering,1.5,4,37166,0
658,Support,11.1,3,110127,1
659,Support,10.8,2,104423,0
660,Operations,10.8,5,123197,0
661,Finance,3.4,2,84114,0
662,Engineering,3.5,4,65802,0
663,Finance,4.4,3,94762,0
664,Engineering,11.6,3,56909,0
665,Engineering,8.9,5,105590,0
666,Engineering,3.3,5,93904,0
667,Sales,1.2,3,89993,0
668,Finance,11.0,4,96630,0
669,Engineering,2.6,1,37968,0
670,Support,3.6,1,122368,0
671,Engineering,6.0,3,102435,1
672,Finance,4.9,1,57811,0
673,Operations,7.4,1,77683,0
674,Operations,2.2,5,50794,0
675,Support,2.7,2,94372,1
676,Engineering,0.6,4,117436,0
677,Support,6.7,2,91524,1
678,Sales,4.6,3,114945,0
679,Sales,0.8,3,46156,0
680,Operations,0.3,2,37603,0
681,Operations,1.9,2,76767,0
682,Sales,8.6,4,119639,0
683,Sales,8.8,4,35414,1
684,Finance,6.6,3,49207,1
685,Sales,7.7,4,36142,0
686,Operations,4.7,5,104650,0
687,Engineering,8.2,3,127548,0
688,Sales,2.7,1,84361,1
689,Support,4.0,4,37937,0
690,Sales,5.7,1,72029,1
691,Engineering,7.4,5,57754,0
692,Sales,1.3,2,73935,0
693,Finance,2.6,2,48970,0
694,Sales,6.4,2,48711,0
695,Engineering,7.7,2,110624,0
696,Sales,7.5,5,104916,0
697,Sales,6.1,5,78217,0
698,Finance,7.1,1,125986,0
699,Engineering,3.6,4,72221,0
700,Engineering,1.3,3,69288,0
701,Engineering,10.8,3,113000,0
702,Support,7.5,4,127277,0
703,Support,1.0,5,45992,0
704,Sales,6.1,2,90190,0
705,Engineering,10.1,2,75579,0
706,Operations,10.7,3,114964,0
707,Support,7.6,2,60437,0
708,Finance,9.1,1,48684,0
709,Sales,5.3,1,56731,0
710,Engineering,7.8,4,115929,0
711,Support,5.0,1,72645,0
712,Operations,10.4,2,126312,0
713,Engineering,2.8,4,83863,0
714,Engineering,2.8,1,88937,1
715,Support,5.8,1,53391,0
716,Operations,1.7,4,69789,1
717,Engineering,0.8,4,43438,0
718,Engineering,8.2,3,119321,0
719,Engineering,3.3,1,119964,0
720,Sales,8.1,1,42993,0
721,Sales,2.4,5,100996,0
722,Sales,8.8,1,73913,0
723,Operations,8.3,4,94592,0
724,Finance,5.1,1,94990,0
725,Support,1.2,4,115356,0
726,Finance,6.8,3,115735,0
727,Finance,8.1,2,122803,0
728,Support,7.9,2,83539,0
729,Sales,9.0,3,45228,0
730,Operations,8.6,1,61769,0
731,Operations,4.2,3,91026,0
732,Sales,2.0,4,40575,1
733,Operations,5.4,4,57766,0
734,Engineering,3.0,1,105565,0
735,Support,11.0,3,60143,0
736,Operations,10.3,2,37076,0
737,Finance,6.6,5,83604,0
738,Engineering,7.6,3,69450,0
739,Operations,5.4,4,38966,0
740,Engineering,4.9,1,37285,0
741,Sales,7.2,5,82046,0
742,Support,7.7,5,129535,0
743,Support,4.3,1,119713,0
744,Engineering,6.3,4,127505,0
745,Sales,4.3,5,90235,0
746,Support,6.7,5,35216,0
747,Operations,11.9,4,100911,0
748,Finance,9.2,5,81342,0
749,Support,7.8,3,110572,0
750,Engineering,11.4,2,54729,0
751,Sales,4.0,1,53010,0
752,Engineering,10.1,3,66350,0
753,Finance,0.6,2,104375,1
754,Engineering,4.7,4,96908,0
755,Sales,5.8,2,70991,0
756,Support,4.3,1,115346,0
757,Finance,8.7,1,98388,1
758,Support,4.4,2,122919,0
759,Operations,6.6,1,129062,0
760,Engineering,1.7,3,107560,0
761,Operations,10.6,5,110952,0
762,Sales,9.3,3,42584,0
763,Engineering,4.2,3,116140,0
764,Finance,2.6,3,98631,0
765,Operations,2.4,5,128181,0
766,Finance,5.0,4,47858,0
767,Operations,5.3,4,126207,0
768,Support,6.6,1,104012,0
769,Engineering,6.1,3,97389,0
770,Engineering,6.2,5,121741,0
771,Operations,6.4,3,113238,0
772,Operations,7.1,4,60695,0
773,Sales,11.6,4,95842,0
774,Sales,10.5,1,124902,1
775,Sales,9.3,2,102084,0
776,Sales,5.7,3,72592,0
777,Finance,11.9,4,70840,0
778,Sales,6.7,3,35546,0
779,Sales,4.1,5,120994,0
780,Finance,11.1,5,52226,1
781,Support,8.3,5,117811,0
782,Support,0.6,4,115929,0
783,Operations,2.2,1,38902,0
784,Support,8.4,1,36905,0
785,Support,9.4,2,88019,0
786,Operations,7.0,5,68100,0
787,Finance,6.3,5,47776,0
788,Engineering,10.2,1,54316,0
789,Sales,0.7,2,112751,0
790,Engineering,8.6,1,83263,0
791,Engineering,2.5,4,124745,0
792,Sales,4.1,3,84457,0
793,Finance,7.8,1,102402,0
794,Engineering,2.7,4,89907,0
795,Finance,11.3,4,129093,0
796,Operations,7.1,4,69428,0
797,Operations,2.7,5,129822,0
798,Finance,0.6,4,86475,0
799,Support,4.8,4,118225,0
800,Finance,4.6,3,89168,0
801,Operations,10.3,4,123988,0
802,Support,8.8,2,77298,0
803,Finance,6.5,4,88937,0
804,Operations,0.3,5,111304,0
805,Engineering,9.5,5,90554,0
806,Sales,4.0,1,125498,0
807,Finance,9.4,5,48301,0
808,Operations,1.2,4,79450,0
809,Operations,5.0,4,123810,0
810,Operations,1.0,4,62311,0
811,Engineering,6.7,3,127640,0
812,Sales,9.9,5,54348,0
813,Engineering,1.1,2,117443,0
814,Support,2.4,2,43833,0
815,Sales,10.8,3,86219,0
816,Finance,3.6,2,45177,0
817,Operations,8.6,2,53170,1
818,Finance,0.8,2,113158,1
819,Operations,10.6,1,63436,0
820,Support,4.3,4,42441,1
821,Finance,6.9,3,67766,0
822,Operations,5.2,5,57851,0
823,Engineering,4.8,5,83986,0
824,Engineering,3.7,3,87051,0
825,Operations,8.9,4,67831,0
826,Engineering,2.2,1,124511,0
827,Sales,6.9,2,62610,0
828,Support,0.2,5,65737,0
829,Operations,0.9,1,40240,0
830,Support,1.4,1,129606,1
831,Support,6.2,2,42009,0
832,Support,0.4,1,75431,0
833,Finance,10.2,3,82200,0
834,Support,5.4,5,48072,0
835,Sales,0.4,1,101539,1
836,Finance,9.1,1,104467,0
837,Finance,8.3,2,42375,0
838,Support,10.9,3,53450,0
839,Operations,7.0,4,70043,1
840,Operations,10.4,3,62426,0
841,Engineering,1.6,3,92676,0
842,Sales,5.7,2,103246,0
843,Engineering,6.0,1,100524,1
844,Support,8.5,3,63000,0
845,Engineering,11.3,2,65252,0
846,Operations,0.6,4,69752,1
847,Support,8.6,2,56872,0
848,Operations,6.2,5,72861,0
849,Sales,3.8,3,35097,0
850,Operations,8.6,4,64728,0
851,Engineering,4.3,1,82281,1
852,Finance,7.6,2,53272,0
853,Support,4.7,4,83610,0
854,Sales,8.3,5,96564,0
855,Engineering,10.2,2,126806,0
856,Operations,8.9,1,37115,0
857,Sales,3.0,4,67946,0
858,Support,5.7,2,36827,0
859,Operations,11.2,4,105548,0
860,Support,1.3,1,45665,0
861,Operations,0.2,2,117685,1
862,Finance,1.2,5,57686,0
863,Sales,11.6,4,46535,0
864,Operations,2.2,2,102650,1
865,Finance,5.2,1,52617,1
866,Operations,4.7,1,87533,1
867,Sales,11.3,5,87160,0
868,Operations,0.6,3,114890,0
869,Operations,7.2,2,125564,0
870,Engineering,3.0,5,95326,0
871,Support,6.8,1,67136,0
872,Finance,1.7,1,104929,0
873,Engineering,4.5,1,64870,0
874,Sales,8.2,2,122673,0
875,Support,1.4,4,62146,0
876,Engineering,10.9,1,119627,1
877,Finance,7.3,2,66897,0
878,Engineering,1.8,5,127659,1
879,Finance,9.2,2,108839,0
880,Support,6.1,3,129635,1
881,Engineering,11.6,3,104159,0
882,Sales,7.7,5,128076,1
883,Finance,10.0,4,92416,0
884,Operations,4.6,5,88889,0
885,Operations,0.3,5,58061,0
886,Support,6.8,4,44904,0
887,Finance,1.8,4,118832,0
888,Sales,8.8,4,116293,0
889,Engineering,12.0,4,48975,0
890,Finance,1.1,5,59350,0
891,Sales,0.4,1,108643,1
892,Operations,10.7,1,61324,0
893,Support,5.3,2,37732,0
894,Sales,10.4,2,124675,1
895,Sales,10.1,4,57835,0
896,Operations,10.4,2,107025,0
897,Engineering,11.6,4,63195,1
898,Finance,0.4,2,105396,0
899,Engineering,1.5,5,106119,1
900,Finance,11.2,1,125988,0
901,Support,8.2,5,85865,0
902,Sales,5.4,1,35395,0
903,Engineering,10.6,5,49629,0
904,Support,9.8,2,50189,0
905,Operations,3.9,2,93020,0
906,Operations,10.7,1,123204,0
907,Engineering,7.3,1,53355,0
908,Operations,9.8,4,102891,0
909,Engineering,8.5,1,99477,0
910,Finance,4.5,4,39251,1
911,Engineering,8.8,5,98894,0
912,Finance,7.8,3,41982,0
913,Finance,7.8,5,74620,0
914,Sales,9.9,4,107452,0
915,Finance,3.5,3,50501,0
916,Sales,3.6,2,71082,0
917,Operations,11.6,2,44343,0
918,Support,0.8,5,115389,0
919,Finance,10.4,3,65400,0
920,Finance,1.1,2,128401,1
921,Finance,5.2,1,109135,0
922,Sales,0.4,2,115901,0
923,Support,8.1,1,98099,0
924,Engineering,8.2,4,68438,1
925,Finance,3.7,5,102538,0
926,Sales,7.3,2,63496,0
927,Sales,0.5,4,121563,0
928,Operations,0.6,5,63275,0
929,Operations,1.2,5,66875,0
930,Sales,7.9,1,78743,0
931,Finance,1.3,2,77540,0
932,Operations,1.6,1,122015,0
933,Finance,6.4,5,71867,0
934,Finance,5.1,4,115791,0
935,Operations,5.7,5,45214,0
936,Operations,1.2,5,129995,0
937,Operations,3.9,5,101090,0
938,Engineering,6.5,2,124254,0
939,Support,5.2,5,111044,0
940,Support,4.3,5,47675,1
941,Sales,8.0,4,42017,0
942,Operations,5.0,4,80873,0
943,Operations,10.7,2,102379,0
944,Sales,4.8,3,51693,0
945,Finance,2.5,1,35380,1
946,Support,7.6,2,121257,0
947,Sales,4.3,5,38894,0
948,Operations,2.5,2,95220,0
949,Engineering,11.6,5,42311,0
950,Support,3.2,1,77313,0
951,Operations,1.2,1,86968,0
952,Finance,9.0,2,57000,1
953,Support,2.5,2,50145,0
954,Operations,10.9,2,117965,0
955,Support,1.3,1,72797,0
956,Support,0.5,3,58768,0
957,Finance,1.0,3,64095,1
958,Engineering,11.4,3,37986,0
959,Finance,3.7,3,82654,0
960,Sales,9.3,5,42809,0
961,Finance,4.4,2,71139,0
962,Sales,1.4,4,95869,0
963,Support,6.7,3,42526,0
964,Engineering,9.6,2,105212,0
965,Sales,4.9,2,79279,0
966,Operations,6.1,3,69229,0
967,Sales,4.0,1,35890,0
968,Support,9.1,5,80949,0
969,Engineering,10.6,4,50728,0
970,Engineering,6.5,4,88441,0
971,Operations,9.0,3,129128,0
972,Sales,1.6,1,86318,0
973,Sales,11.5,3,43173,1
974,Engineering,1.3,3,84184,0
975,Finance,8.6,1,75525,0
976,Engineering,9.6,4,36308,0
977,Sales,8.2,4,88648,0
978,Engineering,9.0,5,37545,0
979,Sales,10.9,2,43973,0
980,Support,6.6,4,73370,0
981,Support,3.3,3,35060,0
982,Sales,10.2,1,66569,0
983,Engineering,6.3,1,71061,0
984,Support,10.3,4,62968,1
985,Engineering,9.1,5,81517,0
986,Sales,5.6,5,51778,0
987,Operations,10.6,2,102241,0
988,Support,11.8,5,128048,0
989,Sales,4.6,4,116323,0
990,Operations,2.7,2,57609,0
991,Sales,5.2,2,90524,0
992,Support,11.4,3,41110,0
993,Operations,10.4,2,129657,0
994,Support,0.5,1,109486,0
995,Engineering,0.8,2,74670,1
996,Engineering,11.7,1,128678,0
997,Finance,5.9,3,40032,1
998,Operations,1.3,1,109992,0
999,Sales,4.5,4,45363,0
1000,Support,9.3,2,105338,0
1001,Operations,9.1,5,94416,0
1002,Finance,0.4,3,122189,0
1003,Finance,9.4,1,42087,0
1004,Support,7.2,5,110567,0
1005,Engineering,6.5,3,110267,0
1006,Finance,10.7,1,75191,0
1007,Sales,2.7,5,97616,0
1008,Sales,5.2,1,44795,1
1009,Sales,9.0,1,115825,0
1010,Finance,7.1,4,54565,1
1011,Engineering,2.2,3,80260,0
1012,Support,1.7,3,99519,0
1013,Operations,5.3,5,94217,0
1014,Operations,2.9,4,128181,0
1015,Support,5.1,4,112225,0
1016,Engineering,7.5,4,93361,0
1017,Support,5.8,1,63090,0
1018,Engineering,2.3,3,89172,0
1019,Engineering,2.4,1,37584,0
1020,Support,3.9,5,41834,0
1021,Operations,6.1,1,40532,1
1022,Engineering,9.4,4,99312,0
1023,Sales,3.9,1,77250,0
1024,Sales,8.4,2,90629,0
1025,Finance,3.5,3,61841,0
1026,Sales,7.5,4,104485,0
1027,Operations,8.4,4,59497,0
1028,Support,8.7,2,120875,0
1029,Sales,9.6,5,118493,0
1030,Support,8.2,5,55420,0
1031,Operations,5.5,5,55970,0
1032,Sales,11.8,1,40065,0
1033,Support,3.8,1,129498,0
1034,Sales,3.2,2,106399,0
1035,Engineering,4.6,1,107511,0
1036,Support,5.8,3,116698,0
1037,Support,3.4,3,98946,1
1038,Operations,7.9,2,74445,0
1039,Support,1.1,1,117252,0
1040,Finance,2.6,3,94173,0
1041,Operations,5.1,1,125533,0
1042,Sales,9.7,2,123796,0
1043,Finance,1.7,4,119155,0
1044,Sales,6.0,5,81627,0
1045,Operations,7.1,4,97615,0
1046,Finance,2.8,3,90446,0
1047,Support,8.0,1,42917,0
1048,Support,5.2,4,64201,0
1049,Engineering,4.3,1,129899,1
1050,Support,4.1,4,58299,0
1051,Operations,11.3,1,118497,1
1052,Engineering,10.7,1,62892,0
1053,Support,1.3,5,59507,1
1054,Engineering,1.4,5,99239,0
1055,Operations,4.7,4,59281,0
1056,Sales,3.3,5,79814,0
1057,Finance,6.6,1,64972,0
1058,Sales,11.3,4,70612,0
1059,Support,2.9,1,125221,0
1060,Finance,0.4,4,46430,0
1061,Finance,10.1,3,100391,0
1062,Operations,10.6,3,51402,0
1063,Support,4.1,5,105140,0
1064,Support,10.7,3,108298,0
1065,Sales,7.5,2,37823,0
1066,Finance,1.6,1,78275,0
1067,Finance,8.3,5,114087,0
1068,Support,0.2,3,45559,0
1069,Engineering,3.8,3,114339,1
1070,Sales,5.9,5,109803,0
1071,Finance,4.8,2,52573,0
1072,Engineering,3.4,1,111667,0
1073,Operations,5.5,5,129008,0
1074,Engineering,5.8,4,56965,0
1075,Operations,2.3,1,37702,1
1076,Support,11.1,4,51899,0
1077,Support,2.7,3,41926,0
1078,Support,6.3,5,96933,0
1079,Finance,4.5,5,99731,1
1080,Sales,9.0,4,49698,0
1081,Operations,2.5,3,117330,0
1082,Engineering,9.5,5,48888,0
1083,Finance,3.1,3,119423,1
1084,Operations,5.3,1,95626,0
1085,Operations,0.8,5,82439,0
1086,Operations,3.1,1,107251,0
1087,Engineering,9.9,2,70199,0
1088,Finance,1.4,2,90304,0
1089,Support,6.2,3,75952,0
1090,Sales,0.5,1,85851,1
1091,Engineering,3.8,4,110761,0
1092,Engineering,11.7,4,49733,0
1093,Sales,7.4,5,40493,0
1094,Support,7.3,1,47767,1
1095,Sales,0.6,3,127288,0
1096,Support,2.6,1,58653,0
1097,Support,1.6,3,114628,0
1098,Sales,10.2,4,61297,0
1099,Sales,9.5,3,121061,0
1100,Support,3.2,3,104755,0
1101,Support,11.9,1,104049,0
1102,Finance,11.6,3,79427,0
1103,Sales,1.3,4,117256,0
1104,Support,6.0,3,65114,1
1105,Support,1.5,4,97182,0
1106,Engineering,0.3,5,42235,0
1107,Finance,6.4,3,110152,0
1108,Support,5.9,1,127648,1
1109,Support,1.2,1,67894,0
1110,Sales,4.1,3,128413,0
1111,Support,8.5,3,83561,0
1112,Sales,3.5,4,77057,0
1113,Sales,3.6,2,54677,0
1114,Engineering,0.2,4,69460,0
1115,Operations,2.5,4,66601,0
1116,Support,10.1,3,93944,0
1117,Support,5.7,4,50528,0
1118,Engineering,10.7,5,47272,0
1119,Sales,3.0,5,124267,0
1120,Operations,7.6,5,87202,0
1121,Engineering,2.2,5,78615,0
1122,Sales,10.8,2,50783,0
1123,Sales,8.8,4,68370,0
1124,Support,11.3,2,65313,0
1125,Support,3.4,2,56397,0
1126,Finance,4.5,1,76994,0
1127,Finance,5.4,1,49209,0
1128,Operations,10.0,4,94588,0
1129,Operations,10.4,1,94460,0
1130,Finance,3.1,4,40500,0
1131,Operations,3.2,3,90635,0
1132,Operations,7.8,4,94220,0
1133,Engineering,4.8,3,93597,0
1134,Sales,0.3,4,45996,0
1135,Finance,7.5,1,102131,0
1136,Engineering,1.3,3,58826,0
1137,Support,0.9,2,63608,0
1138,Sales,9.6,4,67953,1
1139,Operations,3.9,3,54325,0
1140,Finance,9.8,1,121915,0
1141,Engineering,9.6,4,76563,0
1142,Finance,10.0,4,122331,0
1143,Operations,2.5,1,99775,0
1144,Engineering,7.5,1,89129,0
1145,Finance,2.3,1,92099,0
1146,Support,9.5,2,104588,0
1147,Engineering,9.0,2,104344,0
1148,Engineering,8.3,4,49703,1
1149,Finance,7.8,1,101010,0
1150,Operations,2.9,1,75847,1
1151,Sales,3.0,4,44281,0
1152,Finance,4.2,2,46966,0
1153,Sales,5.3,3,85485,0
1154,Operations,7.4,5,125761,0
1155,Finance,6.2,2,79282,0
1156,Sales,3.0,3,110295,0
1157,Engineering,7.5,5,126278,0
1158,Engineering,0.8,2,120352,1
1159,Finance,8.1,3,70411,0
1160,Operations,5.4,4,75266,0
1161,Engineering,5.8,1,38925,0
1162,Engineering,4.6,3,39428,0
1163,Engineering,6.7,3,113339,0
1164,Operations,6.7,1,43048,0
1165,Sales,0.5,5,99321,1
1166,Support,6.9,2,78987,0
1167,Finance,10.8,2,64465,0
1168,Engineering,9.9,3,45931,0
1169,Sales,10.0,2,129211,0
1170,Operations,9.2,5,90989,0
1171,Operations,0.8,3,114266,0
1172,Support,0.5,1,98623,1
1173,Sales,10.1,5,46982,1
1174,Finance,4.0,3,95780,0
1175,Sales,8.8,3,67367,0
1176,Sales,4.3,4,57920,0
1177,Operations,3.7,5,40815,0
1178,Sales,9.3,2,124384,1
1179,Support,11.5,4,82284,0
1180,Finance,12.0,4,54457,0
1181,Sales,2.5,1,111044,0
1182,Support,10.7,3,73124,0
1183,Finance,1.1,4,55813,0
1184,Operations,0.6,1,104590,0
1185,Sales,6.6,4,105531,0
1186,Support,6.8,3,100791,0
1187,Sales,5.1,5,91789,0
1188,Finance,5.9,4,57503,0
1189,Engineering,2.3,5,60247,1
1190,Operations,8.7,2,35131,0
1191,Operations,8.7,4,72153,0
1192,Sales,4.8,3,116727,0
1193,Sales,1.3,4,90743,0
1194,Engineering,5.1,4,103655,0
1195,Operations,5.0,1,52401,0
1196,Operations,8.2,5,48190,0
1197,Engineering,7.8,5,57550,0
1198,Engineering,3.9,3,46981,0
1199,Engineering,6.4,1,37726,1
1200,Engineering,0.3,4,125889,0
1201,Sales,5.5,5,126352,0
1202,Operations,7.3,2,119657,0
1203,Support,4.0,1,63388,0
1204,Sales,7.6,5,63250,1
1205,Support,10.2,1,121133,0
1206,Sales,0.8,2,72333,0
1207,Finance,4.6,1,102845,1
1208,Sales,0.5,4,110235,0
1209,Operations,0.7,4,65956,0
1210,Engineering,11.3,3,116290,1
1211,Sales,6.9,2,49126,0
1212,Finance,0.4,4,87075,0
1213,Operations,5.1,1,99084,0
1214,Engineering,3.9,2,84581,0
1215,Finance,4.7,2,78443,0
1216,Sales,3.8,2,53801,0
1217,Finance,5.7,1,111028,0
1218,Support,7.9,2,83839,1
1219,Sales,11.5,5,126972,1
1220,Operations,3.2,5,66985,0
1221,Sales,3.5,3,38732,0
1222,Support,3.7,5,50466,1
1223,Engineering,0.2,3,119461,0
1224,Operations,0.3,4,103678,0
1225,Support,3.2,3,90029,0
1226,Finance,10.3,1,66674,0
1227,Finance,8.5,1,62811,0
1228,Sales,9.4,5,85925,0
1229,Support,7.2,2,56818,1
1230,Engineering,3.0,3,63974,0
1231,Sales,3.3,3,107676,1
1232,Operations,5.4,5,128121,0
1233,Sales,6.4,3,58115,0
1234,Finance,11.9,1,47572,0
1235,Engineering,6.4,1,118072,0
1236,Support,1.3,3,64680,0
1237,Operations,3.4,3,57851,0
1238,Sales,10.8,3,104431,0
1239,Support,11.9,3,121377,0
1240,Engineering,10.8,5,125142,0
1241,Engineering,8.7,5,110397,0
1242,Operations,5.7,3,60763,1
1243,Support,7.3,2,42939,0
1244,Sales,3.0,1,42000,0
1245,Sales,5.6,4,80664,0
1246,Finance,6.6,5,81298,0
1247,Finance,7.3,2,129738,0
1248,Sales,8.0,4,85287,0
1249,Sales,9.1,1,74085,0
1250,Operations,10.9,3,54422,0
1251,Sales,5.7,4,123565,0
1252,Engineering,4.1,2,126765,0
1253,Operations,7.0,4,92779,0
1254,Engineering,7.8,1,80865,0
1255,Sales,2.4,3,106532,0
1256,Support,0.8,4,65526,1
1257,Support,1.9,5,97035,0
1258,Engineering,7.3,3,97634,0
1259,Operations,6.3,5,122738,0
1260,Finance,7.7,4,68535,0
1261,Finance,6.3,2,119447,1
1262,Operations,3.9,2,129886,0
1263,Engineering,9.8,2,56804,1
1264,Operations,1.7,5,118683,0
1265,Sales,4.2,4,73813,0
1266,Operations,10.9,4,46384,0
1267,Finance,10.7,2,58196,1
1268,Engineering,10.2,2,78451,0
1269,Operations,4.2,5,36333,0
1270,Sales,7.0,3,76333,0
1271,Operations,5.7,5,95650,0
1272,Engineering,4.5,3,121125,0
1273,Finance,6.1,4,118500,0
1274,Sales,9.3,1,62270,1
1275,Engineering,5.8,5,115934,0
1276,Support,9.9,2,127697,0
1277,Engineering,11.6,4,56700,0
1278,Support,9.3,4,105186,0
1279,Operations,2.1,3,127704,1
1280,Operations,4.4,3,108703,0
1281,Sales,0.3,5,87573,0
1282,Operations,8.3,4,98903,0
1283,Operations,0.2,3,127847,1
1284,Finance,5.1,5,88979,0
1285,Operations,8.2,5,65404,0
1286,Engineering,3.8,4,64994,0
1287,Support,10.4,5,67796,0
1288,Sales,4.0,4,129520,1
1289,Engineering,9.2,5,41258,0
1290,Finance,6.6,4,125031,0
1291,Finance,4.9,3,92422,0
1292,Sales,0.6,4,68936,0
1293,Sales,10.8,3,73765,0
1294,Sales,6.1,1,68870,1
1295,Finance,0.3,5,38356,0
1296,Operations,11.2,3,75089,0
1297,Engineering,1.7,1,94602,0
1298,Support,5.1,4,67812,0
1299,Finance,6.7,2,59855,1
1300,Engineering,2.7,2,100804,0
1301,Sales,6.4,1,35286,0
1302,Finance,8.0,1,90029,0
1303,Sales,3.2,4,39170,0
1304,Support,11.9,4,116127,0
1305,Support,4.4,1,89159,0
1306,Sales,6.7,3,100693,1
1307,Finance,6.5,4,58887,0
1308,Finance,6.0,3,104920,0
1309,Engineering,6.4,2,96031,0
1310,Finance,4.0,5,91638,0
1311,Sales,9.4,3,39539,0
1312,Support,8.3,3,108546,0
1313,Operations,9.8,1,71616,1
1314,Engineering,6.3,2,58907,0
1315,Engineering,0.6,2,40236,0
1316,Sales,1.8,5,43384,0
1317,Engineering,9.1,4,95425,0
1318,Engineering,1.6,5,107001,1
1319,Support,9.2,5,101722,1
1320,Support,3.5,1,126308,0
1321,Support,1.4,1,113839,1
1322,Support,1.7,1,127723,0
1323,Support,7.2,3,73892,0
1324,Engineering,4.6,1,59463,0
1325,Engineering,8.2,3,43344,0
1326,Finance,10.8,1,114205,1
1327,Sales,7.6,2,68163,0
1328,Support,7.5,3,46006,0
1329,Finance,5.5,2,69535,0
1330,Sales,11.1,3,40072,0
1331,Operations,8.6,1,129134,0
1332,Sales,7.2,3,47606,0
1333,Support,9.3,5,92642,0
1334,Operations,7.1,3,60262,1
1335,Engineering,7.3,1,118501,0
1336,Support,6.9,4,109601,0
1337,Sales,2.1,5,35058,0
1338,Sales,7.4,1,79634,0
1339,Engineering,10.4,2,55766,0
1340,Finance,0.3,4,91729,0
1341,Support,6.0,2,122101,0
1342,Operations,2.0,1,121207,0
1343,Finance,10.6,1,48688,1
1344,Engineering,5.5,5,115968,0
1345,Finance,8.5,5,88624,0
1346,Operations,4.3,4,79340,0
1347,Support,1.3,2,47768,1
1348,Operations,6.1,1,76211,0
1349,Sales,8.9,4,127378,0
1350,Finance,9.4,2,66881,0
1351,Sales,1.9,4,69477,0
1352,Finance,6.0,2,56276,0
1353,Sales,1.4,3,42731,0
1354,Operations,9.8,2,123555,1
1355,Support,5.2,1,128260,0
1356,Finance,2.5,1,104440,0
1357,Finance,11.0,2,69938,0
1358,Sales,4.5,5,65363,0
1359,Finance,4.5,4,95151,0
1360,Sales,1.2,5,116168,0
1361,Support,9.0,3,86907,0
1362,Sales,2.0,2,125950,0
1363,Support,5.8,1,36664,1
1364,Operations,1.5,4,102824,0
1365,Support,5.5,1,105722,1
1366,Finance,2.1,4,72066,1
1367,Support,11.6,4,39613,0
1368,Support,9.1,1,119010,0
1369,Operations,1.7,2,35493,0
1370,Finance,8.6,3,91836,0
1371,Engineering,3.8,5,88087,0
1372,Finance,1.3,4,45866,0
1373,Sales,5.7,4,128524,1
1374,Engineering,1.1,5,83759,1
1375,Operations,1.1,5,100559,0
1376,Engineering,5.0,1,113848,0
1377,Operations,7.5,5,72632,0
1378,Operations,2.4,3,41838,0
1379,Engineering,7.1,3,108152,0
1380,Finance,9.9,5,41436,0
1381,Support,3.4,1,47535,0
1382,Operations,5.5,3,38086,0
1383,Finance,0.7,4,77479,0
1384,Finance,3.3,2,36631,0
1385,Support,2.0,2,94913,0
1386,Sales,1.5,5,109039,0
1387,Finance,9.9,5,121424,0
1388,Support,9.2,3,120651,0
1389,Support,8.5,1,51411,0
1390,Sales,8.8,4,109451,0
1391,Engineering,9.3,2,47058,1
1392,Operations,8.4,4,101593,0
1393,Finance,5.4,3,50987,0
1394,Engineering,7.6,1,109218,0
1395,Support,4.8,2,52237,1
1396,Finance,1.7,1,92570,0
1397,Support,7.8,3,95001,0
1398,Sales,4.2,3,98202,0
1399,Operations,9.2,3,114209,0
1400,Finance,1.8,4,111020,0
1401,Support,10.8,1,114938,0
1402,Operations,4.4,4,117706,0
1403,Sales,10.1,3,110704,0
1404,Support,8.0,5,36616,1
1405,Finance,10.8,3,36434,1
1406,Support,6.2,2,88683,1
1407,Support,3.1,5,53419,0
1408,Finance,10.6,5,97635,0
1409,Engineering,7.2,5,123887,0
1410,Support,5.1,4,89092,0
1411,Operations,1.3,5,49781,0
1412,Sales,3.1,2,61603,0
1413,Finance,0.3,5,90287,0
1414,Sales,2.9,2,97357,0
1415,Sales,0.7,4,72305,0
1416,Operations,0.5,3,122793,0
1417,Finance,6.0,1,117874,0
1418,Operations,2.2,3,119044,1
1419,Finance,7.3,4,65178,0
1420,Operations,2.7,5,69503,0
1421,Sales,1.4,4,58138,0
1422,Finance,9.0,2,109657,0
1423,Finance,0.7,2,36633,0
1424,Sales,7.4,5,56155,0
1425,Engineering,4.8,3,67349,0
1426,Engineering,8.9,2,89719,0
1427,Finance,1.9,2,105769,0
1428,Finance,4.9,2,68500,0
1429,Sales,1.3,1,89385,0
1430,Finance,8.1,5,76966,0
1431,Operations,3.8,5,41484,1
1432,Operations,3.5,5,43992,0
1433,Support,7.5,2,72360,0
1434,Operations,6.7,2,37133,0
1435,Operations,11.6,1,58111,1
1436,Sales,5.5,4,65890,0
1437,Operations,10.0,1,110849,0
1438,Engineering,6.1,4,120080,0
1439,Sales,8.2,1,53032,0
1440,Sales,4.2,3,92087,0
1441,Operations,2.5,5,54504,0
1442,Sales,9.4,4,121950,0
1443,Engineering,7.7,5,53778,0
1444,Sales,7.2,3,39705,0
1445,Support,10.1,2,116556,0
1446,Finance,3.6,5,105849,0
1447,Support,11.3,5,100989,0
1448,Finance,11.3,5,57315,0
1449,Operations,2.5,2,47564,0
1450,Finance,10.6,1,62598,0
1451,Operations,1.0,5,67363,0
1452,Sales,10.1,5,85285,0
1453,Finance,2.7,5,44596,0
1454,Sales,0.3,4,89242,1
1455,Finance,9.2,1,115386,0
1456,Operations,6.5,4,101238,1
1457,Sales,7.9,3,105156,0
1458,Support,11.6,1,101782,0
1459,Engineering,3.7,3,55159,0
1460,Finance,11.8,1,120438,0
1461,Sales,11.6,5,75414,0
1462,Sales,4.7,1,110679,0
1463,Engineering,10.9,3,128376,0
1464,Finance,7.1,3,52323,0
1465,Engineering,11.7,4,60156,0
1466,Finance,1.5,5,59329,0
1467,Finance,4.5,1,122725,0
1468,Operations,9.5,2,110171,0
1469,Sales,3.8,2,125540,1
1470,Operations,5.7,4,62072,0
1471,Sales,6.0,4,57731,0
1472,Engineering,10.8,1,75716,1
1473,Sales,9.1,5,121250,0
1474,Operations,5.9,3,90544,0
1475,Finance,7.6,4,54295,0
1476,Engineering,7.9,3,55111,0
1477,Support,8.7,5,43236,0
1478,Engineering,5.9,2,48976,1
1479,Operations,8.3,2,120788,0
1480,Finance,8.2,2,117903,0
1481,Engineering,1.8,2,119599,0
1482,Finance,2.3,2,71827,0
1483,Finance,0.3,3,84970,0
1484,Support,1.6,3,79099,0
1485,Engineering,10.3,1,63185,0
1486,Engineering,9.8,1,50947,0
1487,Engineering,10.7,5,44491,0
1488,Operations,7.5,5,49179,0
1489,Operations,1.6,2,114628,1
1490,Operations,2.4,5,105179,0
1491,Finance,5.6,1,100993,0
1492,Engineering,5.8,2,109533,1
1493,Finance,7.1,4,115619,0
1494,Operations,8.6,1,127004,0
1495,Support,11.0,2,39340,1
1496,Sales,10.4,2,42008,0
1497,Support,10.0,2,122316,0
1498,Engineering,1.2,4,76990,1
1499,Finance,5.1,4,97385,0
1500,Operations,3.5,1,62417,0
1501,Finance,10.1,1,120855,0
1502,Engineering,10.7,1,106846,1
1503,Operations,11.0,4,57958,0
1504,Finance,8.7,4,61932,0
1505,Finance,0.5,1,67463,0
1506,Support,1.5,1,43963,0
1507,Sales,5.3,1,120143,0
1508,Sales,0.8,3,49315,0
1509,Support,6.3,5,46123,0
1510,Support,4.8,1,83544,0
1511,Finance,6.4,2,49525,0
1512,Support,4.3,3,37667,1
1513,Support,4.8,1,129725,0
1514,Support,3.9,3,76237,0
1515,Support,5.9,3,61397,0
1516,Engineering,1.6,2,102124,0
1517,Sales,11.8,4,45521,0
1518,Finance,6.9,1,65210,1
1519,Operations,9.2,3,59442,0
1520,Operations,1.6,2,69032,0
1521,Finance,4.1,1,97438,0
1522,Support,7.7,5,78281,0
1523,Support,8.0,5,74310,0
1524,Support,5.6,2,99869,0
1525,Engineering,7.5,1,84019,0
1526,Operations,11.7,3,103125,0
1527,Sales,1.4,3,117633,0
1528,Engineering,11.7,1,101597,0
1529,Finance,1.5,3,60173,0
1530,Engineering,4.9,3,36953,0
1531,Operations,9.8,3,89808,0
1532,Finance,10.6,5,111003,0
1533,Finance,10.9,1,95600,0
1534,Operations,2.2,3,49314,0
1535,Sales,0.5,1,120751,0
1536,Finance,2.4,2,67992,0
1537,Engineering,2.0,3,54082,0
1538,Operations,10.8,4,116055,0
1539,Operations,0.6,3,96895,0
1540,Engineering,6.5,5,122098,0
1541,Support,6.4,3,126430,0
1542,Finance,1.2,3,88508,0
1543,Operations,3.6,1,108952,0
1544,Operations,4.0,1,43458,0
1545,Sales,10.1,2,99392,0
1546,Sales,9.9,1,97834,0
1547,Engineering,0.6,1,100339,0
1548,Engineering,7.4,2,129302,0
1549,Support,9.1,1,36762,0
1550,Sales,9.5,5,84410,0
1551,Operations,9.4,3,95431,0
1552,Finance,11.9,2,50504,0
1553,Sales,1.3,5,90294,0
1554,Operations,3.6,2,41098,1
1555,Engineering,8.5,4,106816,0
1556,Operations,4.0,2,77714,0
1557,Operations,5.3,3,128162,0
1558,Operations,6.2,1,104402,0
1559,Sales,2.1,1,35385,0
1560,Support,7.0,1,101317,1
1561,Engineering,6.8,2,80269,0
1562,Sales,11.7,5,56568,1
1563,Support,7.4,1,84176,0
1564,Operations,3.5,5,45142,0
1565,Support,3.2,1,95615,0
1566,Operations,4.2,2,67902,1
1567,Sales,2.9,5,95752,0
1568,Operations,7.6,3,108125,0
1569,Sales,4.2,4,47504,0
1570,Support,8.8,1,56563,0
1571,Support,4.3,4,69944,0
1572,Sales,0.5,4,80426,0
1573,Finance,0.3,4,55037,0
1574,Sales,8.9,5,81969,0
1575,Operations,4.9,4,71784,0
1576,Sales,9.9,2,58985,0
1577,Finance,5.0,2,36733,1
1578,Sales,5.2,2,95349,0
1579,Operations,0.8,3,110041,0
1580,Finance,4.8,2,43558,0
1581,Support,9.3,2,43858,1
1582,Operations,11.3,3,108591,0
1583,Sales,7.6,1,126965,0
1584,Support,11.9,2,100184,0
1585,Sales,7.9,3,81394,0
1586,Engineering,11.5,4,106544,0
1587,Sales,7.6,1,86826,0
1588,Sales,2.5,3,76411,0
1589,Engineering,5.7,4,37304,1
1590,Operations,10.4,5,93327,0
1591,Engineering,7.8,3,125319,0
1592,Finance,5.4,5,81192,0
1593,Operations,9.0,5,110016,0
1594,Operations,3.4,2,41232,0
1595,Finance,5.6,1,90318,0
1596,Engineering,2.5,5,67081,0
1597,Sales,6.4,2,84128,0
1598,Operations,3.6,2,128919,0
1599,Operations,5.3,2,97809,0
1600,Operations,6.2,4,76970,0
1601,Engineering,5.4,2,119243,0
1602,Operations,9.8,3,64311,0
1603,Finance,7.1,4,76245,0
1604,Engineering,5.8,4,74213,0
1605,Engineering,2.2,1,94804,0
1606,Engineering,9.1,3,46903,0
1607,Sales,5.7,2,38497,0
1608,Engineering,3.7,5,35937,0
1609,Engineering,5.0,1,80499,0
1610,Sales,1.1,4,45013,0
1611,Operations,0.3,3,127597,0
1612,Finance,5.1,5,126778,1
1613,Finance,10.9,2,47778,1
1614,Engineering,11.0,2,42637,0
1615,Finance,2.6,2,61576,0
1616,Operations,9.6,2,74210,0
1617,Support,9.0,2,71347,1
1618,Sales,0.7,5,99074,1
1619,Finance,2.3,5,38517,1
1620,Support,3.5,4,57461,0
1621,Sales,3.5,2,92616,0
1622,Sales,7.9,3,127152,0
1623,Finance,0.6,1,129758,0
1624,Engineering,0.3,4,38816,0
1625,Support,0.8,3,124252,0
1626,Support,10.5,4,88371,0
1627,Engineering,7.2,3,114302,1
1628,Finance,6.1,5,40016,0
1629,Finance,7.9,4,46016,0
1630,Engineering,11.3,1,125418,0
1631,Support,1.4,3,121974,0
1632,Sales,10.7,3,114147,0
1633,Support,6.9,4,119524,1
1634,Sales,8.1,3,54169,0
1635,Engineering,8.2,2,68399,0
1636,Operations,1.1,2,44930,0
1637,Sales,7.3,1,123676,1
1638,Operations,1.2,3,94919,1
1639,Operations,6.0,3,119765,1
1640,Support,5.9,1,63590,0
1641,Finance,1.1,5,55273,0
1642,Operations,11.1,3,60165,0
1643,Engineering,1.2,2,98731,1
1644,Operations,7.4,2,48161,0
1645,Sales,1.8,4,36538,0
1646,Operations,9.5,5,95226,0
1647,Finance,1.1,2,103006,0
1648,Sales,2.7,2,124184,0
1649,Sales,8.4,4,112408,1
1650,Sales,4.3,4,107328,0
1651,Engineering,11.0,2,50551,0
1652,Finance,8.3,5,91921,0
1653,Engineering,6.4,3,59606,0
1654,Support,3.4,2,43794,1
1655,Engineering,5.6,1,107388,0
1656,Sales,3.8,3,95880,0
1657,Support,10.8,4,84983,1
1658,Support,1.2,5,48059,0
1659,Finance,11.8,4,94646,0
1660,Operations,2.6,5,45783,0
1661,Finance,2.9,1,112888,0
1662,Operations,9.9,2,118307,0
1663,Operations,10.8,3,49483,0
1664,Support,5.7,5,87851,0
1665,Engineering,10.7,4,70859,0
1666,Operations,11.9,1,108378,0
1667,Finance,3.8,2,95303,1
1668,Sales,10.9,2,36760,0
1669,Finance,11.2,3,46631,0
1670,Engineering,7.5,5,44400,0
1671,Operations,11.9,2,49898,0
1672,Finance,4.8,5,73435,0
1673,Finance,8.2,5,117331,0
1674,Support,9.8,2,93869,0
1675,Engineering,0.4,2,85310,1
1676,Operations,8.7,5,51941,0
1677,Support,11.4,5,45489,0
1678,Engineering,5.6,3,115442,0
1679,Engineering,0.8,4,38763,1
1680,Sales,7.5,3,109246,0
1681,Operations,4.1,3,41288,0
1682,Operations,7.1,3,124207,0
1683,Finance,10.5,3,95902,0
1684,Operations,10.0,5,101180,0
1685,Sales,7.1,3,101195,0
1686,Sales,4.5,1,56083,0
1687,Operations,8.0,1,36738,0
1688,Engineering,7.0,3,67487,0
1689,Sales,4.1,1,79727,0
1690,Operations,3.5,3,72350,0
1691,Support,10.0,1,98634,0
1692,Operations,4.8,1,69001,0
1693,Sales,9.2,5,41256,1
1694,Operations,1.3,3,112412,0
1695,Finance,10.2,5,122123,0
1696,Operations,3.0,5,48888,0
1697,Sales,3.1,1,97463,0
1698,Engineering,3.6,4,113864,0
1699,Support,9.7,2,102405,0
1700,Sales,9.3,2,119986,0
1701,Engineering,6.5,2,110175,0
1702,Operations,7.6,2,55199,0
1703,Operations,11.8,4,80419,0
1704,Finance,4.0,2,42162,1
1705,Finance,1.6,5,85111,0
1706,Operations,5.5,3,59064,0
1707,Finance,4.0,3,54963,0
1708,Finance,7.0,3,69068,0
1709,Support,6.4,1,35801,0
1710,Support,7.2,1,75177,0
1711,Support,0.7,4,85867,0
1712,Engineering,1.6,3,58189,1
1713,Sales,1.2,4,102895,1
1714,Support,4.9,4,63657,0
1715,Support,8.6,4,68498,0
1716,Engineering,10.4,2,41342,0
1717,Sales,4.1,1,52577,0
1718,Finance,0.3,5,62090,0
1719,Operations,1.8,5,86803,0
1720,Operations,5.0,3,58679,0
1721,Operations,7.0,5,119156,1
1722,Operations,10.7,4,76660,0
1723,Sales,4.9,4,56074,0
1724,Finance,5.8,2,94226,0
1725,Engineering,2.9,1,88398,0
1726,Sales,5.9,1,124214,0
1727,Finance,11.6,2,49082,0
1728,Sales,1.7,5,42475,0
1729,Engineering,5.5,5,48092,0
1730,Sales,9.1,2,92165,0
1731,Engineering,7.5,2,96160,0
1732,Finance,2.0,5,61984,0
1733,Engineering,8.7,2,125121,1
1734,Operations,0.7,5,58119,0
1735,Sales,11.0,2,56860,0
1736,Support,10.0,4,55439,0
1737,Finance,7.8,1,51440,0
1738,Sales,9.9,2,51987,0
1739,Sales,7.4,3,90576,0
1740,Operations,7.3,5,100007,0
1741,Operations,4.0,1,47415,0
1742,Finance,7.8,3,113790,0
1743,Finance,5.0,4,48392,0
1744,Finance,4.2,4,107785,1
1745,Support,11.5,1,37811,1
1746,Sales,6.8,1,111565,1
1747,Support,9.4,3,55781,1
1748,Engineering,6.0,5,112232,0
1749,Support,8.4,4,92332,0
1750,Finance,9.2,5,87504,0
1751,Engineering,0.4,1,118239,0
1752,Finance,1.2,5,119792,0
1753,Engineering,9.6,1,77174,0
1754,Support,8.6,5,69547,1
1755,Sales,11.4,5,122673,0
1756,Sales,3.6,3,92311,0
1757,Operations,1.3,5,43494,0
1758,Support,7.5,5,99100,0
1759,Support,1.2,1,121863,1
1760,Finance,10.7,4,129591,0
1761,Operations,6.4,3,40652,0
1762,Operations,5.5,3,84655,0
1763,Sales,8.5,1,103821,1
1764,Engineering,5.5,5,94602,0
1765,Operations,10.8,2,60026,1
1766,Finance,11.6,5,100246,0
1767,Sales,7.7,4,69276,0
1768,Operations,8.5,3,61727,0
1769,Operations,5.7,1,44668,1
1770,Finance,0.3,5,57946,0
1771,Sales,6.5,4,49723,0
1772,Finance,1.8,4,71039,0
1773,Sales,6.3,2,95915,1
1774,Support,7.4,2,128011,0
1775,Finance,8.5,3,45826,0
1776,Support,11.8,2,116884,0
1777,Operations,2.0,3,38383,0
1778,Engineering,3.6,4,115502,0
1779,Engineering,6.8,5,112478,0
1780,Engineering,2.4,5,75168,0
1781,Engineering,10.0,4,74444,0
1782,Operations,6.6,1,99988,0
1783,Finance,11.2,3,72703,0
1784,Finance,8.2,1,96856,1
1785,Engineering,5.7,5,54066,0
1786,Engineering,0.2,3,68445,0
1787,Support,6.6,4,118048,0
1788,Support,9.7,3,117051,0
1789,Operations,9.8,2,63563,0
1790,Finance,2.8,4,115112,0
1791,Finance,1.6,5,116843,0
1792,Support,10.3,1,102378,0
1793,Finance,8.0,4,74626,0
1794,Support,2.0,3,75903,0
1795,Finance,8.3,3,120699,0
1796,Finance,1.0,4,61633,0
1797,Engineering,5.9,5,98340,0
1798,Support,10.7,5,89458,0
1799,Operations,1.0,3,128694,0
1800,Engineering,8.3,4,108250,0
