order_id,customer_id,product_id,quantity,unit_price_cents
1,37,9,3,9293
2,5,8,2,3489
3,13,12,2,6500
4,23,19,1,9660
5,27,4,4,2737
6,18,18,5,1516
7,13,8,2,2147
8,20,3,1,4093
9,42,17,2,1090
10,16,12,3,9759
11,41,14,3,2112
12,18,14,5,6982
13,3,15,2,6148
14,23,5,5,9784
15,35,14,1,5753
16,5,18,3,4860
17,36,10,5,4584
18,39,20,5,1096
19,31,15,3,4372
20,12,6,4,4345
21,38,2,5,1147
22,48,18,4,4639
23,19,6,2,4363
24,7,14,4,5198
25,43,8,4,4690
26,33,2,5,1943
27,36,15,1,6510
28,18,9,1,3412
29,48,20,5,6390
30,40,16,3,6223
31,6,2,2,8894
32,13,18,2,6357
33,34,16,5,252
34,45,2,1,8845
35,47,16,5,1799
36,1,19,5,604
37,9,13,3,3476
38,16,13,2,321
39,6,3,2,8035
40,2,18,2,2572
41,37,16,5,5472
42,43,2,3,637
43,50,3,2,618
44,41,9,3,3804
45,45,18,3,8292
46,33,2,4,6163
47,20,4,4,7850
48,42,17,2,1789
49,13,11,2,7803
50,48,18,2,673
51,43,6,2,7963
52,7,10,4,493
53,7,9,5,468
54,10,1,1,5268
55,19,1,1,1888
56,5,7,4,7957
57,47,19,3,7100
58,43,3,1,5906
59,13,16,5,3439
60,26,14,1,6571
61,35,13,4,2897
62,34,9,5,8436
63,32,10,2,3499
64,44,15,1,8258
65,42,6,5,1788
66,15,6,4,8651
67,8,11,2,3359
68,40,12,5,8943
69,2,10,1,3312
70,47,17,4,560
71,39,15,2,7257
72,40,8,5,2437
73,31,1,3,2884
74,17,8,2,2184
75,12,13,3,8959
76,7,9,4,3374
77,21,10,3,8131
78,14,11,3,5553
79,12,1,3,1203
80,10,11,1,4081
81,3,11,4,5302
82,29,8,4,5742
83,36,4,2,8938
84,22,6,2,7045
85,5,3,4,5107
86,11,10,4,1485
87,40,17,2,9950
88,7,9,1,3615
89,9,12,5,4962
90,21,20,3,860
91,7,12,4,1665
92,26,6,3,5523
93,19,9,5,2765
94,15,4,2,8597
95,22,17,3,4466
96,24,12,5,9242
97,33,3,4,9059
98,4,17,1,5091
99,43,14,2,3070
100,999,13,3,8486
101,40,7,5,4244
102,7,20,3,3534
103,16,8,1,3929
104,10,17,2,364
105,48,8,1,8485
106,22,2,3,2319
107,30,3,4,8501
108,38,3,3,8551
109,44,5,2,1284
110,35,19,4,489
111,10,17,4,9214
112,50,8,5,1418
113,25,13,1,8991
114,38,7,1,4789
115,43,20,4,5831
116,47,11,3,8598
117,38,15,2,3302
118,9,19,1,3311
119,49,13,3,4296
120,50,13,4,7681
121,30,19,1,9844
122,35,17,3,8510
123,8,6,1,3033
124,21,10,2,5678
125,46,18,1,9833
126,47,2,1,3676
127,11,14,4,8211
128,40,20,3,3559
129,38,18,4,3632
130,35,3,2,1028
131,37,6,5,8344
132,10,6,1,2113
133,5,1,2,9152
134,30,17,3,9691
135,7,7,2,8767
136,3,12,5,2329
137,14,8,1,325
138,39,18,3,872
139,37,10,3,9019
140,27,14,5,1168
141,49,16,5,1522
142,26,5,4,2094
143,5,17,4,7449
144,33,19,1,1629
145,44,1,4,4556
146,45,13,5,8543
147,19,4,5,2365
148,13,17,1,7418
149,41,15,2,5290
150,41,8,4,5532
151,6,14,5,3900
152,8,11,4,3595
153,2,15,4,1848
154,13,18,2,6348
155,22,9,1,799
156,9,6,5,2202
157,15,10,4,5393
158,27,9,4,9316
159,10,12,5,3342
160,29,15,4,7966
161,36,7,4,7361
162,22,18,5,3058
163,41,17,4,1697
164,15,13,2,1324
165,1,4,3,7454
166,43,17,3,4422
167,24,6,5,1873
168,5,20,4,3112
169,39,16,3,9151
170,24,17,4,2535
171,31,6,2,1591
172,42,2,4,1598
173,46,11,1,1056
174,9,4,4,2981
175,31,3,2,7693
176,20,1,3,5860
177,17,3,1,2565
178,3,17,4,2774
179,24,12,3,8118
180,22,5,2,7867
181,4,4,5,1532
182,26,11,5,8332
183,10,8,5,2197
184,28,8,4,8213
185,25,4,2,4942
186,43,4,2,5126
187,27,16,2,6040
188,8,1,3,829
189,21,4,1,1569
190,48,10,1,526
191,40,20,5,9165
192,13,13,4,5793
193,10,11,1,3044
194,47,19,5,6074
195,20,17,1,1665
196,39,15,2,7655
197,21,20,3,5812
198,16,10,4,6366
199,44,11,2,3284
200,999,19,4,7314
201,11,5,1,847
202,30,3,4,8091
203,13,9,3,5643
204,15,9,4,659
205,37,20,3,9236
206,47,2,5,8442
207,24,20,2,4144
208,36,10,2,4552
209,47,7,4,3077
210,8,12,3,4089
211,25,2,4,3666
212,50,9,5,4189
213,18,2,3,6565
214,23,19,4,6773
215,38,5,3,1327
216,50,2,2,2251
217,46,18,2,2435
218,33,14,4,3941
219,12,5,3,7927
220,4,3,1,3095
221,41,9,3,8023
222,25,1,4,2981
223,18,14,1,9909
224,41,6,5,7979
225,18,14,1,5251
226,8,1,1,2142
227,25,9,2,4646
228,15,9,3,5332
229,47,4,1,8745
230,17,5,1,6885
231,40,5,5,7823
232,8,13,3,7996
233,22,10,1,305
234,32,4,1,8430
235,37,20,4,8263
236,11,6,1,6602
237,42,2,5,8142
238,5,15,3,6302
239,28,14,4,8558
240,31,1,5,309
241,38,5,4,1630
242,37,8,4,6885
243,7,5,2,7680
244,36,8,4,7069
245,20,15,1,4849
246,48,3,3,8639
247,44,1,3,4324
248,39,11,3,9562
249,2,19,4,7957
250,25,10,4,3179
251,43,19,3,3290
252,14,4,4,2361
253,45,11,5,3395
254,7,20,5,9673
255,5,16,1,533
256,50,13,3,2820
257,2,4,4,3208
258,19,13,2,5333
259,2,5,5,3392
260,3,18,2,8549
261,30,8,3,4804
262,45,9,2,6020
263,27,10,2,6180
264,32,8,4,2917
265,49,19,5,7505
266,44,16,4,942
267,8,11,3,9695
268,24,3,2,3523
269,29,16,1,3502
270,45,20,1,6126
271,20,17,5,7008
272,48,12,1,8613
273,11,14,4,7954
274,19,18,5,9628
275,44,14,1,7260
276,10,11,2,1206
277,43,3,3,4318
278,43,7,5,7744
279,50,18,2,7846
280,23,15,3,7399
281,16,20,4,1078
282,16,1,2,9710
283,50,19,1,7840
284,22,5,3,6948
285,19,1,1,2329
286,14,6,2,2207
287,3,17,2,1818
288,15,16,3,5113
289,3,14,4,9246
290,42,9,3,5439
291,29,18,4,7352
292,47,10,4,6198
293,1,11,3,6005
294,30,2,4,9648
295,22,19,1,261
296,43,8,4,3731
297,21,13,3,1171
298,17,15,5,4502
299,30,15,4,937
300,999,8,2,3675
301,30,10,5,8007
302,40,18,5,5233
303,22,6,4,351
304,13,18,4,5232
305,38,15,4,9248
306,13,1,3,4261
307,8,17,2,5591
308,38,14,2,8707
309,48,8,2,3287
310,44,15,4,2824
311,27,19,3,3472
312,22,4,2,2440
313,7,13,3,3452
314,8,14,3,2429
315,45,8,3,3328
316,20,1,3,8681
317,15,19,2,3041
318,14,3,2,5305
319,19,12,3,5509
320,45,7,1,1623
321,33,9,4,9479
322,43,19,5,9207
323,20,14,3,2207
324,26,6,5,3011
325,40,3,4,295
326,10,1,1,9399
327,27,1,3,1829
328,47,1,3,3101
329,13,13,4,4046
330,47,11,2,4650
331,18,17,5,577
332,18,18,4,4039
333,41,6,2,6844
334,46,14,2,7161
335,25,8,4,9734
336,22,6,2,504
337,33,7,2,1331
338,9,8,3,7381
339,31,2,4,9680
340,37,2,2,2928
341,27,5,2,2296
342,25,13,1,1177
343,12,5,1,3287
344,15,12,1,8124
345,28,19,1,2442
346,11,10,5,5346
347,38,6,3,7153
348,13,19,2,8608
349,2,15,5,4936
350,4,10,1,5167
351,17,17,5,8345
352,5,14,5,3966
353,20,15,4,9238
354,3,4,5,702
355,29,3,5,8221
356,2,6,2,4064
357,2,8,4,5536
358,43,10,5,4793
359,46,17,5,2430
360,28,2,3,2813
361,36,11,5,2208
362,2,4,4,1597
363,2,13,1,7257
364,36,11,2,5663
365,23,11,2,1725
366,24,8,3,3451
367,40,11,3,1765
368,1,20,2,4831
369,3,20,4,493
370,4,19,3,2276
371,49,20,4,5591
372,44,13,2,237
373,15,8,1,1358
374,45,3,3,5364
375,26,10,2,1246
376,32,18,5,4560
377,2,10,3,7347
378,40,17,4,1368
379,50,1,5,1665
380,9,8,1,5865
381,5,10,5,642
382,10,19,4,9448
383,43,7,4,8769
384,23,6,2,4672
385,19,8,3,3273
386,24,3,5,8173
387,16,12,3,870
388,46,4,4,9241
389,38,16,1,2934
390,8,9,1,8359
391,24,11,1,5814
392,8,13,4,6116
393,42,1,4,1963
394,36,8,1,252
395,15,4,3,1915
396,32,8,3,4034
397,16,11,5,9977
398,1,13,1,3453
399,4,10,5,2464
400,999,10,2,9258
401,44,20,3,4886
402,40,16,1,9007
403,26,8,1,6830
404,43,6,4,7029
405,6,13,5,3672
406,47,18,1,9909
407,36,3,1,7670
408,43,12,4,3407
409,11,8,4,7634
410,46,14,3,998
411,45,2,2,6884
412,21,1,1,2432
413,32,18,5,1573
414,1,19,1,3777
415,49,19,3,459
416,25,5,4,7215
417,35,11,4,8693
418,15,15,1,3109
419,47,2,4,2273
420,24,10,2,7637
421,14,11,2,2587
422,13,7,5,3426
423,47,20,4,5785
424,5,15,3,4428
425,28,14,2,4768
426,14,17,5,4098
427,9,20,4,9013
428,25,10,4,2094
429,45,4,3,9933
430,28,3,4,1358
431,36,13,2,898
432,4,5,5,6154
433,11,15,3,5130
434,7,17,3,9730
435,48,14,5,6907
436,4,19,2,574
437,21,5,1,9268
438,45,8,4,6247
439,5,13,3,7586
440,21,14,2,5392
441,34,1,1,6266
442,22,12,1,3028
443,12,18,5,7823
444,21,19,2,9159
445,1,15,3,3899
446,6,9,1,208
447,30,18,1,5126
448,23,6,2,876
449,11,19,3,5729
450,5,14,4,4268
451,50,20,1,9157
452,11,1,1,6924
453,25,12,2,7873
454,50,3,1,3030
455,12,3,3,8654
456,30,18,1,4793
457,37,2,4,8950
458,24,6,4,4568
459,48,4,4,4827
460,48,3,2,391
461,1,12,5,8890
462,28,9,2,1783
463,48,12,3,5958
464,44,19,1,8713
465,7,16,5,4266
466,31,19,1,689
467,23,2,4,4301
468,12,18,5,7791
469,13,20,2,9418
470,26,19,2,2210
471,35,3,1,7217
472,9,2,1,4375
473,41,17,2,8429
474,19,4,1,7367
475,22,6,3,4827
476,20,12,4,8929
477,3,7,4,8389
478,36,15,1,865
479,30,17,2,8427
480,9,14,5,9010
481,11,19,4,5170
482,39,18,4,6427
483,29,14,5,2029
484,15,1,3,2191
485,4,11,1,2974
486,3,4,4,4193
487,10,7,1,5477
488,23,7,4,9847
489,10,1,3,7584
490,39,8,4,5925
491,39,6,5,9923
492,31,3,4,5550
493,25,19,2,3228
494,10,2,1,2108
495,10,13,5,6984
496,44,11,5,3095
497,29,10,5,1473
498,13,17,1,9805
499,24,6,5,461
500,999,5,2,2478
