date,business_unit,account,budget,actual
2025-01-01,Consumer,Revenue,135474.89,143447.18
2025-01-01,Consumer,COGS,80971.36,88491.78
2025-01-01,Consumer,Opex,39745.17,44801.95
2025-01-01,Business,Revenue,129507.72,125085.49
2025-01-01,Business,COGS,78322.09,79320.36
2025-01-01,Business,Opex,46229.82,52353.3
2025-01-01,Enterprise,Revenue,149409.88,149760.18
2025-01-01,Enterprise,COGS,76879.53,86657.62
2025-01-01,Enterprise,Opex,46761.78,51982.34
2025-02-01,Consumer,Revenue,155954.35,163837.38
2025-02-01,Consumer,COGS,84761.06,91410.39
2025-02-01,Consumer,Opex,44403.91,52158.49
2025-02-01,Business,Revenue,132422.19,140878.12
2025-02-01,Business,COGS,71273.14,73077.28
2025-02-01,Business,Opex,36707.03,39303.26
2025-02-01,Enterprise,Revenue,138457.7,150169.22
2025-02-01,Enterprise,COGS,74954.5,65946.2
2025-02-01,Enterprise,Opex,48109.0,43902.28
2025-03-01,Consumer,Revenue,133786.8,146833.21
2025-03-01,Consumer,COGS,72729.79,74722.31
2025-03-01,Consumer,Opex,37441.09,38283.44
2025-03-01,Business,Revenue,155378.61,151825.86
2025-03-01,Business,COGS,85457.78,93834.48
2025-03-01,Business,Opex,36471.42,33772.26
2025-03-01,Enterprise,Revenue,152577.45,153822.65
2025-03-01,Enterprise,COGS,91157.82,80900.39
2025-03-01,Enterprise,Opex,44388.1,41905.18
2025-04-01,Consumer,Revenue,135731.46,139480.4
2025-04-01,Consumer,COGS,89185.27,105363.28
2025-04-01,Consumer,Opex,46037.59,49450.93
2025-04-01,Business,Revenue,133220.05,141822.53
2025-04-01,Business,COGS,70686.87,82176.8
2025-04-01,Business,Opex,37176.94,34909.56
2025-04-01,Enterprise,Revenue,147250.25,140330.18
2025-04-01,Enterprise,COGS,76233.66,84191.61
2025-04-01,Enterprise,Opex,41040.21,36855.9
2025-05-01,Consumer,Revenue,132103.48,131539.75
2025-05-01,Consumer,COGS,68159.87,74241.43
2025-05-01,Consumer,Opex,43993.99,47984.98
2025-05-01,Business,Revenue,139040.85,162654.9
2025-05-01,Business,COGS,91125.92,87197.31
2025-05-01,Business,Opex,44405.93,47339.64
2025-05-01,Enterprise,Revenue,163292.96,170677.5
2025-05-01,Enterprise,COGS,77896.61,80454.48
2025-05-01,Enterprise,Opex,43217.45,44679.57
2025-06-01,Consumer,Revenue,134181.26,120352.05
2025-06-01,Consumer,COGS,78108.22,92511.36
2025-06-01,Consumer,Opex,37345.39,37398.18
2025-06-01,Business,Revenue,158848.08,138580.46
2025-06-01,Business,COGS,68874.76,75414.05
2025-06-01,Business,Opex,45870.44,48747.25
2025-06-01,Enterprise,Revenue,156738.56,137939.68
2025-06-01,Enterprise,COGS,89922.72,98170.74
2025-06-01,Enterprise,Opex,39231.0,46028.05
2025-07-01,Consumer,Revenue,165396.25,187414.59
2025-07-01,Consumer,COGS,90274.88,78549.15
2025-07-01,Consumer,Opex,40189.58,44278.08
2025-07-01,Business,Revenue,167024.04,179808.42
2025-07-01,Business,COGS,89331.46,88115.7
2025-07-01,Business,Opex,44090.33,47056.99
2025-07-01,Enterprise,Revenue,168192.7,161412.49
2025-07-01,Enterprise,COGS,74417.07,81686.12
2025-07-01,Enterprise,Opex,47884.48,53369.67
2025-08-01,Consumer,Revenue,148856.73,139396.31
2025-08-01,Consumer,COGS,90256.29,82608.59
2025-08-01,Consumer,Opex,38387.25,32718.73
2025-08-01,Business,Revenue,170182.68,171905.07
2025-08-01,Business,COGS,68299.5,59619.04
2025-08-01,Business,Opex,46153.57,45132.08
2025-08-01,Enterprise,Revenue,137029.63,141085.5
2025-08-01,Enterprise,COGS,90207.65,87736.12
2025-08-01,Enterprise,Opex,47160.7,41922.6
2025-09-01,Consumer,Revenue,163894.3,172642.02
2025-09-01,Consumer,COGS,83152.95,97203.95
2025-09-01,Consumer,Opex,38402.23,39313.81
2025-09-01,Business,Revenue,146320.36,171763.72
2025-09-01,Business,COGS,90059.08,104994.14
2025-09-01,Business,Opex,44657.12,49942.3
2025-09-01,Enterprise,Revenue,142782.12,142839.23
2025-09-01,Enterprise,COGS,91723.31,81440.06
2025-09-01,Enterprise,Opex,43410.94,44895.75
2025-10-01,Consumer,Revenue,150231.16,175733.74
2025-10-01,Consumer,COGS,84120.25,97960.94
2025-10-01,Consumer,Opex,37833.24,43186.48
2025-10-01,Business,Revenue,128086.74,113109.02
2025-10-01,Business,COGS,83091.64,79293.57
2025-10-01,Business,Opex,36206.49,41521.12
2025-10-01,Enterprise,Revenue,128830.2,114913.83
2025-10-01,Enterprise,COGS,72379.96,81270.43
2025-10-01,Enterprise,Opex,43963.52,50144.71
2025-11-01,Consumer,Revenue,150272.09,170710.51
2025-11-01,Consumer,COGS,70796.1,64426.74
2025-11-01,Consumer,Opex,46590.03,49707.23
2025-11-01,Business,Revenue,136776.4,137002.79
2025-11-01,Business,COGS,75624.1,65929.49
2025-11-01,Business,Opex,47796.93,48266.61
2025-11-01,Enterprise,Revenue,153697.91,166544.8
2025-11-01,Enterprise,COGS,87542.88,78747.76
2025-11-01,Enterprise,Opex,37582.2,36999.2
2025-12-01,Consumer,Revenue,139795.68,155333.83
2025-12-01,Consumer,COGS,75456.65,85296.9
2025-12-01,Consumer,Opex,41242.72,39060.04
2025-12-01,Business,Revenue,152054.41,129450.67
2025-12-01,Business,COGS,89500.77,101229.92
2025-12-01,Business,Opex,39352.17,37504.15
2025-12-01,Enterprise,Revenue,132206.58,154382.18
2025-12-01,Enterprise,COGS,84913.81,97275.8
2025-12-01,Enterprise,Opex,37224.47,35204.39
