customer_id,effective_date,region
1,2025-01-01,North
1,2025-03-01,South
2,2025-01-01,North
2,2025-03-01,South
3,2025-01-01,North
3,2025-03-01,South
4,2025-01-01,North
4,2025-03-01,South
5,2025-01-01,North
5,2025-03-01,South
6,2025-01-01,North
6,2025-03-01,South
7,2025-01-01,North
7,2025-03-01,South
8,2025-01-01,North
8,2025-03-01,South
9,2025-01-01,North
9,2025-03-01,South
10,2025-01-01,North
10,2025-03-01,South
11,2025-01-01,North
11,2025-03-01,South
12,2025-01-01,North
12,2025-03-01,South
13,2025-01-01,North
13,2025-03-01,South
14,2025-01-01,North
14,2025-03-01,South
15,2025-01-01,North
15,2025-03-01,South
16,2025-01-01,North
16,2025-03-01,South
17,2025-01-01,North
17,2025-03-01,South
18,2025-01-01,North
18,2025-03-01,South
19,2025-01-01,North
19,2025-03-01,South
20,2025-01-01,North
20,2025-03-01,South
21,2025-01-01,North
21,2025-03-01,North
22,2025-01-01,North
22,2025-03-01,North
23,2025-01-01,North
23,2025-03-01,North
24,2025-01-01,North
24,2025-03-01,North
25,2025-01-01,North
25,2025-03-01,North
26,2025-01-01,North
26,2025-03-01,North
27,2025-01-01,North
27,2025-03-01,North
28,2025-01-01,North
28,2025-03-01,North
29,2025-01-01,North
29,2025-03-01,North
30,2025-01-01,North
30,2025-03-01,North
31,2025-01-01,North
31,2025-03-01,North
32,2025-01-01,North
32,2025-03-01,North
33,2025-01-01,North
33,2025-03-01,North
34,2025-01-01,North
34,2025-03-01,North
35,2025-01-01,North
35,2025-03-01,North
36,2025-01-01,North
36,2025-03-01,North
37,2025-01-01,North
37,2025-03-01,North
38,2025-01-01,North
38,2025-03-01,North
39,2025-01-01,North
39,2025-03-01,North
40,2025-01-01,North
40,2025-03-01,North
41,2025-01-01,North
41,2025-03-01,North
42,2025-01-01,North
42,2025-03-01,North
43,2025-01-01,North
43,2025-03-01,North
44,2025-01-01,North
44,2025-03-01,North
45,2025-01-01,North
45,2025-03-01,North
46,2025-01-01,North
46,2025-03-01,North
47,2025-01-01,North
47,2025-03-01,North
48,2025-01-01,North
48,2025-03-01,North
49,2025-01-01,North
49,2025-03-01,North
50,2025-01-01,North
50,2025-03-01,North
51,2025-01-01,North
51,2025-03-01,North
52,2025-01-01,North
52,2025-03-01,North
53,2025-01-01,North
53,2025-03-01,North
54,2025-01-01,North
54,2025-03-01,North
55,2025-01-01,North
55,2025-03-01,North
56,2025-01-01,North
56,2025-03-01,North
57,2025-01-01,North
57,2025-03-01,North
58,2025-01-01,North
58,2025-03-01,North
59,2025-01-01,North
59,2025-03-01,North
60,2025-01-01,North
60,2025-03-01,North
