order_id,customer_id,order_date,amount_cents
1,2,2025-03-01,101
2,3,2025-04-15,102
3,4,2025-02-28,103
4,5,2025-03-01,104
5,6,2025-04-15,105
6,7,2025-02-28,106
7,8,2025-03-01,107
8,9,2025-04-15,108
9,10,2025-02-28,109
10,11,2025-03-01,110
11,12,2025-04-15,111
12,13,2025-02-28,112
13,14,2025-03-01,113
14,15,2025-04-15,114
15,16,2025-02-28,115
16,17,2025-03-01,116
17,18,2025-04-15,117
18,19,2025-02-28,118
19,20,2025-03-01,119
20,21,2025-04-15,120
21,22,2025-02-28,121
22,23,2025-03-01,122
23,24,2025-04-15,123
24,25,2025-02-28,124
25,26,2025-03-01,125
26,27,2025-04-15,126
27,28,2025-02-28,127
28,29,2025-03-01,128
29,30,2025-04-15,129
30,31,2025-02-28,130
31,32,2025-03-01,131
32,33,2025-04-15,132
33,34,2025-02-28,133
34,35,2025-03-01,134
35,36,2025-04-15,135
36,37,2025-02-28,136
37,38,2025-03-01,137
38,39,2025-04-15,138
39,40,2025-02-28,139
40,41,2025-03-01,140
41,42,2025-04-15,141
42,43,2025-02-28,142
43,44,2025-03-01,143
44,45,2025-04-15,144
45,46,2025-02-28,145
46,47,2025-03-01,146
47,48,2025-04-15,147
48,49,2025-02-28,148
49,50,2025-03-01,149
50,51,2025-04-15,150
51,52,2025-02-28,151
52,53,2025-03-01,152
53,54,2025-04-15,153
54,55,2025-02-28,154
55,56,2025-03-01,155
56,57,2025-04-15,156
57,58,2025-02-28,157
58,59,2025-03-01,158
59,60,2025-04-15,159
60,1,2025-02-28,160
61,2,2025-03-01,161
62,3,2025-04-15,162
63,4,2025-02-28,163
64,5,2025-03-01,164
65,6,2025-04-15,165
66,7,2025-02-28,166
67,8,2025-03-01,167
68,9,2025-04-15,168
69,10,2025-02-28,169
70,11,2025-03-01,170
71,12,2025-04-15,171
72,13,2025-02-28,172
73,14,2025-03-01,173
74,15,2025-04-15,174
75,16,2025-02-28,175
76,17,2025-03-01,176
77,18,2025-04-15,177
78,19,2025-02-28,178
79,20,2025-03-01,179
80,21,2025-04-15,180
81,22,2025-02-28,181
82,23,2025-03-01,182
83,24,2025-04-15,183
84,25,2025-02-28,184
85,26,2025-03-01,185
86,27,2025-04-15,186
87,28,2025-02-28,187
88,29,2025-03-01,188
89,30,2025-04-15,189
90,31,2025-02-28,190
91,32,2025-03-01,191
92,33,2025-04-15,192
93,34,2025-02-28,193
94,35,2025-03-01,194
95,36,2025-04-15,195
96,37,2025-02-28,196
97,38,2025-03-01,197
98,39,2025-04-15,198
99,40,2025-02-28,199
100,41,2025-03-01,200
101,42,2025-04-15,201
102,43,2025-02-28,202
103,44,2025-03-01,203
104,45,2025-04-15,204
105,46,2025-02-28,205
106,47,2025-03-01,206
107,48,2025-04-15,207
108,49,2025-02-28,208
109,50,2025-03-01,209
110,51,2025-04-15,210
111,52,2025-02-28,211
112,53,2025-03-01,212
113,54,2025-04-15,213
114,55,2025-02-28,214
115,56,2025-03-01,215
116,57,2025-04-15,216
117,58,2025-02-28,217
118,59,2025-03-01,218
119,60,2025-04-15,219
120,1,2025-02-28,220
121,2,2025-03-01,221
122,3,2025-04-15,222
123,4,2025-02-28,223
124,5,2025-03-01,224
125,6,2025-04-15,225
126,7,2025-02-28,226
127,8,2025-03-01,227
128,9,2025-04-15,228
129,10,2025-02-28,229
130,11,2025-03-01,230
131,12,2025-04-15,231
132,13,2025-02-28,232
133,14,2025-03-01,233
134,15,2025-04-15,234
135,16,2025-02-28,235
136,17,2025-03-01,236
137,18,2025-04-15,237
138,19,2025-02-28,238
139,20,2025-03-01,239
140,21,2025-04-15,240
141,22,2025-02-28,241
142,23,2025-03-01,242
143,24,2025-04-15,243
144,25,2025-02-28,244
145,26,2025-03-01,245
146,27,2025-04-15,246
147,28,2025-02-28,247
148,29,2025-03-01,248
149,30,2025-04-15,249
150,31,2025-02-28,250
151,32,2025-03-01,251
152,33,2025-04-15,252
153,34,2025-02-28,253
154,35,2025-03-01,254
155,36,2025-04-15,255
156,37,2025-02-28,256
157,38,2025-03-01,257
158,39,2025-04-15,258
159,40,2025-02-28,259
160,41,2025-03-01,260
161,42,2025-04-15,261
162,43,2025-02-28,262
163,44,2025-03-01,263
164,45,2025-04-15,264
165,46,2025-02-28,265
166,47,2025-03-01,266
167,48,2025-04-15,267
168,49,2025-02-28,268
169,50,2025-03-01,269
170,51,2025-04-15,270
171,52,2025-02-28,271
172,53,2025-03-01,272
173,54,2025-04-15,273
174,55,2025-02-28,274
175,56,2025-03-01,275
176,57,2025-04-15,276
177,58,2025-02-28,277
178,59,2025-03-01,278
179,60,2025-04-15,279
180,1,2025-02-28,280
181,2,2025-03-01,281
182,3,2025-04-15,282
183,4,2025-02-28,283
184,5,2025-03-01,284
185,6,2025-04-15,285
186,7,2025-02-28,286
187,8,2025-03-01,287
188,9,2025-04-15,288
189,10,2025-02-28,289
190,11,2025-03-01,290
191,12,2025-04-15,291
192,13,2025-02-28,292
193,14,2025-03-01,293
194,15,2025-04-15,294
195,16,2025-02-28,295
196,17,2025-03-01,296
197,18,2025-04-15,297
198,19,2025-02-28,298
199,20,2025-03-01,299
200,21,2025-04-15,300
201,22,2025-02-28,301
202,23,2025-03-01,302
203,24,2025-04-15,303
204,25,2025-02-28,304
205,26,2025-03-01,305
206,27,2025-04-15,306
207,28,2025-02-28,307
208,29,2025-03-01,308
209,30,2025-04-15,309
210,31,2025-02-28,310
211,32,2025-03-01,311
212,33,2025-04-15,312
213,34,2025-02-28,313
214,35,2025-03-01,314
215,36,2025-04-15,315
216,37,2025-02-28,316
217,38,2025-03-01,317
218,39,2025-04-15,318
219,40,2025-02-28,319
220,41,2025-03-01,320
221,42,2025-04-15,321
222,43,2025-02-28,322
223,44,2025-03-01,323
224,45,2025-04-15,324
225,46,2025-02-28,325
226,47,2025-03-01,326
227,48,2025-04-15,327
228,49,2025-02-28,328
229,50,2025-03-01,329
230,51,2025-04-15,330
231,52,2025-02-28,331
232,53,2025-03-01,332
233,54,2025-04-15,333
234,55,2025-02-28,334
235,56,2025-03-01,335
236,57,2025-04-15,336
237,58,2025-02-28,337
238,59,2025-03-01,338
239,60,2025-04-15,339
240,1,2025-02-28,340
241,2,2025-03-01,341
242,3,2025-04-15,342
243,4,2025-02-28,343
244,5,2025-03-01,344
245,6,2025-04-15,345
246,7,2025-02-28,346
247,8,2025-03-01,347
248,9,2025-04-15,348
249,10,2025-02-28,349
250,11,2025-03-01,350
251,12,2025-04-15,351
252,13,2025-02-28,352
253,14,2025-03-01,353
254,15,2025-04-15,354
255,16,2025-02-28,355
256,17,2025-03-01,356
257,18,2025-04-15,357
258,19,2025-02-28,358
259,20,2025-03-01,359
260,21,2025-04-15,360
261,22,2025-02-28,361
262,23,2025-03-01,362
263,24,2025-04-15,363
264,25,2025-02-28,364
265,26,2025-03-01,365
266,27,2025-04-15,366
267,28,2025-02-28,367
268,29,2025-03-01,368
269,30,2025-04-15,369
270,31,2025-02-28,370
271,32,2025-03-01,371
272,33,2025-04-15,372
273,34,2025-02-28,373
274,35,2025-03-01,374
275,36,2025-04-15,375
276,37,2025-02-28,376
277,38,2025-03-01,377
278,39,2025-04-15,378
279,40,2025-02-28,379
280,41,2025-03-01,380
281,42,2025-04-15,381
282,43,2025-02-28,382
283,44,2025-03-01,383
284,45,2025-04-15,384
285,46,2025-02-28,385
286,47,2025-03-01,386
287,48,2025-04-15,387
288,49,2025-02-28,388
289,50,2025-03-01,389
290,51,2025-04-15,390
291,52,2025-02-28,391
292,53,2025-03-01,392
293,54,2025-04-15,393
294,55,2025-02-28,394
295,56,2025-03-01,395
296,57,2025-04-15,396
297,58,2025-02-28,397
298,59,2025-03-01,398
299,60,2025-04-15,399
300,1,2025-02-28,400
