invoice_id,customer_id,amount_cents,invoice_date
1,46,226,2025-03-01
2,46,36036,2025-03-01
3,25,1869,2025-03-01
4,1,-5,2025-03-01
5,25,32348,2025-03-01
6,32,42885,2025-03-01
7,39,4416,2025-03-01
8,4,11555,2025-03-01
9,999,38847,2025-03-01
10,6,18762,2025-03-01
11,43,6484,2025-03-01
12,37,7068,2025-03-01
13,30,45009,2025-03-01
14,22,29150,2025-03-01
15,48,8691,2025-03-01
16,2,43515,invalid
17,43,25680,2025-03-01
18,30,3266,2025-03-01
19,31,31370,2025-03-01
20,32,5742,2025-03-01
21,1,333,2025-03-01
22,50,16048,2025-03-01
23,38,32449,2025-03-01
24,16,45114,2025-03-01
25,34,29474,2025-03-01
26,40,22894,2025-03-01
27,28,12420,2025-03-01
28,20,17380,2025-03-01
29,41,5961,2025-03-01
30,44,41250,2025-03-01
31,13,32880,2025-03-01
32,23,44994,2025-03-01
33,23,9627,2025-03-01
34,49,2417,2025-03-01
35,39,908,2025-03-01
36,35,22690,2025-03-01
37,39,28869,2025-03-01
38,40,49258,2025-03-01
39,24,49124,2025-03-01
40,44,5793,2025-03-01
41,45,18417,2025-03-01
42,46,30874,2025-03-01
43,50,3346,2025-03-01
44,37,22605,2025-03-01
45,45,39615,2025-03-01
46,20,20802,2025-03-01
47,18,48910,2025-03-01
48,27,6977,2025-03-01
49,15,27413,2025-03-01
50,7,1842,2025-03-01
51,44,13387,2025-03-01
52,21,43564,2025-03-01
53,42,47855,2025-03-01
54,12,12039,2025-03-01
55,30,10864,2025-03-01
56,27,37964,2025-03-01
57,49,12051,2025-03-01
58,26,1779,2025-03-01
59,27,22851,2025-03-01
60,2,44323,2025-03-01
61,3,7009,2025-03-01
62,39,47600,2025-03-01
63,47,16026,2025-03-01
64,3,20561,2025-03-01
65,41,48088,2025-03-01
66,29,34567,2025-03-01
67,3,43972,2025-03-01
68,47,3619,2025-03-01
69,15,15437,2025-03-01
70,21,18741,2025-03-01
71,7,30957,2025-03-01
72,45,38880,2025-03-01
73,47,16739,2025-03-01
74,36,33970,2025-03-01
75,28,4001,2025-03-01
76,2,35326,2025-03-01
77,48,34559,2025-03-01
78,40,39358,2025-03-01
79,48,16235,2025-03-01
80,42,46947,2025-03-01
81,33,18935,2025-03-01
82,17,12597,2025-03-01
83,3,13504,2025-03-01
84,41,48462,2025-03-01
85,29,926,2025-03-01
86,20,5792,2025-03-01
87,14,24890,2025-03-01
88,47,969,2025-03-01
89,22,38932,2025-03-01
90,37,38624,2025-03-01
91,18,46888,2025-03-01
92,21,45696,2025-03-01
93,35,1418,2025-03-01
94,42,3790,2025-03-01
95,6,20375,2025-03-01
96,20,14008,2025-03-01
97,49,16256,2025-03-01
98,2,27234,2025-03-01
99,44,21992,2025-03-01
100,42,19422,2025-03-01
101,28,16690,2025-03-01
102,2,9917,2025-03-01
103,14,37118,2025-03-01
104,20,11514,2025-03-01
105,8,13794,2025-03-01
106,25,48951,2025-03-01
107,22,2249,2025-03-01
108,22,23683,2025-03-01
109,30,35407,2025-03-01
110,4,40507,2025-03-01
111,4,15282,2025-03-01
112,14,16678,2025-03-01
113,50,14937,2025-03-01
114,23,31462,2025-03-01
115,38,17642,2025-03-01
116,43,23704,2025-03-01
117,17,8366,2025-03-01
118,36,8041,2025-03-01
119,48,44969,2025-03-01
120,8,4092,2025-03-01
121,15,23497,2025-03-01
122,29,33127,2025-03-01
123,3,29156,2025-03-01
124,9,44997,2025-03-01
125,36,35482,2025-03-01
126,2,34617,2025-03-01
127,28,47985,2025-03-01
128,7,23927,2025-03-01
129,35,13619,2025-03-01
130,31,5788,2025-03-01
131,47,40250,2025-03-01
132,22,32178,2025-03-01
133,13,4195,2025-03-01
134,22,42761,2025-03-01
135,7,4247,2025-03-01
136,18,42211,2025-03-01
137,29,25993,2025-03-01
138,46,34429,2025-03-01
139,39,44648,2025-03-01
140,2,12558,2025-03-01
141,39,36737,2025-03-01
142,35,35556,2025-03-01
143,30,21312,2025-03-01
144,43,26057,2025-03-01
145,19,21827,2025-03-01
146,45,7894,2025-03-01
147,32,723,2025-03-01
148,21,26504,2025-03-01
149,49,29174,2025-03-01
150,6,12584,2025-03-01
151,14,2009,2025-03-01
152,42,19006,2025-03-01
153,12,32968,2025-03-01
154,39,32057,2025-03-01
155,46,8674,2025-03-01
156,25,39359,2025-03-01
157,25,22667,2025-03-01
158,29,27359,2025-03-01
159,34,14674,2025-03-01
160,30,47469,2025-03-01
161,3,17073,2025-03-01
162,8,521,2025-03-01
163,26,16251,2025-03-01
164,43,6543,2025-03-01
165,12,30046,2025-03-01
166,17,20673,2025-03-01
167,40,27322,2025-03-01
168,22,30976,2025-03-01
169,44,49119,2025-03-01
170,18,29105,2025-03-01
171,13,32729,2025-03-01
172,46,14677,2025-03-01
173,9,1603,2025-03-01
174,31,602,2025-03-01
175,35,5546,2025-03-01
176,35,48237,2025-03-01
177,2,34318,2025-03-01
178,32,45850,2025-03-01
179,14,3972,2025-03-01
180,38,28311,2025-03-01
181,19,38000,2025-03-01
182,3,48023,2025-03-01
183,18,41859,2025-03-01
184,13,43757,2025-03-01
185,30,16813,2025-03-01
186,24,49380,2025-03-01
187,27,14096,2025-03-01
188,12,5207,2025-03-01
189,38,31915,2025-03-01
190,32,34665,2025-03-01
191,34,41888,2025-03-01
192,38,40091,2025-03-01
193,21,41902,2025-03-01
194,16,1612,2025-03-01
195,32,10606,2025-03-01
196,46,44308,2025-03-01
197,3,17762,2025-03-01
198,44,9954,2025-03-01
199,27,25476,2025-03-01
200,12,26523,2025-03-01
201,46,34424,2025-03-01
202,22,27151,2025-03-01
203,36,21580,2025-03-01
204,28,35928,2025-03-01
205,29,2297,2025-03-01
206,21,30784,2025-03-01
207,26,26140,2025-03-01
208,50,8402,2025-03-01
209,49,14726,2025-03-01
210,21,34399,2025-03-01
211,24,48622,2025-03-01
212,44,44407,2025-03-01
213,7,29545,2025-03-01
214,8,12148,2025-03-01
215,25,24128,2025-03-01
216,40,49560,2025-03-01
217,39,43717,2025-03-01
218,22,49605,2025-03-01
219,10,48286,2025-03-01
220,1,17730,2025-03-01
221,26,15022,2025-03-01
222,7,40778,2025-03-01
223,28,12387,2025-03-01
224,15,23798,2025-03-01
225,6,15707,2025-03-01
226,35,18792,2025-03-01
227,13,46336,2025-03-01
228,31,999,2025-03-01
229,16,34844,2025-03-01
230,11,26162,2025-03-01
231,27,46502,2025-03-01
232,19,29346,2025-03-01
233,29,40687,2025-03-01
234,32,28041,2025-03-01
235,21,5766,2025-03-01
236,40,42526,2025-03-01
237,49,6835,2025-03-01
238,7,49749,2025-03-01
239,49,22343,2025-03-01
240,22,12224,2025-03-01
241,19,19111,2025-03-01
242,22,33449,2025-03-01
243,1,3608,2025-03-01
244,12,30229,2025-03-01
245,16,13895,2025-03-01
246,19,14973,2025-03-01
247,36,10452,2025-03-01
248,11,31015,2025-03-01
249,33,27840,2025-03-01
250,47,32327,2025-03-01
251,2,14486,2025-03-01
252,41,14131,2025-03-01
253,6,42970,2025-03-01
254,41,13911,2025-03-01
255,24,19091,2025-03-01
256,4,46400,2025-03-01
257,25,9647,2025-03-01
258,46,47655,2025-03-01
259,35,44504,2025-03-01
260,11,36099,2025-03-01
261,38,39234,2025-03-01
262,19,40377,2025-03-01
263,39,11564,2025-03-01
264,35,18901,2025-03-01
265,47,35872,2025-03-01
266,49,17783,2025-03-01
267,31,29810,2025-03-01
268,45,33019,2025-03-01
269,43,23741,2025-03-01
270,35,12731,2025-03-01
271,19,49416,2025-03-01
272,10,13689,2025-03-01
273,2,20143,2025-03-01
274,39,35109,2025-03-01
275,13,12645,2025-03-01
276,6,16445,2025-03-01
277,29,26078,2025-03-01
278,11,1491,2025-03-01
279,30,19263,2025-03-01
280,23,40310,2025-03-01
281,38,29837,2025-03-01
282,11,33407,2025-03-01
283,26,23819,2025-03-01
284,10,680,2025-03-01
285,7,34085,2025-03-01
286,17,3225,2025-03-01
287,28,40977,2025-03-01
288,28,8824,2025-03-01
289,41,25998,2025-03-01
290,13,31011,2025-03-01
291,36,24547,2025-03-01
292,46,17242,2025-03-01
293,17,138,2025-03-01
294,40,18423,2025-03-01
295,24,32221,2025-03-01
296,18,43339,2025-03-01
297,2,19443,2025-03-01
298,34,30753,2025-03-01
299,18,18880,2025-03-01
300,5,49593,2025-03-01
31,13,32880,2025-03-01
