customer_id,source_version,op
1,1,I
2,1,I
3,1,I
4,1,I
5,1,I
6,1,I
7,1,I
8,1,I
9,1,I
10,1,I
11,1,I
12,1,I
13,1,I
14,1,I
15,1,I
16,1,I
17,1,I
18,1,I
19,1,I
20,1,I
21,1,I
22,1,I
23,1,I
24,1,I
25,1,I
26,1,I
27,1,I
28,1,I
29,1,I
30,1,I
31,1,I
32,1,I
33,1,I
34,1,I
35,1,I
36,1,I
37,1,I
38,1,I
39,1,I
40,1,I
41,1,I
42,1,I
43,1,I
44,1,I
45,1,I
46,1,I
47,1,I
48,1,I
49,1,I
50,1,I
51,1,I
52,1,I
53,1,I
54,1,I
55,1,I
56,1,I
57,1,I
58,1,I
59,1,I
60,1,I
61,1,I
62,1,I
63,1,I
64,1,I
65,1,I
66,1,I
67,1,I
68,1,I
69,1,I
70,1,I
71,1,I
72,1,I
73,1,I
74,1,I
75,1,I
76,1,I
77,1,I
78,1,I
79,1,I
80,1,I
81,1,I
82,1,I
83,1,I
84,1,I
85,1,I
86,1,I
87,1,I
88,1,I
89,1,I
90,1,I
91,1,I
92,1,I
93,1,I
94,1,I
95,1,I
96,1,I
97,1,I
98,1,I
99,1,I
100,1,I
101,1,I
102,1,I
103,1,I
104,1,I
105,1,I
106,1,I
107,1,I
108,1,I
109,1,I
110,1,I
111,1,I
112,1,I
113,1,I
114,1,I
115,1,I
116,1,I
117,1,I
118,1,I
119,1,I
120,1,I
121,1,I
122,1,I
123,1,I
124,1,I
125,1,I
126,1,I
127,1,I
128,1,I
129,1,I
130,1,I
131,1,I
132,1,I
133,1,I
134,1,I
135,1,I
136,1,I
137,1,I
138,1,I
139,1,I
140,1,I
141,1,I
142,1,I
143,1,I
144,1,I
145,1,I
146,1,I
147,1,I
148,1,I
149,1,I
150,1,I
1,2,U
2,2,U
3,2,U
4,2,U
5,2,U
6,2,U
7,2,U
8,2,U
9,2,U
10,2,U
11,2,U
12,2,U
13,2,U
14,2,U
15,2,U
16,2,U
17,2,U
18,2,U
19,2,U
20,2,U
21,2,U
22,2,U
23,2,U
24,2,U
25,2,U
26,2,U
27,2,U
28,2,U
29,2,U
30,2,U
31,2,U
32,2,U
33,2,U
34,2,U
35,2,U
36,2,U
37,2,U
38,2,U
39,2,U
40,2,U
41,2,U
42,2,U
43,2,U
44,2,U
45,2,U
46,2,U
47,2,U
48,2,U
49,2,U
50,2,U
1,3,D
2,3,D
3,3,D
4,3,D
5,3,D
6,3,D
7,3,D
8,3,D
9,3,D
10,3,D
11,3,D
12,3,D
13,3,D
14,3,D
15,3,D
