customer_id,source_version,balance_cents,deleted
1,3,,1
2,3,,1
3,3,,1
4,3,,1
5,3,,1
6,3,,1
7,3,,1
8,3,,1
9,3,,1
10,3,,1
11,3,,1
12,3,,1
13,3,,1
14,3,,1
15,3,,1
16,2,20016.0,0
17,2,20017.0,0
18,2,20018.0,0
19,2,20019.0,0
20,2,20020.0,0
21,2,20021.0,0
22,2,20022.0,0
23,2,20023.0,0
24,2,20024.0,0
25,2,20025.0,0
26,2,20026.0,0
27,2,20027.0,0
28,2,20028.0,0
29,2,20029.0,0
30,2,20030.0,0
31,2,20031.0,0
32,2,20032.0,0
33,2,20033.0,0
34,2,20034.0,0
35,2,20035.0,0
36,2,20036.0,0
37,2,20037.0,0
38,2,20038.0,0
39,2,20039.0,0
40,2,20040.0,0
41,2,20041.0,0
42,2,20042.0,0
43,2,20043.0,0
44,2,20044.0,0
45,2,20045.0,0
46,2,20046.0,0
47,2,20047.0,0
48,2,20048.0,0
49,2,20049.0,0
50,2,20050.0,0
51,1,9502.0,0
52,1,5844.0,0
53,1,104.0,0
54,1,5710.0,0
55,1,2562.0,0
56,1,3189.0,0
57,1,8691.0,0
58,1,5648.0,0
59,1,8230.0,0
60,1,6669.0,0
61,1,7325.0,0
62,1,6754.0,0
63,1,6986.0,0
64,1,4927.0,0
65,1,7961.0,0
66,1,4816.0,0
67,1,7753.0,0
68,1,8627.0,0
69,1,1997.0,0
70,1,2925.0,0
71,1,8140.0,0
72,1,9555.0,0
73,1,2949.0,0
74,1,1893.0,0
75,1,489.0,0
76,1,3867.0,0
77,1,7206.0,0
78,1,8467.0,0
79,1,4302.0,0
80,1,8054.0,0
81,1,1081.0,0
82,1,3990.0,0
83,1,3672.0,0
84,1,5206.0,0
85,1,3888.0,0
86,1,8518.0,0
87,1,4360.0,0
88,1,6444.0,0
89,1,416.0,0
90,1,1386.0,0
91,1,9662.0,0
92,1,9326.0,0
93,1,8623.0,0
94,1,9618.0,0
95,1,8510.0,0
96,1,5509.0,0
97,1,8402.0,0
98,1,7992.0,0
99,1,6324.0,0
100,1,565.0,0
101,1,6942.0,0
102,1,1325.0,0
103,1,4247.0,0
104,1,868.0,0
105,1,6904.0,0
106,1,6435.0,0
107,1,1496.0,0
108,1,4444.0,0
109,1,4379.0,0
110,1,5429.0,0
111,1,3704.0,0
112,1,7679.0,0
113,1,2855.0,0
114,1,3170.0,0
115,1,1364.0,0
116,1,5070.0,0
117,1,4957.0,0
118,1,5078.0,0
119,1,2167.0,0
120,1,9368.0,0
121,1,3515.0,0
122,1,1847.0,0
123,1,1873.0,0
124,1,533.0,0
125,1,8610.0,0
126,1,8989.0,0
127,1,9910.0,0
128,1,4825.0,0
129,1,7956.0,0
130,1,2672.0,0
131,1,5917.0,0
132,1,6201.0,0
133,1,3592.0,0
134,1,9904.0,0
135,1,5842.0,0
136,1,706.0,0
137,1,8495.0,0
138,1,3368.0,0
139,1,4262.0,0
140,1,1120.0,0
141,1,6340.0,0
142,1,447.0,0
143,1,1469.0,0
144,1,6106.0,0
145,1,8088.0,0
146,1,8818.0,0
147,1,5160.0,0
148,1,5220.0,0
149,1,6671.0,0
150,1,9180.0,0
