order_id,customer_sk,product_sk,quantity,amount_cents
1,37,9,3,27879
2,5,8,2,6978
3,13,12,2,13000
4,23,19,1,9660
5,27,4,4,10948
6,18,18,5,7580
7,13,8,2,4294
8,20,3,1,4093
9,42,17,2,2180
10,16,12,3,29277
11,41,14,3,6336
12,18,14,5,34910
13,3,15,2,12296
14,23,5,5,48920
15,35,14,1,5753
16,5,18,3,14580
17,36,10,5,22920
18,39,20,5,5480
19,31,15,3,13116
20,12,6,4,17380
21,38,2,5,5735
22,48,18,4,18556
23,19,6,2,8726
24,7,14,4,20792
25,43,8,4,18760
26,33,2,5,9715
27,36,15,1,6510
28,18,9,1,3412
29,48,20,5,31950
30,40,16,3,18669
31,6,2,2,17788
32,13,18,2,12714
33,34,16,5,1260
34,45,2,1,8845
35,47,16,5,8995
36,1,19,5,3020
37,9,13,3,10428
38,16,13,2,642
39,6,3,2,16070
40,2,18,2,5144
41,37,16,5,27360
42,43,2,3,1911
43,50,3,2,1236
44,41,9,3,11412
45,45,18,3,24876
46,33,2,4,24652
47,20,4,4,31400
48,42,17,2,3578
49,13,11,2,15606
50,48,18,2,1346
51,43,6,2,15926
52,7,10,4,1972
53,7,9,5,2340
54,10,1,1,5268
55,19,1,1,1888
56,5,7,4,31828
57,47,19,3,21300
58,43,3,1,5906
59,13,16,5,17195
60,26,14,1,6571
61,35,13,4,11588
62,34,9,5,42180
63,32,10,2,6998
64,44,15,1,8258
65,42,6,5,8940
66,15,6,4,34604
67,8,11,2,6718
68,40,12,5,44715
69,2,10,1,3312
70,47,17,4,2240
71,39,15,2,14514
72,40,8,5,12185
73,31,1,3,8652
74,17,8,2,4368
75,12,13,3,26877
76,7,9,4,13496
77,21,10,3,24393
78,14,11,3,16659
79,12,1,3,3609
80,10,11,1,4081
81,3,11,4,21208
82,29,8,4,22968
83,36,4,2,17876
84,22,6,2,14090
85,5,3,4,20428
86,11,10,4,5940
87,40,17,2,19900
88,7,9,1,3615
89,9,12,5,24810
90,21,20,3,2580
91,7,12,4,6660
92,26,6,3,16569
93,19,9,5,13825
94,15,4,2,17194
95,22,17,3,13398
96,24,12,5,46210
97,33,3,4,36236
98,4,17,1,5091
99,43,14,2,6140
100,0,13,3,25458
101,40,7,5,21220
102,7,20,3,10602
103,16,8,1,3929
104,10,17,2,728
105,48,8,1,8485
106,22,2,3,6957
107,30,3,4,34004
108,38,3,3,25653
109,44,5,2,2568
110,35,19,4,1956
111,10,17,4,36856
112,50,8,5,7090
113,25,13,1,8991
114,38,7,1,4789
115,43,20,4,23324
116,47,11,3,25794
117,38,15,2,6604
118,9,19,1,3311
119,49,13,3,12888
120,50,13,4,30724
121,30,19,1,9844
122,35,17,3,25530
123,8,6,1,3033
124,21,10,2,11356
125,46,18,1,9833
126,47,2,1,3676
127,11,14,4,32844
128,40,20,3,10677
129,38,18,4,14528
130,35,3,2,2056
131,37,6,5,41720
132,10,6,1,2113
133,5,1,2,18304
134,30,17,3,29073
135,7,7,2,17534
136,3,12,5,11645
137,14,8,1,325
138,39,18,3,2616
139,37,10,3,27057
140,27,14,5,5840
141,49,16,5,7610
142,26,5,4,8376
143,5,17,4,29796
144,33,19,1,1629
145,44,1,4,18224
146,45,13,5,42715
147,19,4,5,11825
148,13,17,1,7418
149,41,15,2,10580
150,41,8,4,22128
151,6,14,5,19500
152,8,11,4,14380
153,2,15,4,7392
154,13,18,2,12696
155,22,9,1,799
156,9,6,5,11010
157,15,10,4,21572
158,27,9,4,37264
159,10,12,5,16710
160,29,15,4,31864
161,36,7,4,29444
162,22,18,5,15290
163,41,17,4,6788
164,15,13,2,2648
165,1,4,3,22362
166,43,17,3,13266
167,24,6,5,9365
168,5,20,4,12448
169,39,16,3,27453
170,24,17,4,10140
171,31,6,2,3182
172,42,2,4,6392
173,46,11,1,1056
174,9,4,4,11924
175,31,3,2,15386
176,20,1,3,17580
177,17,3,1,2565
178,3,17,4,11096
179,24,12,3,24354
180,22,5,2,15734
181,4,4,5,7660
182,26,11,5,41660
183,10,8,5,10985
184,28,8,4,32852
185,25,4,2,9884
186,43,4,2,10252
187,27,16,2,12080
188,8,1,3,2487
189,21,4,1,1569
190,48,10,1,526
191,40,20,5,45825
192,13,13,4,23172
193,10,11,1,3044
194,47,19,5,30370
195,20,17,1,1665
196,39,15,2,15310
197,21,20,3,17436
198,16,10,4,25464
199,44,11,2,6568
200,0,19,4,29256
201,11,5,1,847
202,30,3,4,32364
203,13,9,3,16929
204,15,9,4,2636
205,37,20,3,27708
206,47,2,5,42210
207,24,20,2,8288
208,36,10,2,9104
209,47,7,4,12308
210,8,12,3,12267
211,25,2,4,14664
212,50,9,5,20945
213,18,2,3,19695
214,23,19,4,27092
215,38,5,3,3981
216,50,2,2,4502
217,46,18,2,4870
218,33,14,4,15764
219,12,5,3,23781
220,4,3,1,3095
221,41,9,3,24069
222,25,1,4,11924
223,18,14,1,9909
224,41,6,5,39895
225,18,14,1,5251
226,8,1,1,2142
227,25,9,2,9292
228,15,9,3,15996
229,47,4,1,8745
230,17,5,1,6885
231,40,5,5,39115
232,8,13,3,23988
233,22,10,1,305
234,32,4,1,8430
235,37,20,4,33052
236,11,6,1,6602
237,42,2,5,40710
238,5,15,3,18906
239,28,14,4,34232
240,31,1,5,1545
241,38,5,4,6520
242,37,8,4,27540
243,7,5,2,15360
244,36,8,4,28276
245,20,15,1,4849
246,48,3,3,25917
247,44,1,3,12972
248,39,11,3,28686
249,2,19,4,31828
250,25,10,4,12716
251,43,19,3,9870
252,14,4,4,9444
253,45,11,5,16975
254,7,20,5,48365
255,5,16,1,533
256,50,13,3,8460
257,2,4,4,12832
258,19,13,2,10666
259,2,5,5,16960
260,3,18,2,17098
261,30,8,3,14412
262,45,9,2,12040
263,27,10,2,12360
264,32,8,4,11668
265,49,19,5,37525
266,44,16,4,3768
267,8,11,3,29085
268,24,3,2,7046
269,29,16,1,3502
270,45,20,1,6126
271,20,17,5,35040
272,48,12,1,8613
273,11,14,4,31816
274,19,18,5,48140
275,44,14,1,7260
276,10,11,2,2412
277,43,3,3,12954
278,43,7,5,38720
279,50,18,2,15692
280,23,15,3,22197
281,16,20,4,4312
282,16,1,2,19420
283,50,19,1,7840
284,22,5,3,20844
285,19,1,1,2329
286,14,6,2,4414
287,3,17,2,3636
288,15,16,3,15339
289,3,14,4,36984
290,42,9,3,16317
291,29,18,4,29408
292,47,10,4,24792
293,1,11,3,18015
294,30,2,4,38592
295,22,19,1,261
296,43,8,4,14924
297,21,13,3,3513
298,17,15,5,22510
299,30,15,4,3748
300,0,8,2,7350
301,30,10,5,40035
302,40,18,5,26165
303,22,6,4,1404
304,13,18,4,20928
305,38,15,4,36992
306,13,1,3,12783
307,8,17,2,11182
308,38,14,2,17414
309,48,8,2,6574
310,44,15,4,11296
311,27,19,3,10416
312,22,4,2,4880
313,7,13,3,10356
314,8,14,3,7287
315,45,8,3,9984
316,20,1,3,26043
317,15,19,2,6082
318,14,3,2,10610
319,19,12,3,16527
320,45,7,1,1623
321,33,9,4,37916
322,43,19,5,46035
323,20,14,3,6621
324,26,6,5,15055
325,40,3,4,1180
326,10,1,1,9399
327,27,1,3,5487
328,47,1,3,9303
329,13,13,4,16184
330,47,11,2,9300
331,18,17,5,2885
332,18,18,4,16156
333,41,6,2,13688
334,46,14,2,14322
335,25,8,4,38936
336,22,6,2,1008
337,33,7,2,2662
338,9,8,3,22143
339,31,2,4,38720
340,37,2,2,5856
341,27,5,2,4592
342,25,13,1,1177
343,12,5,1,3287
344,15,12,1,8124
345,28,19,1,2442
346,11,10,5,26730
347,38,6,3,21459
348,13,19,2,17216
349,2,15,5,24680
350,4,10,1,5167
351,17,17,5,41725
352,5,14,5,19830
353,20,15,4,36952
354,3,4,5,3510
355,29,3,5,41105
356,2,6,2,8128
357,2,8,4,22144
358,43,10,5,23965
359,46,17,5,12150
360,28,2,3,8439
361,36,11,5,11040
362,2,4,4,6388
363,2,13,1,7257
364,36,11,2,11326
365,23,11,2,3450
366,24,8,3,10353
367,40,11,3,5295
368,1,20,2,9662
369,3,20,4,1972
370,4,19,3,6828
371,49,20,4,22364
372,44,13,2,474
373,15,8,1,1358
374,45,3,3,16092
375,26,10,2,2492
376,32,18,5,22800
377,2,10,3,22041
378,40,17,4,5472
379,50,1,5,8325
380,9,8,1,5865
381,5,10,5,3210
382,10,19,4,37792
383,43,7,4,35076
384,23,6,2,9344
385,19,8,3,9819
386,24,3,5,40865
387,16,12,3,2610
388,46,4,4,36964
389,38,16,1,2934
390,8,9,1,8359
391,24,11,1,5814
392,8,13,4,24464
393,42,1,4,7852
394,36,8,1,252
395,15,4,3,5745
396,32,8,3,12102
397,16,11,5,49885
398,1,13,1,3453
399,4,10,5,12320
400,0,10,2,18516
401,44,20,3,14658
402,40,16,1,9007
403,26,8,1,6830
404,43,6,4,28116
405,6,13,5,18360
406,47,18,1,9909
407,36,3,1,7670
408,43,12,4,13628
409,11,8,4,30536
410,46,14,3,2994
411,45,2,2,13768
412,21,1,1,2432
413,32,18,5,7865
414,1,19,1,3777
415,49,19,3,1377
416,25,5,4,28860
417,35,11,4,34772
418,15,15,1,3109
419,47,2,4,9092
420,24,10,2,15274
421,14,11,2,5174
422,13,7,5,17130
423,47,20,4,23140
424,5,15,3,13284
425,28,14,2,9536
426,14,17,5,20490
427,9,20,4,36052
428,25,10,4,8376
429,45,4,3,29799
430,28,3,4,5432
431,36,13,2,1796
432,4,5,5,30770
433,11,15,3,15390
434,7,17,3,29190
435,48,14,5,34535
436,4,19,2,1148
437,21,5,1,9268
438,45,8,4,24988
439,5,13,3,22758
440,21,14,2,10784
441,34,1,1,6266
442,22,12,1,3028
443,12,18,5,39115
444,21,19,2,18318
445,1,15,3,11697
446,6,9,1,208
447,30,18,1,5126
448,23,6,2,1752
449,11,19,3,17187
450,5,14,4,17072
451,50,20,1,9157
452,11,1,1,6924
453,25,12,2,15746
454,50,3,1,3030
455,12,3,3,25962
456,30,18,1,4793
457,37,2,4,35800
458,24,6,4,18272
459,48,4,4,19308
460,48,3,2,782
461,1,12,5,44450
462,28,9,2,3566
463,48,12,3,17874
464,44,19,1,8713
465,7,16,5,21330
466,31,19,1,689
467,23,2,4,17204
468,12,18,5,38955
469,13,20,2,18836
470,26,19,2,4420
471,35,3,1,7217
472,9,2,1,4375
473,41,17,2,16858
474,19,4,1,7367
475,22,6,3,14481
476,20,12,4,35716
477,3,7,4,33556
478,36,15,1,865
479,30,17,2,16854
480,9,14,5,45050
481,11,19,4,20680
482,39,18,4,25708
483,29,14,5,10145
484,15,1,3,6573
485,4,11,1,2974
486,3,4,4,16772
487,10,7,1,5477
488,23,7,4,39388
489,10,1,3,22752
490,39,8,4,23700
491,39,6,5,49615
492,31,3,4,22200
493,25,19,2,6456
494,10,2,1,2108
495,10,13,5,34920
496,44,11,5,15475
497,29,10,5,7365
498,13,17,1,9805
499,24,6,5,2305
500,0,5,2,4956
