customer_id,last_order,frequency,monetary,recency_days,segment
1,2025-04-18,1,119.2,258,One-time
2,2025-11-15,4,392.46,47,Developing
3,2025-12-21,5,356.90999999999997,11,Developing
4,2025-12-17,5,555.77,15,Developing
6,2025-10-31,4,464.79,62,Developing
7,2025-11-07,7,973.3,55,Developing
8,2025-12-15,7,502.45,17,Champions
9,2025-12-19,5,695.62,13,Developing
10,2025-09-09,6,958.8000000000001,114,At risk high value
11,2025-10-30,1,156.75,63,One-time
12,2025-12-13,7,1303.18,19,Champions
13,2025-12-05,8,970.11,27,Champions
14,2025-08-08,3,718.75,146,At risk high value
15,2025-12-03,8,892.53,29,Champions
16,2025-11-03,4,528.72,59,Developing
17,2025-11-07,4,453.78999999999996,55,Developing
18,2025-12-22,8,993.11,10,Champions
19,2025-12-22,7,1491.24,10,Champions
20,2025-11-30,4,393.11,32,Developing
21,2025-09-15,6,552.65,108,At risk high value
22,2025-11-03,5,681.04,59,Developing
23,2025-09-15,8,1006.53,108,At risk high value
24,2025-08-10,3,310.38,144,Developing
25,2025-11-16,5,766.3299999999999,46,Developing
26,2025-11-02,6,516.14,60,Developing
27,2025-12-18,8,675.72,14,Champions
28,2025-09-03,5,1093.87,120,At risk high value
29,2025-09-07,4,766.47,116,At risk high value
30,2025-06-26,6,599.86,189,At risk high value
31,2025-12-24,6,1075.51,8,Champions
32,2025-09-14,2,338.19,109,Developing
33,2025-12-28,4,385.84000000000003,4,Developing
34,2025-10-28,5,235.25,65,Developing
35,2025-09-27,5,926.02,96,At risk high value
36,2025-09-15,3,311.94,108,Developing
37,2025-07-18,3,122.38999999999999,167,Developing
38,2025-10-10,3,374.45,83,Developing
39,2025-07-28,4,346.52,157,Developing
40,2025-04-12,2,240.65,264,Developing
41,2025-09-21,3,483.9,102,Developing
42,2025-12-27,11,1823.8,5,Champions
43,2025-09-12,3,233.55,111,Developing
44,2025-10-10,5,329.11,83,Developing
45,2025-12-31,5,286.76,1,Developing
46,2025-09-13,3,429.45,110,Developing
47,2025-10-07,5,602.7,86,Developing
48,2025-08-02,4,400.38,152,Developing
49,2025-05-06,1,243.94,240,One-time
50,2025-12-19,3,737.7,13,Developing
51,2025-11-29,9,1192.53,33,Champions
52,2025-11-05,6,691.6800000000001,57,Developing
53,2025-08-17,6,789.28,137,At risk high value
54,2025-12-13,7,1057.35,19,Champions
55,2025-12-08,6,877.8,24,Champions
56,2025-12-22,7,991.75,10,Champions
57,2025-12-13,3,384.91999999999996,19,Developing
59,2025-09-20,5,497.32,103,Developing
60,2025-08-11,4,517.51,143,At risk high value
61,2025-08-09,5,468.19000000000005,145,Developing
62,2025-12-06,7,1469.95,26,Champions
63,2025-12-04,4,746.67,28,Developing
64,2025-12-17,1,228.03,15,One-time
65,2025-09-16,4,550.24,107,At risk high value
66,2025-09-16,7,1730.66,107,At risk high value
67,2025-12-29,10,1182.4099999999999,3,Champions
68,2025-12-10,9,933.94,22,Champions
69,2025-07-26,3,632.75,159,At risk high value
70,2025-10-15,5,849.3,78,Developing
71,2025-12-23,9,928.15,9,Champions
72,2025-12-04,7,434.47,28,Champions
73,2025-09-11,7,888.76,112,At risk high value
74,2025-06-24,4,289.53999999999996,191,Developing
75,2025-11-24,4,527.7,38,Developing
76,2025-11-22,9,823.4399999999999,40,Champions
77,2025-12-12,7,1200.1299999999999,20,Champions
78,2025-07-24,5,524.61,161,At risk high value
79,2025-12-28,6,539.92,4,Champions
80,2025-12-03,3,112.84,29,Developing
81,2025-10-23,5,1135.02,70,Developing
82,2025-10-24,3,164.46,69,Developing
83,2025-11-16,6,831.19,46,Developing
84,2025-12-31,4,320.14,1,Developing
85,2025-11-24,4,310.06,38,Developing
86,2025-06-15,3,278.8,200,Developing
87,2025-12-27,6,767.52,5,Champions
88,2025-11-28,8,1301.41,34,Champions
89,2025-09-25,6,592.1,98,At risk high value
90,2025-09-28,3,207.64000000000001,95,Developing
91,2025-06-22,5,657.76,193,At risk high value
92,2025-12-18,6,1155.21,14,Champions
93,2025-12-09,7,1000.37,23,Champions
94,2025-11-06,6,824.31,56,Developing
95,2025-08-06,2,466.91,148,Developing
96,2025-11-27,3,206.53,35,Developing
97,2025-12-13,7,1023.31,19,Champions
98,2025-03-29,2,227.49,278,Developing
99,2025-12-05,3,247.15,27,Developing
100,2025-09-03,2,231.82999999999998,120,Developing
101,2025-11-03,6,680.16,59,Developing
102,2025-12-07,4,417.98,25,Developing
103,2025-06-18,5,828.61,197,At risk high value
104,2025-11-15,3,366.81,47,Developing
105,2025-11-23,5,903.16,39,Developing
106,2025-11-22,9,909.57,40,Champions
107,2025-07-09,8,903.58,176,At risk high value
108,2025-02-11,3,496.20000000000005,324,Developing
109,2025-08-10,5,474.27000000000004,144,Developing
110,2025-12-23,6,851.72,9,Champions
111,2025-08-23,3,349.19,131,Developing
112,2025-12-08,8,1026.73,24,Champions
113,2025-12-24,4,609.01,8,Developing
114,2025-12-22,9,1321.3899999999999,10,Champions
115,2025-12-29,6,926.7199999999999,3,Champions
116,2025-06-18,3,399.8,197,Developing
117,2025-12-13,4,567.0600000000001,19,Developing
118,2025-12-22,9,924.6400000000001,10,Champions
119,2025-10-31,7,871.95,62,Developing
120,2025-12-02,5,417.41999999999996,30,Developing
121,2025-12-26,7,1117.91,6,Champions
122,2025-12-26,7,981.0,6,Champions
123,2025-11-16,9,1326.55,46,Developing
124,2025-12-10,10,1174.96,22,Champions
125,2025-09-12,4,502.88,111,At risk high value
126,2025-07-12,8,833.86,173,At risk high value
128,2025-10-26,5,604.24,67,Developing
129,2025-12-14,7,1330.43,18,Champions
130,2025-10-08,3,382.52,85,Developing
131,2025-08-29,5,770.32,125,At risk high value
132,2025-09-30,10,993.73,93,At risk high value
133,2025-08-31,4,645.53,123,At risk high value
134,2025-12-28,5,702.46,4,Developing
135,2025-12-17,6,730.6600000000001,15,Champions
136,2025-10-24,2,272.27,69,Developing
137,2025-09-16,4,137.25,107,Developing
138,2025-10-19,8,773.41,74,Developing
139,2025-08-01,5,1382.9,153,At risk high value
140,2025-08-18,4,796.9399999999999,136,At risk high value
141,2025-09-24,4,621.0899999999999,99,At risk high value
142,2025-09-06,6,736.1800000000001,117,At risk high value
143,2025-12-01,8,1070.78,31,Champions
144,2025-12-06,4,337.46000000000004,26,Developing
145,2025-12-02,5,730.51,30,Developing
146,2025-10-30,7,1234.6,63,Developing
147,2025-10-21,1,500.31,72,One-time
148,2025-11-14,7,648.92,48,Developing
149,2025-12-31,6,1196.49,1,Champions
150,2025-11-28,5,695.38,34,Developing
151,2025-12-05,8,612.97,27,Champions
152,2025-12-13,5,483.39,19,Developing
153,2025-11-13,9,1211.67,49,Developing
154,2025-11-04,5,888.3800000000001,58,Developing
155,2025-11-24,12,1419.33,38,Champions
156,2025-12-07,7,829.79,25,Champions
157,2025-12-15,7,989.48,17,Champions
158,2025-12-28,8,779.81,4,Champions
159,2025-12-23,5,633.26,9,Developing
160,2025-12-31,4,375.25,1,Developing
161,2025-11-20,7,693.12,42,Champions
162,2025-09-02,5,552.69,121,At risk high value
163,2025-12-28,4,286.15,4,Developing
164,2025-12-23,11,1479.39,9,Champions
165,2025-09-29,2,150.2,94,Developing
166,2025-11-18,4,289.87,44,Developing
167,2025-12-06,5,793.52,26,Developing
168,2025-11-28,3,333.93,34,Developing
169,2025-11-20,3,569.6899999999999,42,Developing
170,2025-12-10,5,923.84,22,Developing
171,2025-12-22,10,1580.98,10,Champions
172,2025-11-01,3,305.28999999999996,61,Developing
173,2025-12-06,6,757.24,26,Champions
174,2025-05-25,3,380.49,221,Developing
175,2025-12-31,5,992.22,1,Developing
176,2025-10-10,4,394.58000000000004,83,Developing
177,2025-10-22,1,269.82,71,One-time
178,2025-10-23,3,263.84,70,Developing
179,2025-11-20,3,349.43,42,Developing
180,2025-11-07,6,600.12,55,Developing
181,2025-12-08,6,843.26,24,Champions
182,2025-10-26,6,480.91,67,Developing
183,2025-11-16,4,481.94,46,Developing
184,2025-10-09,3,328.12,84,Developing
185,2025-07-18,4,544.18,167,At risk high value
186,2025-10-21,6,819.94,72,Developing
187,2025-11-08,5,567.24,54,Developing
188,2025-08-09,6,580.02,145,At risk high value
189,2025-11-01,5,430.15,61,Developing
190,2025-10-02,3,270.65999999999997,91,Developing
191,2025-11-03,5,395.39,59,Developing
192,2025-09-23,4,712.25,100,At risk high value
193,2025-11-19,10,1183.1200000000001,43,Champions
194,2025-09-22,7,779.31,101,At risk high value
195,2025-10-19,6,1092.91,74,Developing
196,2025-10-06,4,647.73,87,Developing
197,2025-12-30,3,442.09000000000003,2,Developing
198,2025-08-19,7,837.87,135,At risk high value
199,2025-12-08,8,1045.82,24,Champions
200,2025-12-08,6,832.92,24,Champions
201,2025-03-22,3,466.93,285,Developing
202,2025-11-18,7,1061.43,44,Champions
203,2025-12-16,3,596.36,16,Developing
204,2025-12-10,6,982.45,22,Champions
205,2025-10-04,4,210.16,89,Developing
206,2025-10-12,3,192.05,81,Developing
207,2025-12-13,7,1262.24,19,Champions
208,2025-10-28,2,275.09,65,Developing
209,2025-12-30,11,1182.84,2,Champions
210,2025-09-13,5,471.2,110,Developing
211,2025-10-01,5,423.54999999999995,92,Developing
212,2025-04-01,4,543.52,275,At risk high value
213,2025-12-30,6,826.49,2,Champions
214,2025-11-11,3,102.52,51,Developing
215,2025-12-23,4,281.72,9,Developing
216,2025-12-11,6,577.5699999999999,21,Champions
217,2025-07-29,4,524.2,156,At risk high value
218,2025-12-30,6,579.88,2,Champions
219,2025-11-03,9,833.34,59,Developing
220,2025-07-15,4,440.47,170,Developing
221,2025-11-14,6,462.39,48,Developing
222,2025-10-10,4,449.53,83,Developing
223,2025-12-25,4,437.57000000000005,7,Developing
224,2025-09-13,7,1300.81,110,At risk high value
225,2025-09-23,8,1209.8500000000001,100,At risk high value
226,2025-10-30,5,871.5699999999999,63,Developing
227,2025-11-12,7,1268.23,50,Developing
228,2025-07-20,5,833.0999999999999,165,At risk high value
229,2025-01-26,1,270.04,340,One-time
230,2025-12-02,4,334.23,30,Developing
231,2025-11-11,3,282.70000000000005,51,Developing
232,2025-12-28,3,260.53000000000003,4,Developing
233,2025-12-26,8,1200.5900000000001,6,Champions
234,2025-11-18,5,733.55,44,Developing
235,2025-12-08,4,221.54,24,Developing
236,2025-12-29,4,697.45,3,Developing
237,2025-08-26,5,542.98,128,At risk high value
238,2025-12-01,2,177.95999999999998,31,Developing
239,2025-11-28,3,308.49,34,Developing
240,2025-11-19,7,764.91,43,Champions
241,2025-12-17,6,754.4,15,Champions
242,2025-12-13,3,346.1,19,Developing
243,2025-11-21,5,735.9,41,Developing
244,2025-12-22,7,351.28999999999996,10,Champions
245,2025-09-03,8,1059.87,120,At risk high value
246,2025-05-30,3,220.8,216,Developing
247,2025-12-09,6,693.8,23,Champions
248,2025-12-15,2,137.36,17,Developing
249,2025-11-25,3,338.64,37,Developing
250,2025-06-17,3,309.65999999999997,198,Developing
251,2025-12-27,6,721.94,5,Champions
252,2025-10-30,6,533.7900000000001,63,Developing
253,2025-12-14,6,678.55,18,Champions
254,2025-10-16,3,204.4,77,Developing
255,2025-10-28,2,128.1,65,Developing
256,2025-11-20,5,712.5,42,Developing
257,2025-10-02,3,446.96000000000004,91,Developing
258,2025-12-19,6,547.84,13,Champions
259,2025-07-02,2,256.8,183,Developing
260,2025-09-05,3,244.19,118,Developing
261,2025-11-19,4,632.09,43,Developing
262,2025-11-09,5,587.09,53,Developing
263,2025-12-08,9,1214.72,24,Champions
264,2025-11-21,7,1020.6500000000001,41,Champions
265,2025-12-14,7,528.3,18,Champions
266,2025-10-06,5,413.49,87,Developing
267,2025-10-07,8,1365.98,86,Developing
268,2025-12-31,6,705.6600000000001,1,Champions
269,2025-12-16,5,633.55,16,Developing
270,2025-11-01,5,480.33000000000004,61,Developing
271,2025-11-06,2,202.10000000000002,56,Developing
272,2025-12-19,2,76.89,13,Developing
273,2025-09-11,6,705.9499999999999,112,At risk high value
274,2025-09-21,4,627.4100000000001,102,At risk high value
275,2025-12-01,4,540.37,31,Developing
276,2025-12-23,10,1697.35,9,Champions
277,2025-10-30,5,556.61,63,Developing
278,2025-06-11,1,68.48,204,One-time
279,2025-01-18,2,386.82,348,Developing
280,2025-08-21,7,1189.79,133,At risk high value
281,2025-10-22,4,557.83,71,Developing
282,2025-12-16,6,660.89,16,Champions
283,2025-07-23,4,667.8900000000001,162,At risk high value
284,2025-06-28,5,999.8900000000001,187,At risk high value
285,2025-12-27,15,1381.84,5,Champions
286,2025-11-30,6,575.4100000000001,32,Champions
287,2025-11-01,5,723.89,61,Developing
288,2025-11-15,6,720.61,47,Developing
289,2025-11-03,6,771.53,59,Developing
290,2025-11-28,7,1034.15,34,Champions
291,2025-09-21,5,797.01,102,At risk high value
292,2025-12-03,9,1310.45,29,Champions
293,2025-07-11,3,309.27,174,Developing
294,2025-12-21,7,972.1800000000001,11,Champions
295,2025-10-13,7,927.61,80,Developing
296,2025-12-27,6,841.21,5,Champions
297,2025-12-03,6,992.0699999999999,29,Champions
298,2025-12-01,2,379.82,31,Developing
299,2025-09-08,9,1594.54,115,At risk high value
300,2025-12-03,13,2044.05,29,Champions
301,2025-09-27,6,606.19,96,At risk high value
302,2025-12-25,8,991.8299999999999,7,Champions
303,2025-12-27,8,1654.68,5,Champions
304,2025-12-01,6,675.6700000000001,31,Champions
305,2025-10-12,8,1303.41,81,Developing
306,2025-11-19,3,594.8,43,Developing
307,2025-09-26,7,505.48,97,At risk high value
308,2025-11-24,5,441.43,38,Developing
309,2025-10-31,4,642.62,62,Developing
311,2025-09-07,4,468.92,116,Developing
312,2025-11-16,5,1272.51,46,Developing
313,2025-11-25,7,1027.45,37,Champions
314,2025-03-22,4,367.11,285,Developing
315,2025-04-15,2,281.33,261,Developing
316,2025-09-08,4,289.82,115,Developing
317,2025-12-24,3,600.81,8,Developing
318,2025-10-28,5,1089.29,65,Developing
319,2025-10-16,4,406.34000000000003,77,Developing
320,2025-10-25,5,439.0,68,Developing
321,2025-12-21,5,310.93,11,Developing
322,2025-03-20,2,138.47,287,Developing
323,2025-12-12,5,1344.63,20,Developing
324,2025-12-18,5,897.2800000000001,14,Developing
325,2025-12-08,5,441.84000000000003,24,Developing
326,2025-12-28,6,690.84,4,Champions
327,2025-08-19,2,286.02,135,Developing
328,2025-09-22,3,479.94,101,Developing
329,2025-12-07,8,728.34,25,Champions
330,2025-11-09,5,1029.46,53,Developing
331,2025-12-09,5,572.23,23,Developing
332,2025-12-31,3,452.22,1,Developing
333,2025-08-02,1,20.94,152,One-time
334,2025-10-25,5,530.0799999999999,68,Developing
335,2025-12-31,4,212.64000000000001,1,Developing
336,2025-12-21,5,803.26,11,Developing
337,2025-12-22,2,300.89,10,Developing
338,2025-11-03,6,571.96,59,Developing
339,2025-09-04,3,418.99,119,Developing
340,2025-12-28,4,499.19,4,Developing
341,2025-12-26,6,1063.98,6,Champions
342,2025-08-08,6,796.17,146,At risk high value
343,2025-11-10,5,468.28999999999996,52,Developing
344,2025-07-21,4,245.10999999999999,164,Developing
345,2025-12-26,9,1120.47,6,Champions
346,2025-10-13,5,610.39,80,Developing
347,2025-11-02,3,564.4000000000001,60,Developing
348,2025-12-19,11,1160.34,13,Champions
349,2025-11-25,9,1038.36,37,Champions
350,2025-12-20,9,760.27,12,Champions
351,2025-09-06,5,371.42,117,Developing
352,2025-12-24,10,848.91,8,Champions
353,2025-11-22,5,453.71,40,Developing
354,2025-10-12,1,11.65,81,One-time
355,2025-10-30,8,895.39,63,Developing
356,2025-12-24,6,535.24,8,Champions
357,2025-10-15,3,364.2,78,Developing
358,2025-04-15,3,293.61,261,Developing
359,2025-10-26,4,442.65000000000003,67,Developing
360,2025-11-01,2,335.49,61,Developing
361,2025-11-30,3,276.72,32,Developing
362,2025-11-03,5,560.97,59,Developing
363,2025-09-03,6,1119.88,120,At risk high value
364,2025-10-19,4,674.03,74,Developing
365,2025-11-16,6,684.4599999999999,46,Developing
366,2025-09-26,4,166.9,97,Developing
367,2025-10-04,3,593.47,89,Developing
368,2025-11-01,2,165.57,61,Developing
369,2025-11-18,5,704.48,44,Developing
370,2025-10-10,2,196.34,83,Developing
371,2025-12-25,8,832.77,7,Champions
372,2025-12-18,3,333.72,14,Developing
373,2025-12-11,5,984.02,21,Developing
374,2025-12-29,2,269.69,3,Developing
375,2025-12-12,8,1457.6599999999999,20,Champions
376,2025-11-05,6,682.04,57,Developing
377,2025-12-28,12,1407.89,4,Champions
378,2025-12-22,5,984.43,10,Developing
379,2025-09-05,3,377.95,118,Developing
380,2025-10-05,8,1517.6,88,Developing
381,2025-12-14,10,1563.17,18,Champions
382,2025-12-26,9,1445.4,6,Champions
383,2025-12-26,7,1026.65,6,Champions
384,2025-08-04,3,565.64,150,At risk high value
385,2025-08-04,2,231.82,150,Developing
386,2025-12-31,3,805.98,1,Developing
387,2025-12-03,8,1151.3,29,Champions
388,2025-06-11,3,330.83,204,Developing
389,2025-10-24,5,579.22,69,Developing
390,2025-09-27,7,1478.01,96,At risk high value
391,2025-09-21,3,297.0,102,Developing
392,2025-12-22,6,676.21,10,Champions
393,2025-12-14,8,1515.99,18,Champions
394,2025-11-23,8,1640.08,39,Champions
395,2025-12-16,6,632.07,16,Champions
396,2025-11-29,7,735.64,33,Champions
397,2025-12-29,5,687.43,3,Developing
398,2025-02-04,1,27.8,331,One-time
399,2025-11-26,9,1157.75,36,Champions
400,2025-11-01,9,1014.25,61,Developing
401,2025-09-09,5,481.76,114,Developing
402,2025-11-16,7,1331.02,46,Developing
403,2025-11-21,4,708.3199999999999,41,Developing
404,2025-11-06,3,515.77,56,Developing
405,2025-10-06,4,313.21999999999997,87,Developing
406,2025-06-30,3,141.04,185,Developing
407,2025-09-15,5,623.97,108,At risk high value
408,2025-09-08,5,1634.84,115,At risk high value
409,2025-10-01,3,490.96999999999997,92,Developing
410,2025-10-31,6,950.8499999999999,62,Developing
411,2025-11-05,5,847.53,57,Developing
412,2025-09-05,6,475.31,118,Developing
413,2025-11-25,2,346.81,37,Developing
414,2025-07-09,8,736.8399999999999,176,At risk high value
415,2025-12-23,6,447.61,9,Champions
416,2025-11-10,5,487.86,52,Developing
417,2025-10-06,5,659.9699999999999,87,Developing
418,2025-12-04,9,911.25,28,Champions
419,2025-11-18,4,445.59999999999997,44,Developing
420,2025-12-10,4,1092.03,22,Developing
421,2025-10-02,5,1337.68,91,At risk high value
422,2025-12-24,4,837.52,8,Developing
423,2025-09-13,3,308.48,110,Developing
424,2025-10-02,7,741.5,91,At risk high value
425,2025-04-19,2,413.17,257,Developing
426,2025-09-21,4,641.53,102,At risk high value
427,2025-12-25,4,762.45,7,Developing
428,2025-09-22,1,55.7,101,One-time
429,2025-09-13,1,41.01,110,One-time
430,2025-12-13,7,988.47,19,Champions
431,2025-12-31,4,224.85,1,Developing
432,2025-06-13,3,183.76,202,Developing
433,2025-10-06,8,684.17,87,Developing
434,2025-11-17,4,634.14,45,Developing
435,2025-12-20,4,261.25,12,Developing
436,2025-01-29,1,53.46,337,One-time
437,2025-11-29,5,718.5,33,Developing
438,2025-08-20,2,274.92,134,Developing
439,2025-11-19,3,262.91999999999996,43,Developing
440,2025-12-29,3,204.9,3,Developing
441,2025-11-13,4,280.78000000000003,49,Developing
442,2025-11-14,4,203.47000000000003,48,Developing
443,2025-08-22,3,609.87,132,At risk high value
444,2025-12-14,6,400.03999999999996,18,Champions
445,2025-12-05,9,715.36,27,Champions
446,2025-12-07,4,387.78,25,Developing
447,2025-09-11,7,824.75,112,At risk high value
448,2025-09-02,3,660.53,121,At risk high value
449,2025-10-15,6,1255.52,78,Developing
450,2025-12-15,13,1658.21,17,Champions
451,2025-12-02,7,828.6600000000001,30,Champions
452,2025-11-16,4,649.4,46,Developing
453,2025-07-23,3,413.8,162,Developing
454,2025-11-10,6,713.16,52,Developing
455,2025-11-02,6,834.54,60,Developing
456,2025-08-25,3,291.04,129,Developing
457,2025-12-18,1,163.9,14,One-time
458,2025-12-19,8,1629.41,13,Champions
459,2025-12-21,5,659.78,11,Developing
460,2025-11-20,2,117.59,42,Developing
461,2025-10-16,5,486.78,77,Developing
462,2025-12-18,8,892.91,14,Champions
463,2025-03-12,3,295.01,295,Developing
464,2025-12-13,2,183.1,19,Developing
465,2025-09-18,4,423.34000000000003,105,Developing
466,2025-12-24,6,801.97,8,Champions
467,2025-10-22,5,839.66,71,Developing
468,2025-08-13,6,568.45,141,At risk high value
469,2025-09-28,3,207.07,95,Developing
470,2025-12-01,5,393.93,31,Developing
471,2025-09-21,3,347.1,102,Developing
472,2025-12-01,4,777.05,31,Developing
473,2025-10-06,6,662.6800000000001,87,Developing
474,2025-12-01,7,612.4300000000001,31,Champions
475,2025-10-18,3,563.14,75,Developing
476,2025-09-20,6,493.74,103,Developing
477,2025-11-15,6,432.68,47,Developing
478,2025-08-12,3,258.76,142,Developing
479,2025-11-25,8,1248.0,37,Champions
480,2025-07-15,5,730.27,170,At risk high value
481,2025-10-16,7,967.38,77,Developing
482,2025-11-21,6,983.69,41,Champions
483,2025-12-20,3,626.5600000000001,12,Developing
484,2025-10-09,6,775.56,84,Developing
485,2025-10-13,5,381.9,80,Developing
486,2025-12-16,3,591.18,16,Developing
487,2025-08-27,4,275.78,127,Developing
488,2025-11-14,7,752.61,48,Developing
489,2025-04-14,2,180.78,262,Developing
490,2025-12-18,7,923.1700000000001,14,Champions
491,2025-11-10,6,776.62,52,Developing
492,2025-11-01,5,805.01,61,Developing
493,2025-12-19,8,816.0,13,Champions
494,2025-12-09,4,275.62,23,Developing
495,2025-11-20,6,443.65999999999997,42,Champions
496,2025-12-30,5,402.69,2,Developing
497,2025-12-07,3,601.98,25,Developing
498,2025-11-20,4,488.56,42,Developing
499,2025-10-15,5,549.56,78,Developing
500,2025-08-12,5,533.31,142,At risk high value
501,2025-03-21,3,420.25,286,Developing
502,2025-11-07,6,606.07,55,Developing
503,2025-12-09,6,685.02,23,Champions
504,2025-09-13,5,783.52,110,At risk high value
505,2025-11-07,8,1159.9099999999999,55,Developing
506,2025-12-06,8,692.25,26,Champions
507,2025-11-17,7,996.8199999999999,45,Champions
508,2025-09-22,4,670.26,101,At risk high value
509,2025-05-20,3,443.33,226,Developing
510,2025-07-29,3,202.54,156,Developing
511,2025-11-02,9,1323.68,60,Developing
512,2025-12-13,8,1232.98,19,Champions
513,2025-11-27,7,791.04,35,Champions
514,2025-09-08,4,575.09,115,At risk high value
515,2025-10-31,2,462.0,62,Developing
516,2025-12-06,3,502.13,26,Developing
517,2025-11-09,3,348.02,53,Developing
518,2025-12-12,5,1017.0300000000001,20,Developing
519,2025-09-05,3,281.76,118,Developing
520,2025-12-19,4,325.23,13,Developing
521,2025-12-22,5,636.14,10,Developing
522,2025-10-29,3,313.90999999999997,64,Developing
523,2025-12-08,5,378.12,24,Developing
524,2025-09-28,4,556.66,95,At risk high value
525,2025-11-25,4,541.02,37,Developing
526,2025-10-07,3,190.65,86,Developing
527,2025-12-22,5,635.87,10,Developing
528,2025-12-25,6,755.07,7,Champions
529,2025-09-29,4,469.44,94,Developing
530,2025-12-04,3,383.63,28,Developing
531,2025-10-02,8,1495.54,91,At risk high value
532,2025-11-21,5,549.27,41,Developing
533,2025-10-11,5,541.21,82,Developing
534,2025-11-30,5,282.88,32,Developing
535,2025-12-30,3,166.32,2,Developing
536,2025-12-17,4,372.97,15,Developing
537,2025-11-22,3,313.84999999999997,40,Developing
538,2025-12-01,5,956.06,31,Developing
539,2025-11-13,9,753.18,49,Developing
540,2025-09-28,5,658.34,95,At risk high value
541,2025-12-26,9,1378.13,6,Champions
542,2025-10-18,5,665.8399999999999,75,Developing
543,2025-03-31,2,215.73000000000002,276,Developing
544,2025-06-17,2,543.25,198,At risk high value
545,2025-11-03,6,624.09,59,Developing
546,2025-11-12,7,970.49,50,Developing
547,2025-12-28,5,1005.05,4,Developing
549,2025-12-24,5,765.25,8,Developing
550,2025-11-09,4,318.17,53,Developing
551,2025-09-29,5,253.14000000000001,94,Developing
552,2025-10-12,5,499.14,81,Developing
553,2025-12-04,7,1078.38,28,Champions
554,2025-09-23,5,727.25,100,At risk high value
555,2025-10-20,5,584.11,73,Developing
556,2025-12-09,6,666.3199999999999,23,Champions
557,2025-09-20,5,582.05,103,At risk high value
558,2025-10-10,3,281.87,83,Developing
559,2025-12-27,9,1131.71,5,Champions
560,2025-09-02,6,715.62,121,At risk high value
561,2025-10-04,6,509.88,89,Developing
562,2025-10-02,6,608.1800000000001,91,At risk high value
563,2025-11-18,6,750.52,44,Champions
564,2025-12-01,4,486.44,31,Developing
565,2025-05-17,1,30.74,229,One-time
566,2025-11-04,4,786.9100000000001,58,Developing
567,2025-04-04,2,562.17,272,At risk high value
568,2025-07-15,2,198.39999999999998,170,Developing
569,2025-12-18,4,530.88,14,Developing
570,2025-04-15,2,234.19,261,Developing
571,2025-12-21,7,690.15,11,Champions
572,2025-12-31,9,1488.17,1,Champions
573,2025-11-14,8,1121.1,48,Developing
574,2025-12-01,3,236.01,31,Developing
575,2025-11-10,3,287.56,52,Developing
576,2025-12-14,6,710.38,18,Champions
577,2025-06-17,3,381.56,198,Developing
578,2025-09-14,3,523.4,109,At risk high value
579,2025-07-20,3,339.27,165,Developing
580,2025-10-08,4,395.45000000000005,85,Developing
581,2025-12-14,7,951.52,18,Champions
582,2025-12-28,5,1264.8799999999999,4,Developing
583,2025-12-26,9,921.4,6,Champions
584,2025-11-24,4,794.87,38,Developing
585,2025-12-23,7,557.8,9,Champions
586,2025-12-25,4,524.0,7,Developing
587,2025-08-21,4,170.57,133,Developing
588,2025-11-12,5,979.2900000000001,50,Developing
589,2025-11-25,5,886.75,37,Developing
590,2025-12-28,5,791.98,4,Developing
591,2025-10-12,7,842.49,81,Developing
592,2025-08-13,3,563.71,141,At risk high value
593,2025-09-27,9,1236.07,96,At risk high value
594,2025-12-12,2,112.03,20,Developing
595,2025-12-03,2,356.55,29,Developing
596,2025-12-23,3,435.45000000000005,9,Developing
597,2025-12-13,5,1131.19,19,Developing
598,2025-08-01,6,620.95,153,At risk high value
599,2025-07-17,2,377.19,168,Developing
600,2025-07-28,2,45.31,157,Developing
601,2025-11-03,4,595.91,59,Developing
602,2025-07-20,5,545.6899999999999,165,At risk high value
603,2025-11-06,1,154.79,56,One-time
604,2025-08-15,5,842.55,139,At risk high value
605,2025-11-13,11,1372.48,49,Developing
606,2025-12-19,3,350.01,13,Developing
607,2025-07-05,5,1337.33,180,At risk high value
608,2025-10-14,4,675.29,79,Developing
609,2025-09-28,4,567.46,95,At risk high value
610,2025-11-12,6,1349.17,50,Developing
611,2025-12-06,11,1561.8,26,Champions
612,2025-09-13,3,183.14,110,Developing
613,2025-06-12,3,677.54,203,At risk high value
614,2025-11-02,5,631.59,60,Developing
615,2025-09-20,3,374.69,103,Developing
616,2025-07-14,5,1320.75,171,At risk high value
617,2025-08-07,1,54.23,147,One-time
618,2025-12-05,4,426.65,27,Developing
619,2025-10-04,6,1051.83,89,Developing
620,2025-10-06,5,765.61,87,Developing
621,2025-10-22,5,607.46,71,Developing
622,2025-08-01,8,1081.13,153,At risk high value
623,2025-12-07,5,690.7,25,Developing
624,2025-12-11,6,1028.69,21,Champions
626,2025-12-24,2,80.78,8,Developing
627,2025-08-25,4,504.16,129,At risk high value
628,2025-01-11,1,21.66,355,One-time
629,2025-05-03,2,194.07999999999998,243,Developing
630,2025-12-29,6,752.12,3,Champions
631,2025-07-24,2,189.8,161,Developing
632,2025-08-22,6,854.34,132,At risk high value
633,2025-09-27,6,1162.75,96,At risk high value
634,2025-09-16,3,538.0,107,At risk high value
635,2025-12-26,5,259.59000000000003,6,Developing
636,2025-10-20,3,446.8,73,Developing
637,2025-11-15,5,644.75,47,Developing
638,2025-12-13,4,336.49,19,Developing
639,2025-09-09,5,700.29,114,At risk high value
640,2025-12-05,5,660.43,27,Developing
641,2025-08-31,5,1215.29,123,At risk high value
642,2025-11-29,6,564.12,33,Champions
643,2025-12-21,5,637.6899999999999,11,Developing
644,2025-12-10,7,757.0400000000001,22,Champions
645,2025-12-11,4,449.40999999999997,21,Developing
646,2025-07-18,3,516.6,167,At risk high value
647,2025-12-12,4,450.58,20,Developing
648,2025-11-08,2,390.41,54,Developing
649,2025-12-18,3,222.5,14,Developing
650,2025-09-20,6,948.15,103,At risk high value
651,2025-10-12,2,350.38,81,Developing
652,2025-12-28,4,473.79999999999995,4,Developing
653,2025-10-07,8,882.53,86,Developing
654,2025-09-09,3,607.04,114,At risk high value
655,2025-12-09,5,584.1700000000001,23,Developing
656,2025-10-31,2,57.809999999999995,62,Developing
657,2025-10-06,3,650.97,87,Developing
658,2025-12-24,4,713.81,8,Developing
659,2025-10-13,4,410.78,80,Developing
660,2025-11-16,3,200.34,46,Developing
661,2025-09-29,7,678.89,94,At risk high value
662,2025-12-04,4,619.65,28,Developing
663,2025-04-29,3,422.76,247,Developing
664,2025-11-13,3,133.52,49,Developing
665,2025-07-08,2,228.25,177,Developing
666,2025-11-29,7,406.18,33,Champions
667,2025-12-08,8,866.79,24,Champions
668,2025-07-15,2,334.44,170,Developing
669,2025-12-30,5,673.9,2,Developing
670,2025-10-25,9,965.46,68,Developing
671,2025-12-29,6,811.78,3,Champions
672,2025-11-29,5,359.37,33,Developing
673,2025-11-18,4,589.7,44,Developing
674,2025-12-04,4,699.53,28,Developing
675,2025-12-22,3,253.73000000000002,10,Developing
676,2025-09-27,4,462.17,96,Developing
677,2025-12-16,5,393.4,16,Developing
678,2025-06-22,6,755.05,193,At risk high value
679,2025-05-12,2,397.1,234,Developing
680,2025-11-13,5,850.31,49,Developing
681,2025-12-20,5,735.4300000000001,12,Developing
682,2025-12-31,8,821.06,1,Champions
683,2025-11-29,6,838.97,33,Champions
684,2025-11-28,5,813.97,34,Developing
685,2025-10-27,6,754.4399999999999,66,Developing
686,2025-10-03,5,544.38,90,Developing
687,2025-12-12,9,783.29,20,Champions
688,2025-11-01,7,1055.87,61,Developing
689,2025-11-09,5,515.14,53,Developing
690,2025-11-27,3,282.47,35,Developing
691,2025-07-06,4,511.30999999999995,179,At risk high value
692,2025-07-21,6,1053.4499999999998,164,At risk high value
693,2025-12-16,7,660.52,16,Champions
694,2025-09-22,6,622.99,101,At risk high value
695,2025-10-06,5,650.75,87,Developing
696,2025-12-19,6,1156.87,13,Champions
697,2025-12-24,4,646.11,8,Developing
698,2025-10-28,5,820.1700000000001,65,Developing
699,2025-10-29,8,996.76,64,Developing
700,2025-07-25,2,182.69,160,Developing
701,2025-12-21,6,620.09,11,Champions
702,2025-12-30,4,732.77,2,Developing
703,2025-11-09,11,1694.32,53,Developing
704,2025-09-20,3,323.61,103,Developing
705,2025-12-24,10,1274.34,8,Champions
706,2025-12-28,8,1258.25,4,Champions
707,2025-11-26,4,410.35,36,Developing
708,2025-12-05,7,766.04,27,Champions
709,2025-11-27,8,783.93,35,Champions
710,2025-12-28,3,280.01,4,Developing
711,2025-12-10,4,506.41,22,Developing
712,2025-12-26,5,824.53,6,Developing
713,2025-12-05,7,1069.83,27,Champions
714,2025-11-06,4,608.5699999999999,56,Developing
715,2025-12-12,5,467.9,20,Developing
716,2025-12-15,10,1411.03,17,Champions
717,2025-12-06,4,638.5600000000001,26,Developing
718,2025-10-09,4,609.61,84,Developing
719,2025-12-11,6,923.39,21,Champions
720,2025-12-07,7,1168.3600000000001,25,Champions
721,2025-10-07,5,760.83,86,Developing
722,2025-08-29,5,717.19,125,At risk high value
723,2025-11-14,8,1281.97,48,Developing
724,2025-10-19,4,552.43,74,Developing
725,2025-11-23,3,116.26,39,Developing
726,2025-08-03,4,361.34999999999997,151,Developing
727,2025-04-02,1,145.4,274,One-time
728,2025-11-10,3,363.59999999999997,52,Developing
729,2025-12-29,5,1034.0,3,Developing
730,2025-10-10,6,750.99,83,Developing
731,2025-10-23,7,723.15,70,Developing
732,2025-11-18,5,575.69,44,Developing
733,2025-08-04,6,845.8299999999999,150,At risk high value
734,2025-12-18,8,1006.88,14,Champions
735,2025-12-04,7,928.17,28,Champions
736,2025-11-01,4,447.65999999999997,61,Developing
737,2025-12-24,6,841.7,8,Champions
738,2025-12-15,5,604.1600000000001,17,Developing
739,2025-08-16,3,227.27,138,Developing
740,2025-12-07,10,1226.81,25,Champions
741,2025-12-18,4,372.53999999999996,14,Developing
742,2025-11-05,5,633.6,57,Developing
743,2025-08-28,3,383.33,126,Developing
744,2025-12-20,2,178.3,12,Developing
745,2025-12-19,6,698.03,13,Champions
746,2025-08-29,7,734.42,125,At risk high value
747,2025-12-22,10,1385.77,10,Champions
748,2025-10-08,5,699.07,85,Developing
749,2025-08-20,5,692.45,134,At risk high value
750,2025-10-30,9,789.37,63,Developing
751,2025-08-14,1,133.01,140,One-time
752,2025-08-23,4,614.03,131,At risk high value
753,2025-12-15,7,1430.94,17,Champions
754,2025-10-29,7,1006.0899999999999,64,Developing
755,2025-11-20,2,150.0,42,Developing
756,2025-11-23,6,791.68,39,Champions
757,2025-12-09,4,425.35,23,Developing
758,2025-12-31,5,705.63,1,Developing
759,2025-11-07,7,1179.04,55,Developing
760,2025-11-17,4,610.29,45,Developing
761,2025-08-05,5,745.9200000000001,149,At risk high value
762,2025-12-15,4,343.49,17,Developing
763,2025-10-25,4,818.15,68,Developing
764,2025-10-10,4,554.81,83,Developing
765,2025-12-07,5,660.02,25,Developing
766,2025-05-30,6,904.29,216,At risk high value
767,2025-08-20,3,156.02,134,Developing
768,2025-12-02,6,881.21,30,Champions
769,2025-09-22,8,1422.3,101,At risk high value
770,2025-02-02,1,25.6,333,One-time
771,2025-10-02,8,856.76,91,At risk high value
772,2025-08-24,2,318.12,130,Developing
773,2025-12-29,3,235.8,3,Developing
774,2025-12-26,6,580.69,6,Champions
775,2025-12-18,5,666.1600000000001,14,Developing
776,2025-10-18,4,581.11,75,Developing
777,2025-12-11,1,204.6,21,One-time
778,2025-12-21,6,646.35,11,Champions
779,2025-12-19,9,1426.46,13,Champions
780,2025-12-19,3,253.73000000000002,13,Developing
781,2025-11-13,5,250.46,49,Developing
782,2025-12-25,7,750.77,7,Champions
783,2025-12-13,4,469.62,19,Developing
784,2025-11-08,3,307.5,54,Developing
785,2025-12-31,5,780.46,1,Developing
786,2025-12-10,5,371.27,22,Developing
787,2025-12-29,4,493.77,3,Developing
788,2025-12-26,9,1358.82,6,Champions
789,2025-08-11,7,1303.02,143,At risk high value
790,2025-11-07,5,926.96,55,Developing
791,2025-11-30,7,981.6099999999999,32,Champions
792,2025-10-17,4,295.85,76,Developing
793,2025-12-18,5,451.77,14,Developing
794,2025-09-27,3,502.92999999999995,96,At risk high value
795,2025-06-30,2,459.4,185,Developing
796,2025-09-26,5,895.0,97,At risk high value
797,2025-10-16,6,779.86,77,Developing
798,2025-04-24,1,133.61,252,One-time
799,2025-11-06,9,1137.68,56,Developing
800,2025-04-07,2,288.65,269,Developing
801,2025-05-17,3,435.35,229,Developing
802,2025-09-19,7,934.13,104,At risk high value
803,2025-09-02,3,474.96000000000004,121,Developing
804,2025-06-29,4,679.54,186,At risk high value
805,2025-05-10,1,161.07,236,One-time
806,2025-11-27,7,1167.75,35,Champions
807,2025-08-16,5,710.41,138,At risk high value
808,2025-12-11,9,824.6800000000001,21,Champions
809,2025-10-17,5,271.06,76,Developing
810,2025-08-11,1,131.25,143,One-time
811,2025-10-09,4,509.96000000000004,84,Developing
812,2025-12-24,3,423.78999999999996,8,Developing
813,2025-11-29,9,1478.96,33,Champions
814,2025-12-24,6,1010.23,8,Champions
815,2025-12-15,1,62.29,17,One-time
816,2025-12-30,4,520.03,2,Developing
817,2025-08-24,3,378.78,130,Developing
818,2025-12-14,5,628.38,18,Developing
819,2025-08-14,1,173.75,140,One-time
820,2025-08-11,3,359.3,143,Developing
821,2025-08-04,5,1085.83,150,At risk high value
822,2025-12-23,6,492.25,9,Champions
823,2025-12-17,4,524.01,15,Developing
824,2025-11-15,5,496.8,47,Developing
825,2025-12-21,3,609.5799999999999,11,Developing
826,2025-07-25,3,545.04,160,At risk high value
827,2025-09-28,3,299.65,95,Developing
828,2025-08-01,2,193.70999999999998,153,Developing
829,2025-08-08,1,160.05,146,One-time
830,2025-10-22,6,559.72,71,Developing
831,2025-12-23,10,1785.89,9,Champions
832,2025-12-17,6,801.62,15,Champions
833,2025-10-23,7,529.9599999999999,70,Developing
834,2025-12-30,4,678.17,2,Developing
835,2025-11-13,7,452.82,49,Developing
836,2025-12-15,6,813.0,17,Champions
837,2025-10-09,4,512.1800000000001,84,Developing
838,2025-11-20,5,617.3900000000001,42,Developing
839,2025-12-03,3,198.33,29,Developing
840,2025-12-15,12,1047.5,17,Champions
841,2025-08-22,3,544.13,132,At risk high value
842,2025-12-02,9,772.6800000000001,30,Champions
843,2025-10-09,5,555.75,84,Developing
844,2025-11-21,8,1001.5899999999999,41,Champions
845,2025-07-29,2,328.24,156,Developing
846,2025-11-20,4,501.91999999999996,42,Developing
847,2025-10-09,6,781.5600000000001,84,Developing
848,2025-12-21,6,970.04,11,Champions
849,2025-09-26,2,87.46000000000001,97,Developing
850,2025-10-11,4,275.92,82,Developing
851,2025-12-26,11,1170.84,6,Champions
852,2025-12-25,4,476.7,7,Developing
853,2025-11-14,5,367.6,48,Developing
854,2025-08-15,6,559.23,139,At risk high value
855,2025-09-29,3,486.03,94,Developing
856,2025-12-06,7,860.02,26,Champions
857,2025-12-28,5,1223.1599999999999,4,Developing
858,2025-11-15,8,1600.75,47,Developing
859,2025-12-17,7,1181.25,15,Champions
860,2025-11-03,4,408.53999999999996,59,Developing
861,2025-07-21,6,730.4300000000001,164,At risk high value
862,2025-11-23,8,1214.59,39,Champions
863,2025-12-17,8,1290.86,15,Champions
864,2025-10-09,7,1228.96,84,Developing
865,2025-07-13,4,534.39,172,At risk high value
866,2025-09-30,4,757.0899999999999,93,At risk high value
867,2025-09-30,3,374.1,93,Developing
868,2025-12-21,7,765.5,11,Champions
869,2025-10-22,6,800.22,71,Developing
870,2025-12-19,6,1143.78,13,Champions
871,2025-10-21,3,272.62,72,Developing
872,2025-12-05,4,398.09000000000003,27,Developing
873,2025-12-18,8,810.0799999999999,14,Champions
874,2025-10-15,5,802.4200000000001,78,Developing
875,2025-10-08,5,932.39,85,Developing
876,2025-12-01,8,658.1,31,Champions
877,2025-12-14,6,370.21,18,Champions
878,2025-11-18,2,331.56,44,Developing
879,2025-05-13,1,210.59,233,One-time
880,2025-12-01,4,772.52,31,Developing
881,2025-05-19,3,171.74,227,Developing
882,2025-11-20,6,760.33,42,Champions
883,2025-11-16,7,893.63,46,Developing
884,2025-12-17,4,407.72,15,Developing
885,2025-10-08,2,258.90999999999997,85,Developing
886,2025-12-04,5,799.6999999999999,28,Developing
887,2025-08-20,1,324.39,134,One-time
888,2025-09-19,3,358.46000000000004,104,Developing
889,2025-12-30,6,575.9000000000001,2,Champions
890,2025-12-25,9,1267.55,7,Champions
891,2025-10-28,5,580.21,65,Developing
892,2025-12-08,4,1046.57,24,Developing
893,2025-11-28,7,878.44,34,Champions
894,2025-12-19,2,83.44999999999999,13,Developing
895,2025-12-26,2,85.03,6,Developing
896,2025-12-21,4,476.66999999999996,11,Developing
897,2025-11-21,6,897.56,41,Champions
898,2025-12-14,8,980.29,18,Champions
899,2025-07-22,4,359.76000000000005,163,Developing
900,2025-09-12,4,274.99,111,Developing
901,2025-11-25,5,816.6500000000001,37,Developing
902,2025-12-13,9,1220.69,19,Champions
903,2025-07-08,5,316.57,177,Developing
904,2025-07-26,4,473.88,159,Developing
905,2025-12-26,6,926.94,6,Champions
906,2025-06-07,4,381.35,208,Developing
907,2025-11-12,3,330.3,50,Developing
908,2025-12-22,9,2181.62,10,Champions
909,2025-10-05,8,1486.45,88,Developing
910,2025-10-21,6,762.1700000000001,72,Developing
911,2025-11-17,7,739.43,45,Champions
912,2025-10-12,6,785.2,81,Developing
913,2025-10-20,7,1106.66,73,Developing
914,2025-10-21,3,318.0,72,Developing
915,2025-10-19,7,859.27,74,Developing
916,2025-11-26,5,876.86,36,Developing
917,2025-12-04,5,499.84999999999997,28,Developing
918,2025-05-04,2,114.42999999999999,242,Developing
919,2025-12-13,9,1355.38,19,Champions
920,2025-12-23,6,513.35,9,Champions
921,2025-10-23,6,819.54,70,Developing
922,2025-12-31,7,653.99,1,Champions
923,2025-12-03,3,635.83,29,Developing
924,2025-11-28,4,758.19,34,Developing
925,2025-11-02,7,794.9200000000001,60,Developing
926,2025-09-02,3,520.87,121,At risk high value
927,2025-12-28,4,677.75,4,Developing
928,2025-12-16,8,1533.53,16,Champions
929,2025-11-09,3,537.86,53,Developing
930,2025-07-22,3,571.45,163,At risk high value
931,2025-08-17,5,742.58,137,At risk high value
932,2025-09-27,2,116.71000000000001,96,Developing
933,2025-12-05,6,600.46,27,Champions
934,2025-12-24,10,1184.18,8,Champions
935,2025-09-03,3,318.97,120,Developing
936,2025-12-04,6,749.3100000000001,28,Champions
937,2025-12-06,2,246.85999999999999,26,Developing
938,2025-11-15,10,1138.06,47,Developing
939,2025-10-13,2,79.94,80,Developing
940,2025-11-20,4,690.71,42,Developing
941,2025-11-20,5,723.98,42,Developing
942,2025-12-19,5,327.58,13,Developing
943,2025-12-17,3,328.17,15,Developing
944,2025-08-26,8,1060.21,128,At risk high value
945,2025-11-26,8,1030.8,36,Champions
946,2025-07-26,2,133.96,159,Developing
947,2025-10-27,4,488.09000000000003,66,Developing
948,2025-10-22,9,1250.92,71,Developing
949,2025-09-10,7,828.1899999999999,113,At risk high value
950,2025-12-07,9,1120.6,25,Champions
951,2025-11-16,4,808.68,46,Developing
952,2025-11-01,6,590.52,61,Developing
953,2025-09-09,3,401.85,114,Developing
954,2025-12-20,6,714.48,12,Champions
955,2025-12-05,5,338.41999999999996,27,Developing
956,2025-12-26,7,827.13,6,Champions
957,2025-05-27,6,805.15,219,At risk high value
958,2025-11-22,2,455.93,40,Developing
959,2025-11-12,5,1137.53,50,Developing
960,2025-07-05,4,364.58,180,Developing
961,2025-09-07,5,355.78,116,Developing
962,2025-11-14,4,548.89,48,Developing
963,2025-12-05,1,168.8,27,One-time
964,2025-06-13,5,593.57,202,At risk high value
965,2025-11-27,4,603.39,35,Developing
966,2025-05-18,3,547.41,228,At risk high value
967,2025-12-19,5,399.88,13,Developing
968,2025-10-15,9,941.9499999999999,78,Developing
969,2025-12-01,3,513.1500000000001,31,Developing
970,2025-10-11,3,155.66000000000003,82,Developing
971,2025-11-22,10,814.7,40,Champions
972,2025-10-15,3,423.84000000000003,78,Developing
973,2025-07-13,1,208.84,172,One-time
974,2025-11-20,5,732.8199999999999,42,Developing
975,2025-11-28,6,644.3100000000001,34,Champions
976,2025-08-05,4,596.75,149,At risk high value
977,2025-07-29,4,493.34000000000003,156,Developing
978,2025-10-12,4,561.69,81,Developing
979,2025-11-22,7,938.66,40,Champions
981,2025-12-28,5,1013.8199999999999,4,Developing
982,2025-11-13,7,764.97,49,Developing
983,2025-12-31,7,1110.27,1,Champions
984,2025-12-23,7,910.31,9,Champions
985,2025-12-27,6,746.53,5,Champions
986,2025-12-02,6,1180.9299999999998,30,Champions
987,2025-12-01,2,190.91000000000003,31,Developing
988,2025-12-04,7,1184.42,28,Champions
989,2025-06-03,2,335.33000000000004,212,Developing
990,2025-09-14,3,474.49,109,Developing
991,2025-12-06,6,419.73,26,Champions
992,2025-10-29,8,1375.95,64,Developing
993,2025-12-20,4,688.3,12,Developing
994,2025-09-06,4,820.2,117,At risk high value
995,2025-11-04,9,983.03,58,Developing
996,2025-09-27,3,210.94,96,Developing
997,2025-09-04,4,449.06,119,Developing
998,2025-10-04,6,878.73,89,Developing
999,2025-12-16,10,1053.25,16,Champions
1000,2025-11-28,8,1963.5700000000002,34,Champions
1001,2025-12-12,5,810.33,20,Developing
1002,2025-04-21,5,537.49,255,At risk high value
1003,2025-09-14,5,437.11,109,Developing
1004,2025-12-03,10,1187.89,29,Champions
1005,2025-12-03,5,749.21,29,Developing
1006,2025-12-13,7,904.18,19,Champions
1007,2025-11-01,3,278.93,61,Developing
1008,2025-11-03,7,928.5,59,Developing
1009,2025-10-08,8,1166.5,85,Developing
1010,2025-10-24,5,905.21,69,Developing
1011,2025-12-31,6,1172.16,1,Champions
1012,2025-07-27,1,56.72,158,One-time
1013,2025-06-06,2,474.62,209,Developing
1014,2025-12-18,12,1491.61,14,Champions
1015,2025-07-18,1,75.55,167,One-time
1016,2025-10-09,4,826.3000000000001,84,Developing
1017,2025-09-07,4,749.26,116,At risk high value
1018,2025-11-03,5,404.62,59,Developing
1019,2025-11-30,7,667.98,32,Champions
1020,2025-11-23,7,1001.3100000000001,39,Champions
1021,2025-12-21,8,1105.78,11,Champions
1022,2025-11-15,2,307.65999999999997,47,Developing
1023,2025-10-12,8,1047.03,81,Developing
1024,2025-11-24,9,1177.85,38,Champions
1025,2025-10-26,4,445.71000000000004,67,Developing
1026,2025-12-03,5,350.37,29,Developing
1027,2025-09-25,7,871.62,98,At risk high value
1028,2025-10-26,4,432.56,67,Developing
1029,2025-12-10,4,501.18,22,Developing
1030,2025-10-23,6,1024.8200000000002,70,Developing
1031,2025-09-22,7,742.3,101,At risk high value
1032,2025-12-20,9,979.44,12,Champions
1033,2025-07-30,3,232.94,155,Developing
1034,2025-12-09,5,745.5,23,Developing
1035,2025-11-21,7,1244.43,41,Champions
1036,2025-12-23,7,549.4000000000001,9,Champions
1037,2025-12-20,5,704.97,12,Developing
1038,2025-12-26,5,635.0799999999999,6,Developing
1039,2025-06-27,5,1033.71,188,At risk high value
1040,2025-11-21,3,250.3,41,Developing
1041,2025-08-17,3,325.47999999999996,137,Developing
1042,2025-10-21,5,435.19000000000005,72,Developing
1043,2025-10-24,5,435.84000000000003,69,Developing
1044,2025-12-17,2,175.05,15,Developing
1045,2025-09-26,7,728.47,97,At risk high value
1046,2025-11-26,6,1242.92,36,Champions
1047,2025-09-12,3,260.79,111,Developing
1048,2025-06-23,3,264.21,192,Developing
1049,2025-11-26,6,978.6,36,Champions
1050,2025-05-02,3,529.72,244,At risk high value
1051,2025-09-26,5,618.87,97,At risk high value
1052,2025-11-08,5,511.94,54,Developing
1053,2025-08-26,7,776.4499999999999,128,At risk high value
1054,2025-09-10,2,59.0,113,Developing
1055,2025-12-14,6,597.52,18,Champions
1056,2025-10-31,7,1018.67,62,Developing
1057,2025-12-15,8,990.4,17,Champions
1058,2025-10-17,4,1015.74,76,Developing
1059,2025-09-07,3,575.61,116,At risk high value
1060,2025-10-07,3,406.80999999999995,86,Developing
1061,2025-09-07,3,1188.87,116,At risk high value
1062,2025-09-20,3,288.0,103,Developing
1063,2025-09-16,5,384.45,107,Developing
1064,2025-06-01,4,688.62,214,At risk high value
1065,2025-10-16,5,646.33,77,Developing
1066,2025-07-02,6,948.1800000000001,183,At risk high value
1067,2025-12-16,10,1210.97,16,Champions
1068,2025-11-22,7,636.63,40,Champions
1069,2025-07-26,4,547.29,159,At risk high value
1070,2025-09-29,3,476.5,94,Developing
1071,2025-11-03,7,1132.85,59,Developing
1072,2025-11-04,2,286.28999999999996,58,Developing
1073,2025-12-29,7,872.1999999999999,3,Champions
1074,2025-12-15,6,652.43,17,Champions
1075,2025-01-26,1,191.18,340,One-time
1076,2025-12-24,8,1025.64,8,Champions
1077,2025-11-13,3,398.18,49,Developing
1078,2025-11-27,6,845.8899999999999,35,Champions
1079,2025-12-13,7,1042.6299999999999,19,Champions
1080,2025-11-27,2,174.25,35,Developing
1081,2025-12-11,5,870.23,21,Developing
1082,2025-11-02,9,1345.44,60,Developing
1083,2025-11-26,4,248.66,36,Developing
1084,2025-10-14,5,757.1999999999999,79,Developing
1085,2025-12-23,9,1119.96,9,Champions
1086,2025-12-16,8,761.22,16,Champions
1087,2025-12-17,3,286.38,15,Developing
1088,2025-09-08,5,612.02,115,At risk high value
1089,2025-11-11,5,611.91,51,Developing
1090,2025-12-30,5,1042.72,2,Developing
1091,2025-11-28,5,469.98,34,Developing
1092,2025-11-22,7,748.89,40,Champions
1093,2025-12-03,8,830.5699999999999,29,Champions
1094,2025-07-05,3,534.9200000000001,180,At risk high value
1095,2025-12-07,6,694.0,25,Champions
1096,2025-08-18,3,158.66,136,Developing
1097,2025-12-07,2,222.82999999999998,25,Developing
1098,2025-11-18,6,744.0,44,Champions
1099,2025-11-28,2,177.04,34,Developing
1100,2025-12-10,7,802.26,22,Champions
1101,2025-11-13,3,296.48,49,Developing
1102,2025-09-20,3,375.49,103,Developing
1103,2025-12-05,2,333.27,27,Developing
1104,2025-12-09,4,505.53000000000003,23,Developing
1105,2025-12-10,6,1226.98,22,Champions
1106,2025-11-26,4,568.46,36,Developing
1107,2025-04-07,2,346.90999999999997,269,Developing
1108,2025-12-01,5,578.41,31,Developing
1109,2025-06-03,3,501.52,212,At risk high value
1110,2025-05-07,3,288.89,239,Developing
1111,2025-02-19,1,138.5,316,One-time
1112,2025-09-08,7,849.59,115,At risk high value
1113,2025-09-06,6,702.32,117,At risk high value
1114,2025-10-09,5,667.73,84,Developing
1115,2025-12-19,5,491.78000000000003,13,Developing
1116,2025-12-23,6,785.43,9,Champions
1117,2025-12-11,6,480.22,21,Champions
1118,2025-08-30,2,180.18,124,Developing
1119,2025-05-02,3,396.49,244,Developing
1120,2025-12-24,5,794.0,8,Developing
1121,2025-11-21,4,444.59000000000003,41,Developing
1122,2025-02-02,1,124.14,333,One-time
1123,2025-12-18,5,590.6700000000001,14,Developing
1124,2025-06-08,2,177.26999999999998,207,Developing
1125,2025-04-02,4,648.23,274,At risk high value
1126,2025-12-20,8,849.71,12,Champions
1127,2025-12-11,7,656.24,21,Champions
1128,2025-07-30,2,343.51,155,Developing
1129,2025-12-17,3,246.64,15,Developing
1130,2025-10-11,5,512.59,82,Developing
1131,2025-12-20,8,1308.58,12,Champions
1132,2025-10-13,3,179.07999999999998,80,Developing
1133,2025-11-29,7,917.49,33,Champions
1134,2025-12-17,5,361.83,15,Developing
1135,2025-12-24,4,363.75,8,Developing
1136,2025-10-23,7,1518.9,70,Developing
1137,2025-11-06,5,619.16,56,Developing
1138,2025-09-12,4,577.62,111,At risk high value
1139,2025-12-19,5,634.34,13,Developing
1140,2025-12-08,5,754.3199999999999,24,Developing
1141,2025-08-21,6,580.87,133,At risk high value
1142,2025-12-05,5,818.52,27,Developing
1143,2025-12-05,4,576.8100000000001,27,Developing
1144,2025-11-25,2,200.26999999999998,37,Developing
1145,2025-11-20,4,1074.05,42,Developing
1146,2025-12-22,3,219.44,10,Developing
1147,2025-12-06,6,630.08,26,Champions
1148,2025-09-18,5,977.45,105,At risk high value
1149,2025-12-26,10,1298.17,6,Champions
1150,2025-12-06,3,356.1,26,Developing
1151,2025-11-14,10,1323.1100000000001,48,Developing
1152,2025-12-25,4,599.3199999999999,7,Developing
1153,2025-09-20,5,317.15,103,Developing
1154,2025-12-23,5,840.99,9,Developing
1155,2025-08-15,4,293.96,139,Developing
1156,2025-10-10,6,476.68,83,Developing
1157,2025-05-28,4,482.28999999999996,218,Developing
1158,2025-12-19,4,877.42,13,Developing
1159,2025-08-28,3,220.56,126,Developing
1160,2025-12-11,8,778.64,21,Champions
1161,2025-11-01,3,276.5,61,Developing
1162,2025-10-19,4,594.7,74,Developing
1163,2025-10-12,7,923.29,81,Developing
1164,2025-08-30,4,600.97,124,At risk high value
1165,2025-11-03,2,200.09,59,Developing
1166,2025-10-31,9,960.41,62,Developing
1167,2025-10-30,6,483.23999999999995,63,Developing
1168,2025-12-05,3,446.15000000000003,27,Developing
1169,2025-12-06,3,294.28999999999996,26,Developing
1170,2025-11-14,7,1004.8299999999999,48,Developing
1171,2025-11-19,3,289.09000000000003,43,Developing
1172,2025-12-12,1,25.9,20,One-time
1173,2025-10-20,7,942.6,73,Developing
1174,2025-08-14,3,419.59000000000003,140,Developing
1175,2025-11-15,6,861.51,47,Developing
1176,2025-09-16,4,425.77,107,Developing
1177,2025-11-07,5,515.35,55,Developing
1178,2025-10-15,7,1021.52,78,Developing
1179,2025-12-23,11,897.02,9,Champions
1180,2025-11-23,9,803.59,39,Champions
1181,2025-12-04,5,487.72,28,Developing
1182,2025-10-28,4,466.61,65,Developing
1183,2025-08-13,4,776.99,141,At risk high value
1184,2025-09-02,5,513.76,121,At risk high value
1185,2025-10-08,3,424.04,85,Developing
1186,2025-12-10,3,425.33,22,Developing
1187,2025-09-05,3,808.03,118,At risk high value
1188,2025-09-11,9,868.4200000000001,112,At risk high value
1189,2025-10-05,6,687.46,88,Developing
1190,2025-12-17,4,582.86,15,Developing
1191,2025-11-22,1,167.86,40,One-time
1192,2025-07-01,5,501.28,184,At risk high value
1193,2025-12-07,5,1321.0,25,Developing
1194,2025-06-13,4,525.63,202,At risk high value
1195,2025-12-20,4,277.35,12,Developing
1196,2025-10-29,6,905.6500000000001,64,Developing
1197,2025-09-14,3,317.29,109,Developing
1198,2025-10-12,8,945.0500000000001,81,Developing
1199,2025-11-28,5,574.45,34,Developing
1200,2025-07-09,4,492.57,176,Developing
1201,2025-12-25,2,404.89,7,Developing
1202,2025-10-06,3,424.33,87,Developing
1203,2025-12-20,2,400.92999999999995,12,Developing
1204,2025-06-12,5,694.19,203,At risk high value
1205,2025-09-01,5,483.65,122,Developing
1206,2025-12-03,3,223.5,29,Developing
1207,2025-12-24,5,596.97,8,Developing
1208,2025-12-06,7,980.99,26,Champions
1209,2025-12-20,6,885.56,12,Champions
1210,2025-06-19,3,315.71000000000004,196,Developing
1211,2025-10-22,4,434.5,71,Developing
1212,2025-12-24,7,1037.24,8,Champions
1213,2025-11-16,4,602.63,46,Developing
1214,2025-11-29,9,1111.0,33,Champions
1215,2025-11-22,3,652.9,40,Developing
1216,2025-12-10,5,616.6999999999999,22,Developing
1217,2025-12-17,5,647.47,15,Developing
1218,2025-09-25,4,225.73,98,Developing
1219,2025-10-16,9,1059.3600000000001,77,Developing
1220,2025-03-09,2,189.44,298,Developing
1221,2025-12-25,7,1233.33,7,Champions
1222,2025-08-11,4,356.34000000000003,143,Developing
1223,2025-12-03,3,267.51,29,Developing
1224,2025-12-04,9,1399.22,28,Champions
1225,2025-12-07,6,900.24,25,Champions
1226,2025-12-10,5,389.78,22,Developing
1227,2025-12-19,11,1577.88,13,Champions
1228,2025-12-05,8,869.65,27,Champions
1229,2025-12-21,3,157.03,11,Developing
1230,2025-12-07,5,719.9,25,Developing
1231,2025-11-16,6,518.01,46,Developing
1232,2025-11-08,4,392.72,54,Developing
1233,2025-09-26,2,99.82,97,Developing
1234,2025-06-12,2,215.57999999999998,203,Developing
1235,2025-11-21,7,1029.79,41,Champions
1236,2025-10-10,4,392.09000000000003,83,Developing
1237,2025-12-05,6,1039.73,27,Champions
1238,2025-12-24,4,1086.02,8,Developing
1239,2025-08-01,3,359.48,153,Developing
1240,2025-08-01,3,460.27,153,Developing
1241,2025-09-07,4,586.64,116,At risk high value
1242,2025-07-29,5,959.96,156,At risk high value
1243,2025-08-26,1,229.02,128,One-time
1244,2025-08-31,4,746.43,123,At risk high value
1245,2025-11-02,9,1371.41,60,Developing
1246,2025-11-16,3,162.1,46,Developing
1247,2025-10-04,4,569.75,89,Developing
1248,2025-10-30,6,889.87,63,Developing
1249,2025-07-14,5,706.06,171,At risk high value
1250,2025-12-23,4,647.67,9,Developing
1251,2025-10-03,4,468.89,90,Developing
1252,2025-11-21,3,536.46,41,Developing
1253,2025-12-09,4,417.93,23,Developing
1254,2025-08-30,4,970.04,124,At risk high value
1255,2025-12-14,7,986.55,18,Champions
1256,2025-05-26,2,158.82999999999998,220,Developing
1257,2025-09-26,6,1138.3899999999999,97,At risk high value
1258,2025-12-03,7,1073.47,29,Champions
1259,2025-10-15,6,1046.4299999999998,78,Developing
1260,2025-12-05,6,1104.67,27,Champions
1261,2025-12-25,6,675.89,7,Champions
1262,2025-12-27,9,1025.19,5,Champions
1263,2025-10-25,8,772.12,68,Developing
1264,2025-11-21,8,1511.67,41,Champions
1265,2025-12-04,9,1140.2,28,Champions
1266,2025-08-30,3,533.25,124,At risk high value
1267,2025-10-13,3,373.66,80,Developing
1268,2025-08-26,4,572.31,128,At risk high value
1269,2025-09-10,5,599.0,113,At risk high value
1270,2025-12-24,4,504.01,8,Developing
1271,2025-09-11,3,521.87,112,At risk high value
1272,2025-11-12,4,418.09000000000003,50,Developing
1273,2025-09-13,6,1188.72,110,At risk high value
1274,2025-06-23,3,302.22,192,Developing
1275,2025-10-04,6,817.4200000000001,89,Developing
1276,2025-08-09,3,351.9,145,Developing
1277,2025-12-22,4,220.48,10,Developing
1278,2025-06-30,2,211.42,185,Developing
1279,2025-04-15,3,121.72999999999999,261,Developing
1280,2025-11-04,3,546.6,58,Developing
1281,2025-12-05,7,1095.28,27,Champions
1282,2025-08-13,5,667.78,141,At risk high value
1283,2025-12-21,5,623.4399999999999,11,Developing
1284,2025-11-21,5,708.3100000000001,41,Developing
1285,2025-09-02,3,440.63,121,Developing
1286,2025-10-02,4,215.21,91,Developing
1287,2025-12-09,9,1548.1,23,Champions
1288,2025-12-12,7,644.31,20,Champions
1289,2025-11-22,1,108.0,40,One-time
1290,2025-11-09,4,284.53,53,Developing
1291,2025-10-18,5,1010.0699999999999,75,Developing
1292,2025-09-16,6,591.46,107,At risk high value
1293,2025-11-15,4,552.03,47,Developing
1294,2025-12-31,5,911.66,1,Developing
1295,2025-12-23,3,458.0,9,Developing
1296,2025-01-21,2,207.93,345,Developing
1297,2025-12-03,7,967.53,29,Champions
1298,2025-12-23,6,680.55,9,Champions
1299,2025-02-21,1,193.56,314,One-time
1300,2025-05-18,2,222.13,228,Developing
