order_id,customer_id,amount_cents,status
1,41,68390,paid
2,10,7629,paid
3,15,1581,paid
4,1,63579,paid
5,48,23768,paid
6,36,40927,paid
7,34,59983,paid
8,23,87396,paid
9,5,11407,paid
10,24,19925,paid
11,30,74779,paid
12,46,819,paid
13,47,59501,paid
14,40,81655,paid
15,29,31677,paid
16,26,85703,paid
17,2,59931,paid
18,33,39638,paid
19,12,65857,paid
20,15,65450,paid
21,28,8446,paid
22,29,32883,paid
23,1,9779,paid
24,40,41632,paid
25,5,70796,paid
26,14,31384,paid
27,36,49466,paid
28,26,31768,paid
29,44,35177,paid
30,47,65458,paid
31,40,79262,paid
32,21,70769,paid
33,29,67219,paid
34,37,12089,paid
35,21,66998,paid
36,21,76182,paid
37,14,9699,paid
38,48,71690,paid
39,8,82333,paid
40,21,37515,paid
41,7,61905,paid
42,3,70116,paid
43,10,27271,paid
44,10,57217,paid
45,25,56329,paid
46,27,68549,paid
47,1,21558,paid
48,42,18681,paid
49,5,69595,paid
50,45,74098,paid
51,5,59438,paid
52,41,18395,paid
53,18,12519,paid
54,36,38852,paid
55,20,28124,paid
56,46,15608,paid
57,37,31564,paid
58,31,88130,paid
59,49,52481,paid
60,2,7619,paid
61,34,18114,paid
62,36,79654,paid
63,44,50395,paid
64,9,66150,paid
65,25,20865,paid
66,40,86639,paid
67,16,7699,paid
68,8,65873,paid
69,29,81079,paid
70,23,32480,paid
71,31,24577,paid
72,34,15845,paid
73,11,69270,paid
74,21,86149,paid
75,22,67211,paid
76,34,3576,paid
77,39,82199,paid
78,32,14684,paid
79,45,42850,paid
80,42,36824,paid
81,12,11049,paid
82,48,71650,paid
83,18,59695,paid
84,21,65015,paid
85,6,49849,paid
86,5,23480,paid
87,10,77426,paid
88,33,58521,paid
89,7,66125,paid
90,30,80052,paid
91,24,43776,paid
92,26,66219,paid
93,3,33066,paid
94,5,60935,paid
95,9,14319,paid
96,39,65462,paid
97,39,40824,paid
98,9,11553,paid
99,39,87996,paid
100,3,74664,paid
101,34,60859,paid
102,8,42716,paid
103,9,35738,paid
104,41,32643,paid
105,15,27061,paid
106,47,18971,paid
107,35,54426,paid
108,34,38543,paid
109,49,23492,paid
110,11,15576,paid
111,15,8279,paid
112,5,25169,paid
113,41,45334,paid
114,4,58651,paid
115,32,73004,paid
116,47,55396,paid
117,32,59927,paid
118,17,44151,paid
119,10,83531,paid
120,35,44686,paid
121,6,73054,paid
122,25,50289,paid
123,31,74570,paid
124,49,15818,paid
125,41,61560,paid
126,34,79921,paid
127,37,73977,paid
128,32,10074,paid
129,9,37024,paid
130,39,61422,paid
131,17,23493,paid
132,21,82796,paid
133,8,39552,paid
134,48,24860,paid
135,49,4949,paid
136,35,26077,paid
137,41,57803,paid
138,35,17862,paid
139,4,9683,paid
140,44,3845,paid
141,7,33257,paid
142,8,25371,paid
143,22,88630,paid
144,48,24003,paid
145,29,56974,paid
146,27,88419,paid
147,38,61708,paid
148,29,4226,paid
149,46,40363,paid
150,34,10320,paid
151,43,16683,paid
152,17,37211,paid
153,19,75250,paid
154,9,13459,paid
155,7,73829,paid
156,28,65744,paid
157,31,29057,paid
158,25,43007,paid
159,43,3889,paid
160,6,49324,paid
161,37,17086,paid
162,19,34749,paid
163,42,89179,paid
164,9,26982,paid
165,17,74998,paid
166,4,4962,paid
167,28,18572,paid
168,4,9971,paid
169,37,39005,paid
170,32,2895,paid
171,44,79411,paid
172,39,11353,paid
173,9,52023,paid
174,30,76921,paid
175,40,73870,paid
176,8,62189,paid
177,4,57182,paid
178,21,70297,paid
179,16,2160,paid
180,35,26037,paid
181,10,9340,paid
182,43,75651,paid
183,4,89093,paid
184,42,86217,paid
185,39,44504,paid
186,36,46251,paid
187,8,40956,paid
188,27,59368,paid
189,38,88175,paid
190,2,63260,paid
191,14,9919,paid
192,18,4480,paid
193,1,51554,paid
194,24,5306,paid
195,1,70930,paid
196,29,30569,paid
197,49,20414,paid
198,24,67972,paid
199,23,27759,paid
200,35,19116,paid
201,47,7965,paid
202,5,71896,paid
203,38,81921,paid
204,29,76217,paid
205,19,20039,paid
206,30,36866,paid
207,47,25391,paid
208,47,88771,paid
209,45,15217,paid
210,38,10781,paid
211,7,65523,paid
212,7,68003,paid
213,29,2105,paid
214,12,70960,paid
215,36,28701,paid
216,7,87233,paid
217,42,33394,paid
218,16,49468,paid
219,5,53442,paid
220,8,38709,paid
221,22,5672,paid
222,18,29175,paid
223,24,15320,paid
224,49,13637,paid
225,5,65319,paid
226,47,24568,paid
227,36,72733,paid
228,24,87648,paid
229,12,54559,paid
230,41,84407,paid
231,32,88656,paid
232,9,85545,paid
233,41,29516,paid
234,28,3315,paid
235,10,28095,paid
236,4,54650,paid
237,34,42297,paid
238,16,48289,paid
239,2,89352,paid
240,2,39358,paid
