customer_id,orders,amount_cents
1,5,217400
2,5,259520
3,3,177846
4,7,284192
5,10,511477
6,3,172227
7,7,455875
8,8,397699
9,9,342793
10,7,290509
11,2,84846
12,4,202425
14,3,51002
15,4,102371
16,4,107616
17,4,179853
18,4,105869
19,3,130038
20,1,28124
21,8,555721
22,3,161513
23,3,147635
24,6,239947
25,4,170490
26,3,183690
27,3,216336
28,4,96077
29,9,382949
30,4,268618
31,4,216334
32,6,249240
33,2,98159
34,9,329458
35,6,188204
36,7,356584
37,5,173721
38,4,242585
39,7,393760
40,5,363058
41,8,398048
42,5,264295
43,3,96223
44,4,168828
45,3,132165
46,3,56790
47,8,346021
48,5,215971
49,6,130791
