customer_sk,customer_id,region,valid_from,valid_to,is_current
1,1,North,2025-01-01,2025-03-01,0
2,1,South,2025-03-01,9999-12-31,1
3,2,North,2025-01-01,2025-03-01,0
4,2,South,2025-03-01,9999-12-31,1
5,3,North,2025-01-01,2025-03-01,0
6,3,South,2025-03-01,9999-12-31,1
7,4,North,2025-01-01,2025-03-01,0
8,4,South,2025-03-01,9999-12-31,1
9,5,North,2025-01-01,2025-03-01,0
10,5,South,2025-03-01,9999-12-31,1
11,6,North,2025-01-01,2025-03-01,0
12,6,South,2025-03-01,9999-12-31,1
13,7,North,2025-01-01,2025-03-01,0
14,7,South,2025-03-01,9999-12-31,1
15,8,North,2025-01-01,2025-03-01,0
16,8,South,2025-03-01,9999-12-31,1
17,9,North,2025-01-01,2025-03-01,0
18,9,South,2025-03-01,9999-12-31,1
19,10,North,2025-01-01,2025-03-01,0
20,10,South,2025-03-01,9999-12-31,1
21,11,North,2025-01-01,2025-03-01,0
22,11,South,2025-03-01,9999-12-31,1
23,12,North,2025-01-01,2025-03-01,0
24,12,South,2025-03-01,9999-12-31,1
25,13,North,2025-01-01,2025-03-01,0
26,13,South,2025-03-01,9999-12-31,1
27,14,North,2025-01-01,2025-03-01,0
28,14,South,2025-03-01,9999-12-31,1
29,15,North,2025-01-01,2025-03-01,0
30,15,South,2025-03-01,9999-12-31,1
31,16,North,2025-01-01,2025-03-01,0
32,16,South,2025-03-01,9999-12-31,1
33,17,North,2025-01-01,2025-03-01,0
34,17,South,2025-03-01,9999-12-31,1
35,18,North,2025-01-01,2025-03-01,0
36,18,South,2025-03-01,9999-12-31,1
37,19,North,2025-01-01,2025-03-01,0
38,19,South,2025-03-01,9999-12-31,1
39,20,North,2025-01-01,2025-03-01,0
40,20,South,2025-03-01,9999-12-31,1
41,21,North,2025-01-01,9999-12-31,1
42,22,North,2025-01-01,9999-12-31,1
43,23,North,2025-01-01,9999-12-31,1
44,24,North,2025-01-01,9999-12-31,1
45,25,North,2025-01-01,9999-12-31,1
46,26,North,2025-01-01,9999-12-31,1
47,27,North,2025-01-01,9999-12-31,1
48,28,North,2025-01-01,9999-12-31,1
49,29,North,2025-01-01,9999-12-31,1
50,30,North,2025-01-01,9999-12-31,1
51,31,North,2025-01-01,9999-12-31,1
52,32,North,2025-01-01,9999-12-31,1
53,33,North,2025-01-01,9999-12-31,1
54,34,North,2025-01-01,9999-12-31,1
55,35,North,2025-01-01,9999-12-31,1
56,36,North,2025-01-01,9999-12-31,1
57,37,North,2025-01-01,9999-12-31,1
58,38,North,2025-01-01,9999-12-31,1
59,39,North,2025-01-01,9999-12-31,1
60,40,North,2025-01-01,9999-12-31,1
61,41,North,2025-01-01,9999-12-31,1
62,42,North,2025-01-01,9999-12-31,1
63,43,North,2025-01-01,9999-12-31,1
64,44,North,2025-01-01,9999-12-31,1
65,45,North,2025-01-01,9999-12-31,1
66,46,North,2025-01-01,9999-12-31,1
67,47,North,2025-01-01,9999-12-31,1
68,48,North,2025-01-01,9999-12-31,1
69,49,North,2025-01-01,9999-12-31,1
70,50,North,2025-01-01,9999-12-31,1
71,51,North,2025-01-01,9999-12-31,1
72,52,North,2025-01-01,9999-12-31,1
73,53,North,2025-01-01,9999-12-31,1
74,54,North,2025-01-01,9999-12-31,1
75,55,North,2025-01-01,9999-12-31,1
76,56,North,2025-01-01,9999-12-31,1
77,57,North,2025-01-01,9999-12-31,1
78,58,North,2025-01-01,9999-12-31,1
79,59,North,2025-01-01,9999-12-31,1
80,60,North,2025-01-01,9999-12-31,1
