order_id,customer_id,order_date,amount_cents,customer_sk,region
1,2,2025-03-01,101,4,South
2,3,2025-04-15,102,6,South
3,4,2025-02-28,103,7,North
4,5,2025-03-01,104,10,South
5,6,2025-04-15,105,12,South
6,7,2025-02-28,106,13,North
7,8,2025-03-01,107,16,South
8,9,2025-04-15,108,18,South
9,10,2025-02-28,109,19,North
10,11,2025-03-01,110,22,South
11,12,2025-04-15,111,24,South
12,13,2025-02-28,112,25,North
13,14,2025-03-01,113,28,South
14,15,2025-04-15,114,30,South
15,16,2025-02-28,115,31,North
16,17,2025-03-01,116,34,South
17,18,2025-04-15,117,36,South
18,19,2025-02-28,118,37,North
19,20,2025-03-01,119,40,South
20,21,2025-04-15,120,41,North
21,22,2025-02-28,121,42,North
22,23,2025-03-01,122,43,North
23,24,2025-04-15,123,44,North
24,25,2025-02-28,124,45,North
25,26,2025-03-01,125,46,North
26,27,2025-04-15,126,47,North
27,28,2025-02-28,127,48,North
28,29,2025-03-01,128,49,North
29,30,2025-04-15,129,50,North
30,31,2025-02-28,130,51,North
31,32,2025-03-01,131,52,North
32,33,2025-04-15,132,53,North
33,34,2025-02-28,133,54,North
34,35,2025-03-01,134,55,North
35,36,2025-04-15,135,56,North
36,37,2025-02-28,136,57,North
37,38,2025-03-01,137,58,North
38,39,2025-04-15,138,59,North
39,40,2025-02-28,139,60,North
40,41,2025-03-01,140,61,North
41,42,2025-04-15,141,62,North
42,43,2025-02-28,142,63,North
43,44,2025-03-01,143,64,North
44,45,2025-04-15,144,65,North
45,46,2025-02-28,145,66,North
46,47,2025-03-01,146,67,North
47,48,2025-04-15,147,68,North
48,49,2025-02-28,148,69,North
49,50,2025-03-01,149,70,North
50,51,2025-04-15,150,71,North
51,52,2025-02-28,151,72,North
52,53,2025-03-01,152,73,North
53,54,2025-04-15,153,74,North
54,55,2025-02-28,154,75,North
55,56,2025-03-01,155,76,North
56,57,2025-04-15,156,77,North
57,58,2025-02-28,157,78,North
58,59,2025-03-01,158,79,North
59,60,2025-04-15,159,80,North
60,1,2025-02-28,160,1,North
61,2,2025-03-01,161,4,South
62,3,2025-04-15,162,6,South
63,4,2025-02-28,163,7,North
64,5,2025-03-01,164,10,South
65,6,2025-04-15,165,12,South
66,7,2025-02-28,166,13,North
67,8,2025-03-01,167,16,South
68,9,2025-04-15,168,18,South
69,10,2025-02-28,169,19,North
70,11,2025-03-01,170,22,South
71,12,2025-04-15,171,24,South
72,13,2025-02-28,172,25,North
73,14,2025-03-01,173,28,South
74,15,2025-04-15,174,30,South
75,16,2025-02-28,175,31,North
76,17,2025-03-01,176,34,South
77,18,2025-04-15,177,36,South
78,19,2025-02-28,178,37,North
79,20,2025-03-01,179,40,South
80,21,2025-04-15,180,41,North
81,22,2025-02-28,181,42,North
82,23,2025-03-01,182,43,North
83,24,2025-04-15,183,44,North
84,25,2025-02-28,184,45,North
85,26,2025-03-01,185,46,North
86,27,2025-04-15,186,47,North
87,28,2025-02-28,187,48,North
88,29,2025-03-01,188,49,North
89,30,2025-04-15,189,50,North
90,31,2025-02-28,190,51,North
91,32,2025-03-01,191,52,North
92,33,2025-04-15,192,53,North
93,34,2025-02-28,193,54,North
94,35,2025-03-01,194,55,North
95,36,2025-04-15,195,56,North
96,37,2025-02-28,196,57,North
97,38,2025-03-01,197,58,North
98,39,2025-04-15,198,59,North
99,40,2025-02-28,199,60,North
100,41,2025-03-01,200,61,North
101,42,2025-04-15,201,62,North
102,43,2025-02-28,202,63,North
103,44,2025-03-01,203,64,North
104,45,2025-04-15,204,65,North
105,46,2025-02-28,205,66,North
106,47,2025-03-01,206,67,North
107,48,2025-04-15,207,68,North
108,49,2025-02-28,208,69,North
109,50,2025-03-01,209,70,North
110,51,2025-04-15,210,71,North
111,52,2025-02-28,211,72,North
112,53,2025-03-01,212,73,North
113,54,2025-04-15,213,74,North
114,55,2025-02-28,214,75,North
115,56,2025-03-01,215,76,North
116,57,2025-04-15,216,77,North
117,58,2025-02-28,217,78,North
118,59,2025-03-01,218,79,North
119,60,2025-04-15,219,80,North
120,1,2025-02-28,220,1,North
121,2,2025-03-01,221,4,South
122,3,2025-04-15,222,6,South
123,4,2025-02-28,223,7,North
124,5,2025-03-01,224,10,South
125,6,2025-04-15,225,12,South
126,7,2025-02-28,226,13,North
127,8,2025-03-01,227,16,South
128,9,2025-04-15,228,18,South
129,10,2025-02-28,229,19,North
130,11,2025-03-01,230,22,South
131,12,2025-04-15,231,24,South
132,13,2025-02-28,232,25,North
133,14,2025-03-01,233,28,South
134,15,2025-04-15,234,30,South
135,16,2025-02-28,235,31,North
136,17,2025-03-01,236,34,South
137,18,2025-04-15,237,36,South
138,19,2025-02-28,238,37,North
139,20,2025-03-01,239,40,South
140,21,2025-04-15,240,41,North
141,22,2025-02-28,241,42,North
142,23,2025-03-01,242,43,North
143,24,2025-04-15,243,44,North
144,25,2025-02-28,244,45,North
145,26,2025-03-01,245,46,North
146,27,2025-04-15,246,47,North
147,28,2025-02-28,247,48,North
148,29,2025-03-01,248,49,North
149,30,2025-04-15,249,50,North
150,31,2025-02-28,250,51,North
151,32,2025-03-01,251,52,North
152,33,2025-04-15,252,53,North
153,34,2025-02-28,253,54,North
154,35,2025-03-01,254,55,North
155,36,2025-04-15,255,56,North
156,37,2025-02-28,256,57,North
157,38,2025-03-01,257,58,North
158,39,2025-04-15,258,59,North
159,40,2025-02-28,259,60,North
160,41,2025-03-01,260,61,North
161,42,2025-04-15,261,62,North
162,43,2025-02-28,262,63,North
163,44,2025-03-01,263,64,North
164,45,2025-04-15,264,65,North
165,46,2025-02-28,265,66,North
166,47,2025-03-01,266,67,North
167,48,2025-04-15,267,68,North
168,49,2025-02-28,268,69,North
169,50,2025-03-01,269,70,North
170,51,2025-04-15,270,71,North
171,52,2025-02-28,271,72,North
172,53,2025-03-01,272,73,North
173,54,2025-04-15,273,74,North
174,55,2025-02-28,274,75,North
175,56,2025-03-01,275,76,North
176,57,2025-04-15,276,77,North
177,58,2025-02-28,277,78,North
178,59,2025-03-01,278,79,North
179,60,2025-04-15,279,80,North
180,1,2025-02-28,280,1,North
181,2,2025-03-01,281,4,South
182,3,2025-04-15,282,6,South
183,4,2025-02-28,283,7,North
184,5,2025-03-01,284,10,South
185,6,2025-04-15,285,12,South
186,7,2025-02-28,286,13,North
187,8,2025-03-01,287,16,South
188,9,2025-04-15,288,18,South
189,10,2025-02-28,289,19,North
190,11,2025-03-01,290,22,South
191,12,2025-04-15,291,24,South
192,13,2025-02-28,292,25,North
193,14,2025-03-01,293,28,South
194,15,2025-04-15,294,30,South
195,16,2025-02-28,295,31,North
196,17,2025-03-01,296,34,South
197,18,2025-04-15,297,36,South
198,19,2025-02-28,298,37,North
199,20,2025-03-01,299,40,South
200,21,2025-04-15,300,41,North
201,22,2025-02-28,301,42,North
202,23,2025-03-01,302,43,North
203,24,2025-04-15,303,44,North
204,25,2025-02-28,304,45,North
205,26,2025-03-01,305,46,North
206,27,2025-04-15,306,47,North
207,28,2025-02-28,307,48,North
208,29,2025-03-01,308,49,North
209,30,2025-04-15,309,50,North
210,31,2025-02-28,310,51,North
211,32,2025-03-01,311,52,North
212,33,2025-04-15,312,53,North
213,34,2025-02-28,313,54,North
214,35,2025-03-01,314,55,North
215,36,2025-04-15,315,56,North
216,37,2025-02-28,316,57,North
217,38,2025-03-01,317,58,North
218,39,2025-04-15,318,59,North
219,40,2025-02-28,319,60,North
220,41,2025-03-01,320,61,North
221,42,2025-04-15,321,62,North
222,43,2025-02-28,322,63,North
223,44,2025-03-01,323,64,North
224,45,2025-04-15,324,65,North
225,46,2025-02-28,325,66,North
226,47,2025-03-01,326,67,North
227,48,2025-04-15,327,68,North
228,49,2025-02-28,328,69,North
229,50,2025-03-01,329,70,North
230,51,2025-04-15,330,71,North
231,52,2025-02-28,331,72,North
232,53,2025-03-01,332,73,North
233,54,2025-04-15,333,74,North
234,55,2025-02-28,334,75,North
235,56,2025-03-01,335,76,North
236,57,2025-04-15,336,77,North
237,58,2025-02-28,337,78,North
238,59,2025-03-01,338,79,North
239,60,2025-04-15,339,80,North
240,1,2025-02-28,340,1,North
241,2,2025-03-01,341,4,South
242,3,2025-04-15,342,6,South
243,4,2025-02-28,343,7,North
244,5,2025-03-01,344,10,South
245,6,2025-04-15,345,12,South
246,7,2025-02-28,346,13,North
247,8,2025-03-01,347,16,South
248,9,2025-04-15,348,18,South
249,10,2025-02-28,349,19,North
250,11,2025-03-01,350,22,South
251,12,2025-04-15,351,24,South
252,13,2025-02-28,352,25,North
253,14,2025-03-01,353,28,South
254,15,2025-04-15,354,30,South
255,16,2025-02-28,355,31,North
256,17,2025-03-01,356,34,South
257,18,2025-04-15,357,36,South
258,19,2025-02-28,358,37,North
259,20,2025-03-01,359,40,South
260,21,2025-04-15,360,41,North
261,22,2025-02-28,361,42,North
262,23,2025-03-01,362,43,North
263,24,2025-04-15,363,44,North
264,25,2025-02-28,364,45,North
265,26,2025-03-01,365,46,North
266,27,2025-04-15,366,47,North
267,28,2025-02-28,367,48,North
268,29,2025-03-01,368,49,North
269,30,2025-04-15,369,50,North
270,31,2025-02-28,370,51,North
271,32,2025-03-01,371,52,North
272,33,2025-04-15,372,53,North
273,34,2025-02-28,373,54,North
274,35,2025-03-01,374,55,North
275,36,2025-04-15,375,56,North
276,37,2025-02-28,376,57,North
277,38,2025-03-01,377,58,North
278,39,2025-04-15,378,59,North
279,40,2025-02-28,379,60,North
280,41,2025-03-01,380,61,North
281,42,2025-04-15,381,62,North
282,43,2025-02-28,382,63,North
283,44,2025-03-01,383,64,North
284,45,2025-04-15,384,65,North
285,46,2025-02-28,385,66,North
286,47,2025-03-01,386,67,North
287,48,2025-04-15,387,68,North
288,49,2025-02-28,388,69,North
289,50,2025-03-01,389,70,North
290,51,2025-04-15,390,71,North
291,52,2025-02-28,391,72,North
292,53,2025-03-01,392,73,North
293,54,2025-04-15,393,74,North
294,55,2025-02-28,394,75,North
295,56,2025-03-01,395,76,North
296,57,2025-04-15,396,77,North
297,58,2025-02-28,397,78,North
298,59,2025-03-01,398,79,North
299,60,2025-04-15,399,80,North
300,1,2025-02-28,400,1,North
