record_id,partition_date,amount_cents
1,2025-04-02,1191
2,2025-04-03,7167
3,2025-04-04,9480
4,2025-04-05,13929
5,2025-04-01,17865
6,2025-04-02,10514
7,2025-04-03,11595
8,2025-04-04,9998
9,2025-04-05,944
10,2025-04-01,19313
11,2025-04-02,13246
12,2025-04-03,12944
13,2025-04-04,5083
14,2025-04-05,18365
15,2025-04-01,8430
16,2025-04-02,15280
17,2025-04-03,2931
18,2025-04-04,9651
19,2025-04-05,1382
20,2025-04-01,11413
21,2025-04-02,4049
22,2025-04-03,1021
23,2025-04-04,17232
24,2025-04-05,10288
25,2025-04-01,16443
26,2025-04-02,15637
27,2025-04-03,3485
28,2025-04-04,1884
29,2025-04-05,9742
30,2025-04-01,3218
31,2025-04-02,8997
32,2025-04-03,3168
33,2025-04-04,11812
34,2025-04-05,2726
35,2025-04-01,4589
36,2025-04-02,4905
37,2025-04-03,4663
38,2025-04-04,4755
39,2025-04-05,19355
40,2025-04-01,10658
41,2025-04-02,7538
42,2025-04-03,11521
43,2025-04-04,8856
44,2025-04-05,1617
45,2025-04-01,7377
46,2025-04-02,4857
47,2025-04-03,16839
48,2025-04-04,4270
49,2025-04-05,1196
50,2025-04-01,7403
51,2025-04-02,6499
52,2025-04-03,5184
53,2025-04-04,8432
54,2025-04-05,5170
55,2025-04-01,12703
56,2025-04-02,12857
57,2025-04-03,7110
58,2025-04-04,15598
59,2025-04-05,15213
60,2025-04-01,16577
61,2025-04-02,13314
62,2025-04-03,310
63,2025-04-04,19307
64,2025-04-05,12042
65,2025-04-01,10871
66,2025-04-02,7967
67,2025-04-03,2915
68,2025-04-04,12933
69,2025-04-05,600
70,2025-04-01,15121
71,2025-04-02,13301
72,2025-04-03,8681
73,2025-04-04,9707
74,2025-04-05,1958
75,2025-04-01,7616
76,2025-04-02,9546
77,2025-04-03,19901
78,2025-04-04,2008
79,2025-04-05,15196
80,2025-04-01,3259
81,2025-04-02,15002
82,2025-04-03,17511
83,2025-04-04,12651
84,2025-04-05,7191
85,2025-04-01,9310
86,2025-04-02,12660
87,2025-04-03,17189
88,2025-04-04,15793
89,2025-04-05,15770
90,2025-04-01,13476
91,2025-04-02,19323
92,2025-04-03,6990
93,2025-04-04,11521
94,2025-04-05,2532
95,2025-04-01,17308
96,2025-04-02,17397
97,2025-04-03,2782
98,2025-04-04,11639
99,2025-04-05,16776
100,2025-04-01,2991
101,2025-04-02,5608
102,2025-04-03,12702
103,2025-04-04,6279
104,2025-04-05,6371
105,2025-04-01,8871
106,2025-04-02,18876
107,2025-04-03,9300
108,2025-04-04,13589
109,2025-04-05,8306
110,2025-04-01,8991
111,2025-04-02,3827
112,2025-04-03,1251
113,2025-04-04,3520
114,2025-04-05,8374
115,2025-04-01,15975
116,2025-04-02,8308
117,2025-04-03,14949
118,2025-04-04,13933
119,2025-04-05,5604
120,2025-04-01,19330
121,2025-04-02,11686
122,2025-04-03,13516
123,2025-04-04,1221
124,2025-04-05,13300
125,2025-04-01,12800
126,2025-04-02,15042
127,2025-04-03,4214
128,2025-04-04,17182
129,2025-04-05,13983
130,2025-04-01,9510
131,2025-04-02,12497
132,2025-04-03,19036
133,2025-04-04,5880
134,2025-04-05,12206
135,2025-04-01,4814
136,2025-04-02,1117
137,2025-04-03,5356
138,2025-04-04,7996
139,2025-04-05,4507
140,2025-04-01,13178
141,2025-04-02,4228
142,2025-04-03,14915
143,2025-04-04,19217
144,2025-04-05,13661
145,2025-04-01,3805
146,2025-04-02,6759
147,2025-04-03,15107
148,2025-04-04,3009
149,2025-04-05,17265
150,2025-04-01,2777
151,2025-04-02,15590
152,2025-04-03,16641
153,2025-04-04,16048
154,2025-04-05,8693
155,2025-04-01,1379
156,2025-04-02,5230
157,2025-04-03,18392
158,2025-04-04,2624
159,2025-04-05,691
160,2025-04-01,11497
161,2025-04-02,8369
162,2025-04-03,15934
163,2025-04-04,7974
164,2025-04-05,7847
165,2025-04-01,7496
166,2025-04-02,16500
167,2025-04-03,16875
168,2025-04-04,15379
169,2025-04-05,8273
170,2025-04-01,6664
171,2025-04-02,6154
172,2025-04-03,4318
173,2025-04-04,9876
174,2025-04-05,8688
175,2025-04-01,2276
176,2025-04-02,1311
177,2025-04-03,2162
178,2025-04-04,8263
179,2025-04-05,11635
180,2025-04-01,17000
181,2025-04-02,4147
182,2025-04-03,14467
183,2025-04-04,6087
184,2025-04-05,16180
185,2025-04-01,4062
186,2025-04-02,9886
187,2025-04-03,2348
188,2025-04-04,6640
189,2025-04-05,1248
190,2025-04-01,19896
191,2025-04-02,3829
192,2025-04-03,9253
193,2025-04-04,11577
194,2025-04-05,18963
195,2025-04-01,3453
196,2025-04-02,18639
197,2025-04-03,3892
198,2025-04-04,7148
199,2025-04-05,11350
200,2025-04-01,2805
201,2025-04-02,12460
202,2025-04-03,16832
203,2025-04-04,5406
204,2025-04-05,14266
205,2025-04-01,7785
206,2025-04-02,14578
207,2025-04-03,11059
208,2025-04-04,14125
209,2025-04-05,19375
210,2025-04-01,10286
211,2025-04-02,9899
212,2025-04-03,5151
213,2025-04-04,1565
214,2025-04-05,11794
215,2025-04-01,15987
216,2025-04-02,6228
217,2025-04-03,3608
218,2025-04-04,7830
219,2025-04-05,9860
220,2025-04-01,6302
221,2025-04-02,8446
222,2025-04-03,11198
223,2025-04-04,3367
224,2025-04-05,305
225,2025-04-01,4099
226,2025-04-02,357
227,2025-04-03,10617
228,2025-04-04,11276
229,2025-04-05,10896
230,2025-04-01,9344
231,2025-04-02,9809
232,2025-04-03,6909
233,2025-04-04,18280
234,2025-04-05,1927
235,2025-04-01,7717
236,2025-04-02,15853
237,2025-04-03,10485
238,2025-04-04,4250
239,2025-04-05,16697
240,2025-04-01,9638
241,2025-04-02,11947
242,2025-04-03,13778
243,2025-04-04,3126
244,2025-04-05,10351
245,2025-04-01,16628
246,2025-04-02,13114
247,2025-04-03,5103
248,2025-04-04,13573
249,2025-04-05,2819
250,2025-04-01,4917
251,2025-04-02,6438
252,2025-04-03,9562
253,2025-04-04,16627
254,2025-04-05,7329
255,2025-04-01,4065
256,2025-04-02,2904
257,2025-04-03,1850
258,2025-04-04,10232
259,2025-04-05,14094
260,2025-04-01,3552
261,2025-04-02,16620
262,2025-04-03,16981
263,2025-04-04,15496
264,2025-04-05,2050
265,2025-04-01,14070
266,2025-04-02,2791
267,2025-04-03,8931
268,2025-04-04,14101
269,2025-04-05,18421
270,2025-04-01,16603
271,2025-04-02,11435
272,2025-04-03,7242
273,2025-04-04,16420
274,2025-04-05,3496
275,2025-04-01,16380
276,2025-04-02,4241
277,2025-04-03,5787
278,2025-04-04,4010
279,2025-04-05,5453
280,2025-04-01,582
281,2025-04-02,6451
282,2025-04-03,872
283,2025-04-04,2249
284,2025-04-05,2009
285,2025-04-01,3217
286,2025-04-02,7233
287,2025-04-03,19910
288,2025-04-04,2323
289,2025-04-05,18717
290,2025-04-01,13509
291,2025-04-02,3389
292,2025-04-03,14033
293,2025-04-04,1935
294,2025-04-05,17746
295,2025-04-01,16060
296,2025-04-02,17087
297,2025-04-03,13916
298,2025-04-04,17398
299,2025-04-05,2478
300,2025-04-01,7363
301,2025-04-02,11794
302,2025-04-03,10244
303,2025-04-04,13548
304,2025-04-05,10840
305,2025-04-01,4625
306,2025-04-02,3332
307,2025-04-03,15071
308,2025-04-04,18879
309,2025-04-05,17071
310,2025-04-01,182
311,2025-04-02,5217
312,2025-04-03,11100
313,2025-04-04,1890
314,2025-04-05,13889
315,2025-04-01,7079
316,2025-04-02,4583
317,2025-04-03,16690
318,2025-04-04,2434
319,2025-04-05,19869
320,2025-04-01,5022
321,2025-04-02,4389
322,2025-04-03,6656
323,2025-04-04,4600
324,2025-04-05,14806
325,2025-04-01,8776
326,2025-04-02,10852
327,2025-04-03,7919
328,2025-04-04,4128
329,2025-04-05,14681
330,2025-04-01,13555
331,2025-04-02,3155
332,2025-04-03,1239
333,2025-04-04,11525
334,2025-04-05,13713
335,2025-04-01,4074
336,2025-04-02,14898
337,2025-04-03,190
338,2025-04-04,9560
339,2025-04-05,16568
340,2025-04-01,16816
341,2025-04-02,13919
342,2025-04-03,10253
343,2025-04-04,16204
344,2025-04-05,19108
345,2025-04-01,4250
346,2025-04-02,4030
347,2025-04-03,18296
348,2025-04-04,5404
349,2025-04-05,14877
350,2025-04-01,9429
351,2025-04-02,9800
352,2025-04-03,4194
353,2025-04-04,12108
354,2025-04-05,15090
355,2025-04-01,3312
356,2025-04-02,11343
357,2025-04-03,3515
358,2025-04-04,5916
359,2025-04-05,17947
360,2025-04-01,4714
361,2025-04-02,19783
362,2025-04-03,3613
363,2025-04-04,7854
364,2025-04-05,1921
365,2025-04-01,407
366,2025-04-02,11810
367,2025-04-03,6228
368,2025-04-04,13360
369,2025-04-05,2749
370,2025-04-01,13772
371,2025-04-02,10684
372,2025-04-03,13986
373,2025-04-04,5095
374,2025-04-05,8562
375,2025-04-01,6387
376,2025-04-02,8240
377,2025-04-03,3588
378,2025-04-04,18826
379,2025-04-05,15201
380,2025-04-01,13928
381,2025-04-02,3211
382,2025-04-03,12997
383,2025-04-04,15614
384,2025-04-05,7928
385,2025-04-01,5026
386,2025-04-02,4012
387,2025-04-03,14911
388,2025-04-04,13729
389,2025-04-05,5196
390,2025-04-01,18194
391,2025-04-02,10618
392,2025-04-03,3810
393,2025-04-04,1958
394,2025-04-05,11245
395,2025-04-01,3378
396,2025-04-02,2067
397,2025-04-03,10111
398,2025-04-04,19066
399,2025-04-05,2266
400,2025-04-01,581
