date,channel,clicks,conversions,new_customers,spend,attributed_revenue
2025-01-01,Search,374,17,13,469.59,1212.59
2025-01-01,Social,423,15,10,282.43,1011.87
2025-01-01,Email,220,5,3,215.67,307.75
2025-01-01,Display,106,1,0,57.08,65.17
2025-01-02,Search,338,12,8,164.0,782.66
2025-01-02,Social,473,12,7,522.21,761.73
2025-01-02,Email,110,4,1,90.88,193.34
2025-01-02,Display,260,2,0,88.84,163.09
2025-01-03,Search,135,6,5,169.69,467.88
2025-01-03,Social,363,9,8,436.96,699.98
2025-01-03,Email,222,6,4,248.28,409.01
2025-01-03,Display,208,6,5,157.86,288.01
2025-01-04,Search,154,7,3,86.67,576.95
2025-01-04,Social,145,5,3,99.24,305.47
2025-01-04,Email,495,33,14,326.64,2863.7
2025-01-04,Display,239,1,0,251.01,76.88
2025-01-05,Search,417,21,14,425.78,1392.58
2025-01-05,Social,190,6,2,190.84,284.38
2025-01-05,Email,393,19,10,135.9,1594.71
2025-01-05,Display,473,4,4,637.25,319.45
2025-01-06,Search,469,22,15,297.48,1839.17
2025-01-06,Social,387,12,9,268.63,1060.91
2025-01-06,Email,302,11,8,429.25,847.62
2025-01-06,Display,381,6,4,493.54,506.37
2025-01-07,Search,186,10,2,188.88,592.93
2025-01-07,Social,113,3,2,147.49,246.43
2025-01-07,Email,218,13,9,282.45,824.2
2025-01-07,Display,447,9,6,149.96,754.63
2025-01-08,Search,149,10,7,108.89,800.13
2025-01-08,Social,387,9,5,180.63,519.65
2025-01-08,Email,248,18,8,332.89,1210.23
2025-01-08,Display,326,8,6,445.12,666.15
2025-01-09,Search,466,20,9,284.98,910.79
2025-01-09,Social,304,12,10,126.64,955.23
2025-01-09,Email,263,19,15,246.52,900.45
2025-01-09,Display,435,6,4,648.6,499.29
2025-01-10,Search,196,11,6,279.83,892.23
2025-01-10,Social,124,2,1,126.39,137.04
2025-01-10,Email,404,34,22,324.8,2300.52
2025-01-10,Display,449,1,0,403.26,63.68
2025-01-11,Search,248,9,6,318.7,525.07
2025-01-11,Social,149,7,4,87.85,332.66
2025-01-11,Email,234,21,16,247.11,1555.94
2025-01-11,Display,168,3,2,121.48,195.69
2025-01-12,Search,439,23,12,496.28,1935.86
2025-01-12,Social,234,5,3,271.63,336.71
2025-01-12,Email,124,10,4,133.83,749.82
2025-01-12,Display,292,2,1,388.22,166.01
2025-01-13,Search,399,19,13,516.89,1102.49
2025-01-13,Social,190,5,4,273.19,332.05
2025-01-13,Email,291,15,9,223.11,1181.8
2025-01-13,Display,107,2,1,122.37,122.12
2025-01-14,Search,219,11,8,136.51,903.33
2025-01-14,Social,145,7,6,56.36,467.07
2025-01-14,Email,162,11,8,109.39,701.46
2025-01-14,Display,162,0,0,242.49,0.0
2025-01-15,Search,481,17,10,611.62,1209.91
2025-01-15,Social,334,11,7,360.53,885.36
2025-01-15,Email,282,14,8,397.4,932.92
2025-01-15,Display,309,8,5,409.47,528.29
2025-01-16,Search,472,24,20,526.49,1199.94
2025-01-16,Social,112,2,2,140.93,172.21
2025-01-16,Email,398,24,18,374.32,1201.74
2025-01-16,Display,475,9,4,684.7,850.12
2025-01-17,Search,275,10,8,324.41,747.08
2025-01-17,Social,141,5,3,107.88,274.43
2025-01-17,Email,145,9,7,205.46,551.74
2025-01-17,Display,288,3,2,365.38,184.35
2025-01-18,Search,354,11,7,182.23,587.42
2025-01-18,Social,244,7,4,343.51,382.54
2025-01-18,Email,313,21,9,338.03,1314.5
2025-01-18,Display,141,1,0,66.86,54.77
2025-01-19,Search,402,13,5,195.91,607.63
2025-01-19,Social,416,7,3,594.45,468.01
2025-01-19,Email,178,10,7,162.97,500.47
2025-01-19,Display,243,5,4,289.04,422.37
2025-01-20,Search,342,19,12,295.05,1086.35
2025-01-20,Social,355,4,3,268.94,262.09
2025-01-20,Email,370,23,17,191.79,1108.39
2025-01-20,Display,141,1,1,115.47,77.62
2025-01-21,Search,236,9,6,154.82,603.29
2025-01-21,Social,373,5,5,471.56,344.13
2025-01-21,Email,181,8,5,55.45,724.47
2025-01-21,Display,375,7,4,309.51,583.31
2025-01-22,Search,295,14,9,229.62,870.66
2025-01-22,Social,307,8,2,385.09,633.95
2025-01-22,Email,286,12,10,130.71,1032.67
2025-01-22,Display,240,4,3,85.84,325.41
2025-01-23,Search,467,24,17,303.4,1483.59
2025-01-23,Social,409,6,4,452.56,458.98
2025-01-23,Email,498,31,19,737.71,2037.23
2025-01-23,Display,420,1,1,441.63,75.07
2025-01-24,Search,234,10,5,120.7,583.05
2025-01-24,Social,310,9,4,394.7,661.42
2025-01-24,Email,424,31,19,331.24,1471.83
2025-01-24,Display,115,1,1,75.52,75.82
2025-01-25,Search,384,16,10,120.56,1281.25
2025-01-25,Social,215,9,7,132.92,678.17
2025-01-25,Email,410,33,23,265.88,2791.8
2025-01-25,Display,114,2,2,69.21,181.2
2025-01-26,Search,394,23,15,334.07,1041.72
2025-01-26,Social,399,9,5,471.52,520.97
2025-01-26,Email,456,39,25,300.19,2558.68
2025-01-26,Display,356,3,0,491.15,234.8
2025-01-27,Search,425,11,8,279.01,998.58
2025-01-27,Social,182,10,6,95.9,666.94
2025-01-27,Email,446,27,19,270.31,2230.3
2025-01-27,Display,353,4,2,146.01,222.74
2025-01-28,Search,177,11,6,234.37,981.59
2025-01-28,Social,112,5,3,136.41,350.84
2025-01-28,Email,247,17,10,219.64,1399.98
2025-01-28,Display,161,0,0,206.84,0.0
2025-01-29,Search,256,14,10,141.03,1089.82
2025-01-29,Social,293,11,8,248.24,637.17
2025-01-29,Email,139,9,5,147.21,416.53
2025-01-29,Display,172,3,1,248.18,239.53
2025-01-30,Search,494,21,14,464.77,1802.65
2025-01-30,Social,320,6,3,442.56,418.09
2025-01-30,Email,408,31,21,173.87,1782.07
2025-01-30,Display,181,3,1,118.18,139.94
2025-01-31,Search,185,6,4,106.7,548.06
2025-01-31,Social,159,4,3,188.35,321.37
2025-01-31,Email,488,27,18,367.97,1718.56
2025-01-31,Display,121,4,4,57.63,247.88
2025-02-01,Search,363,9,8,179.32,574.35
2025-02-01,Social,271,12,8,215.23,1080.35
2025-02-01,Email,161,13,9,215.76,1213.29
2025-02-01,Display,352,8,6,350.2,610.47
2025-02-02,Search,353,20,12,238.5,1506.58
2025-02-02,Social,332,15,13,168.02,1257.34
2025-02-02,Email,322,17,11,109.98,1126.63
2025-02-02,Display,117,4,3,39.52,259.38
2025-02-03,Search,350,20,14,356.57,1586.35
2025-02-03,Social,193,7,4,70.44,408.59
2025-02-03,Email,307,17,15,247.78,1157.54
2025-02-03,Display,358,3,2,226.38,231.75
2025-02-04,Search,333,10,7,367.24,609.83
2025-02-04,Social,303,6,2,353.99,530.26
2025-02-04,Email,499,36,24,309.08,2883.3
2025-02-04,Display,161,3,1,180.05,254.25
2025-02-05,Search,248,10,8,263.7,505.15
2025-02-05,Social,477,14,12,405.57,956.1
2025-02-05,Email,479,39,26,639.42,3478.26
2025-02-05,Display,361,6,4,518.03,469.74
2025-02-06,Search,476,16,10,554.7,976.62
2025-02-06,Social,357,9,5,324.68,651.48
2025-02-06,Email,247,15,10,154.68,1249.79
2025-02-06,Display,188,2,2,247.91,172.43
2025-02-07,Search,485,20,12,263.64,1339.19
2025-02-07,Social,485,7,3,492.3,375.52
2025-02-07,Email,119,5,1,48.46,250.97
2025-02-07,Display,438,8,5,463.51,513.27
2025-02-08,Search,464,16,7,596.8,840.0
2025-02-08,Social,173,3,2,223.86,274.84
2025-02-08,Email,252,18,11,94.58,1651.36
2025-02-08,Display,154,3,3,57.78,267.67
2025-02-09,Search,498,21,13,680.19,1693.63
2025-02-09,Social,390,10,7,319.8,732.93
2025-02-09,Email,333,20,13,321.14,1208.17
2025-02-09,Display,423,7,4,622.95,486.47
2025-02-10,Search,235,10,8,251.04,454.39
2025-02-10,Social,472,16,12,237.97,1206.28
2025-02-10,Email,475,18,10,218.52,1027.73
2025-02-10,Display,237,6,5,277.81,358.16
2025-02-11,Search,306,15,8,105.45,834.78
2025-02-11,Social,447,7,4,293.51,576.32
2025-02-11,Email,401,28,16,499.58,2307.71
2025-02-11,Display,106,1,1,108.05,86.11
2025-02-12,Search,332,15,10,439.01,849.84
2025-02-12,Social,176,3,2,244.29,261.32
2025-02-12,Email,264,15,11,336.25,764.69
2025-02-12,Display,458,5,2,379.67,424.52
2025-02-13,Search,246,18,10,159.0,1699.69
2025-02-13,Social,207,6,4,272.53,298.02
2025-02-13,Email,232,13,9,341.84,674.07
2025-02-13,Display,184,1,0,229.83,45.41
2025-02-14,Search,378,22,13,496.63,1662.25
2025-02-14,Social,222,4,3,285.23,190.89
2025-02-14,Email,399,26,17,206.71,1324.4
2025-02-14,Display,354,6,3,398.34,343.0
2025-02-15,Search,167,8,5,84.97,749.55
2025-02-15,Social,280,2,2,206.46,127.92
2025-02-15,Email,403,22,13,290.75,1593.29
2025-02-15,Display,264,6,3,368.31,526.15
2025-02-16,Search,312,19,12,181.24,1796.61
2025-02-16,Social,428,11,6,448.73,920.14
2025-02-16,Email,135,6,3,151.89,510.7
2025-02-16,Display,133,2,1,83.74,108.57
2025-02-17,Search,339,17,11,319.7,1155.58
2025-02-17,Social,383,10,8,288.89,712.24
2025-02-17,Email,121,8,6,167.62,538.94
2025-02-17,Display,350,7,6,379.34,535.6
2025-02-18,Search,450,18,9,461.86,1709.11
2025-02-18,Social,482,15,11,317.33,947.47
2025-02-18,Email,353,27,16,395.78,1476.12
2025-02-18,Display,152,4,2,48.96,224.28
2025-02-19,Search,101,3,2,74.93,200.42
2025-02-19,Social,482,19,11,457.38,1591.69
2025-02-19,Email,221,18,13,326.64,913.11
2025-02-19,Display,332,7,4,391.41,412.86
2025-02-20,Search,131,7,4,62.8,440.18
2025-02-20,Social,455,7,6,279.71,418.24
2025-02-20,Email,345,13,9,296.99,1129.97
2025-02-20,Display,329,7,5,387.24,364.73
2025-02-21,Search,232,6,3,147.46,430.29
2025-02-21,Social,253,7,7,175.75,478.89
2025-02-21,Email,228,16,12,90.55,743.2
2025-02-21,Display,187,2,2,119.68,129.62
2025-02-22,Search,367,18,13,227.67,1311.41
2025-02-22,Social,494,15,10,642.59,1283.46
2025-02-22,Email,197,12,7,60.29,630.46
2025-02-22,Display,484,3,2,549.46,157.99
2025-02-23,Search,106,10,5,41.3,821.88
2025-02-23,Social,390,5,3,197.73,432.06
2025-02-23,Email,233,14,8,146.4,1262.13
2025-02-23,Display,203,3,1,227.51,141.76
2025-02-24,Search,241,11,9,229.15,822.88
2025-02-24,Social,209,3,3,132.3,174.46
2025-02-24,Email,422,23,17,499.75,1836.73
2025-02-24,Display,396,9,5,333.6,408.07
2025-02-25,Search,331,12,9,453.59,580.33
2025-02-25,Social,228,6,5,73.21,277.36
2025-02-25,Email,385,21,14,530.0,1651.66
2025-02-25,Display,494,10,4,345.2,585.32
2025-02-26,Search,439,14,10,517.67,1316.98
2025-02-26,Social,217,3,2,148.39,226.01
2025-02-26,Email,253,13,9,91.59,821.51
2025-02-26,Display,189,2,2,148.36,186.93
2025-02-27,Search,385,16,12,307.37,1144.3
2025-02-27,Social,378,10,7,181.19,608.47
2025-02-27,Email,445,25,13,534.04,1762.72
2025-02-27,Display,105,0,0,43.26,0.0
2025-02-28,Search,418,24,13,546.77,1997.85
2025-02-28,Social,195,6,4,290.49,494.1
2025-02-28,Email,394,22,16,260.61,2021.86
2025-02-28,Display,213,3,2,66.2,198.02
2025-03-01,Search,217,10,8,114.89,893.83
2025-03-01,Social,103,2,0,127.18,133.78
2025-03-01,Email,276,11,4,222.16,681.31
2025-03-01,Display,470,12,8,191.94,958.3
2025-03-02,Search,436,9,7,485.37,440.86
2025-03-02,Social,400,6,5,351.79,465.59
2025-03-02,Email,159,11,9,79.38,621.68
2025-03-02,Display,269,6,2,338.82,422.13
2025-03-03,Search,155,4,2,100.74,336.4
2025-03-03,Social,208,4,2,172.79,224.36
2025-03-03,Email,222,11,7,313.54,777.67
2025-03-03,Display,420,10,7,268.19,729.82
2025-03-04,Search,367,14,7,348.64,923.41
2025-03-04,Social,248,8,6,136.29,713.58
2025-03-04,Email,228,12,8,103.14,984.19
2025-03-04,Display,336,5,4,199.46,434.91
2025-03-05,Search,228,7,6,285.75,566.43
2025-03-05,Social,461,10,5,212.28,651.86
2025-03-05,Email,245,13,6,245.8,615.22
2025-03-05,Display,483,7,5,246.65,590.58
2025-03-06,Search,230,16,9,290.57,1000.68
2025-03-06,Social,132,1,0,136.6,61.87
2025-03-06,Email,321,24,16,181.37,1160.21
2025-03-06,Display,205,1,1,187.85,72.04
2025-03-07,Search,363,18,13,526.96,984.81
2025-03-07,Social,413,12,10,468.64,1085.11
2025-03-07,Email,465,24,16,462.3,1999.94
2025-03-07,Display,317,4,2,386.3,232.9
2025-03-08,Search,418,29,17,459.04,1567.32
2025-03-08,Social,144,5,3,117.11,321.75
2025-03-08,Email,420,23,15,528.94,1883.12
2025-03-08,Display,246,2,0,94.34,186.79
2025-03-09,Search,266,9,5,301.24,624.75
2025-03-09,Social,465,5,4,212.13,261.71
2025-03-09,Email,375,27,18,242.16,2516.25
2025-03-09,Display,433,6,5,370.57,332.42
2025-03-10,Search,157,6,4,66.36,556.37
2025-03-10,Social,158,5,4,228.72,351.98
2025-03-10,Email,490,32,20,440.46,2231.01
2025-03-10,Display,277,1,0,364.05,59.25
2025-03-11,Search,487,22,12,541.64,1715.44
2025-03-11,Social,386,6,5,462.36,379.47
2025-03-11,Email,263,10,4,284.09,534.68
2025-03-11,Display,475,4,2,232.3,180.99
2025-03-12,Search,388,16,9,422.9,1511.09
2025-03-12,Social,103,2,1,48.98,114.34
2025-03-12,Email,160,3,3,80.75,238.17
2025-03-12,Display,288,3,3,214.25,231.9
2025-03-13,Search,172,7,5,75.39,432.73
2025-03-13,Social,247,5,4,128.92,364.25
2025-03-13,Email,257,10,8,326.94,746.43
2025-03-13,Display,458,7,6,580.11,557.25
2025-03-14,Search,469,23,16,480.24,1796.9
2025-03-14,Social,324,5,3,154.11,275.29
2025-03-14,Email,164,10,6,86.34,820.44
2025-03-14,Display,240,2,2,140.51,189.99
2025-03-15,Search,110,2,1,149.57,159.08
2025-03-15,Social,489,12,9,486.33,697.51
2025-03-15,Email,344,25,20,129.89,1623.38
2025-03-15,Display,393,5,1,317.57,422.99
2025-03-16,Search,383,13,5,488.77,842.98
2025-03-16,Social,147,5,3,100.89,410.82
2025-03-16,Email,124,4,2,43.74,225.91
2025-03-16,Display,269,5,3,249.87,470.74
2025-03-17,Search,194,10,6,223.24,615.25
2025-03-17,Social,114,3,2,158.74,282.0
2025-03-17,Email,123,8,5,103.85,600.46
2025-03-17,Display,100,0,0,124.39,0.0
2025-03-18,Search,411,20,11,404.87,1258.35
2025-03-18,Social,427,8,3,596.99,635.56
2025-03-18,Email,416,17,12,211.2,1403.53
2025-03-18,Display,175,4,3,120.39,332.24
2025-03-19,Search,240,11,5,275.31,869.27
2025-03-19,Social,317,8,6,278.81,446.05
2025-03-19,Email,429,33,21,286.69,2312.79
2025-03-19,Display,246,5,2,312.13,437.29
2025-03-20,Search,398,22,17,123.09,1007.5
2025-03-20,Social,413,9,4,271.71,434.95
2025-03-20,Email,214,8,5,164.29,407.15
2025-03-20,Display,388,8,5,290.84,445.81
2025-03-21,Search,410,20,14,610.07,1756.17
2025-03-21,Social,132,4,1,60.73,277.04
2025-03-21,Email,352,17,10,462.35,1596.53
2025-03-21,Display,303,2,1,267.19,187.59
2025-03-22,Search,432,21,8,209.07,1154.39
2025-03-22,Social,329,15,11,218.62,1365.92
2025-03-22,Email,368,19,12,356.3,1777.53
2025-03-22,Display,354,10,6,503.03,625.96
2025-03-23,Search,316,14,12,135.3,1040.53
2025-03-23,Social,457,10,8,609.57,667.65
2025-03-23,Email,452,21,16,455.02,1258.04
2025-03-23,Display,322,7,5,124.48,399.42
2025-03-24,Search,388,23,19,502.45,1598.28
2025-03-24,Social,271,8,7,342.74,527.27
2025-03-24,Email,151,6,5,88.27,285.87
2025-03-24,Display,150,1,1,65.1,82.81
2025-03-25,Search,136,3,3,91.97,249.56
2025-03-25,Social,139,3,2,61.75,138.25
2025-03-25,Email,357,21,12,403.67,1133.43
2025-03-25,Display,125,2,1,50.91,129.8
2025-03-26,Search,150,5,3,126.32,343.13
2025-03-26,Social,321,9,5,308.02,753.51
2025-03-26,Email,163,9,7,84.09,710.04
2025-03-26,Display,252,5,3,320.09,313.8
2025-03-27,Search,439,18,11,577.19,1032.13
2025-03-27,Social,253,6,4,153.51,551.53
2025-03-27,Email,185,11,4,64.77,855.66
2025-03-27,Display,488,7,5,551.45,335.66
2025-03-28,Search,468,20,11,536.45,1248.44
2025-03-28,Social,292,2,1,276.59,160.09
2025-03-28,Email,158,7,4,123.66,654.99
2025-03-28,Display,168,3,2,135.84,156.89
2025-03-29,Search,284,19,8,149.06,1275.75
2025-03-29,Social,112,4,4,57.77,268.13
2025-03-29,Email,238,19,12,263.01,1519.72
2025-03-29,Display,207,0,0,180.44,0.0
2025-03-30,Search,133,7,7,152.91,571.8
2025-03-30,Social,225,6,3,106.37,326.41
2025-03-30,Email,468,32,19,212.3,1794.75
2025-03-30,Display,214,3,2,319.85,188.31
2025-03-31,Search,192,9,6,265.69,655.43
2025-03-31,Social,324,5,3,242.06,356.07
2025-03-31,Email,366,38,19,435.67,3343.7
2025-03-31,Display,197,2,2,284.56,98.68
2025-04-01,Search,317,20,13,231.02,1871.21
2025-04-01,Social,184,6,5,170.25,373.27
2025-04-01,Email,320,23,17,437.61,1287.31
2025-04-01,Display,350,2,0,124.62,174.37
2025-04-02,Search,140,5,3,201.55,443.06
2025-04-02,Social,189,2,1,205.76,153.94
2025-04-02,Email,310,16,10,262.11,1305.52
2025-04-02,Display,337,6,4,202.63,501.78
2025-04-03,Search,308,12,7,373.93,761.56
2025-04-03,Social,258,2,1,263.42,137.84
2025-04-03,Email,439,31,22,255.33,1757.4
2025-04-03,Display,420,4,3,418.17,240.28
2025-04-04,Search,167,8,5,128.14,700.08
2025-04-04,Social,406,9,8,585.54,471.73
2025-04-04,Email,366,23,14,426.36,1553.63
2025-04-04,Display,161,1,0,116.97,90.72
2025-04-05,Search,267,14,8,210.02,800.79
2025-04-05,Social,265,8,4,248.98,642.13
2025-04-05,Email,217,17,11,188.71,1464.56
2025-04-05,Display,117,1,0,124.79,68.31
2025-04-06,Search,108,6,5,154.57,352.65
2025-04-06,Social,109,3,2,141.59,197.35
2025-04-06,Email,191,11,10,226.43,791.62
2025-04-06,Display,483,8,5,506.25,732.53
2025-04-07,Search,263,9,7,364.78,815.69
2025-04-07,Social,421,14,10,618.45,864.4
2025-04-07,Email,191,12,5,111.57,701.38
2025-04-07,Display,445,2,1,466.25,183.06
2025-04-08,Search,177,3,3,115.18,145.75
2025-04-08,Social,100,2,2,73.14,188.12
2025-04-08,Email,244,11,7,154.73,939.79
2025-04-08,Display,299,6,2,91.38,312.59
2025-04-09,Search,331,16,13,137.57,950.42
2025-04-09,Social,331,8,6,461.86,474.37
2025-04-09,Email,425,24,14,219.26,1446.98
2025-04-09,Display,357,6,4,209.04,432.51
2025-04-10,Search,137,7,4,156.98,633.19
2025-04-10,Social,226,8,5,337.65,395.1
2025-04-10,Email,220,20,12,78.68,1655.02
2025-04-10,Display,282,4,2,209.6,207.37
2025-04-11,Search,218,11,8,169.78,595.38
2025-04-11,Social,320,5,3,279.47,297.1
2025-04-11,Email,169,11,6,146.15,1018.87
2025-04-11,Display,449,10,8,414.91,579.7
2025-04-12,Search,171,7,3,204.17,370.1
2025-04-12,Social,192,5,4,121.94,473.75
2025-04-12,Email,465,22,14,149.99,1695.09
2025-04-12,Display,139,1,0,75.99,52.08
2025-04-13,Search,479,16,12,263.83,1346.21
2025-04-13,Social,383,11,8,549.14,546.8
2025-04-13,Email,216,10,8,214.12,657.28
2025-04-13,Display,355,3,3,139.18,138.75
2025-04-14,Search,195,8,5,146.38,707.05
2025-04-14,Social,184,7,3,191.17,358.35
2025-04-14,Email,214,11,8,99.11,551.87
2025-04-14,Display,106,0,0,140.58,0.0
2025-04-15,Search,375,15,12,443.94,1326.41
2025-04-15,Social,319,8,5,128.39,431.46
2025-04-15,Email,367,20,9,361.28,1769.06
2025-04-15,Display,471,6,2,664.1,453.74
2025-04-16,Search,491,15,12,674.18,1158.7
2025-04-16,Social,282,10,5,201.62,859.58
2025-04-16,Email,128,10,7,82.59,773.89
2025-04-16,Display,310,5,5,280.14,381.35
2025-04-17,Search,115,4,2,37.47,202.01
2025-04-17,Social,279,4,2,312.57,283.47
2025-04-17,Email,204,12,7,67.06,696.29
2025-04-17,Display,343,7,5,372.14,512.99
2025-04-18,Search,485,20,13,415.07,1342.9
2025-04-18,Social,455,10,6,575.83,794.37
2025-04-18,Email,383,20,14,169.13,1381.36
2025-04-18,Display,116,1,0,127.9,46.88
2025-04-19,Search,426,17,13,228.75,1572.99
2025-04-19,Social,314,3,3,257.96,163.02
2025-04-19,Email,302,15,8,369.61,722.49
2025-04-19,Display,140,4,4,84.87,266.55
2025-04-20,Search,454,19,14,576.2,1158.36
2025-04-20,Social,432,9,8,526.98,743.76
2025-04-20,Email,317,11,6,207.58,800.97
2025-04-20,Display,173,3,2,212.82,208.69
2025-04-21,Search,454,25,17,275.54,1519.3
2025-04-21,Social,390,6,4,507.82,388.25
2025-04-21,Email,260,19,13,243.26,1218.63
2025-04-21,Display,121,1,1,79.13,57.34
2025-04-22,Search,141,5,4,53.34,406.92
2025-04-22,Social,187,3,2,114.18,244.23
2025-04-22,Email,481,29,17,600.94,2064.37
2025-04-22,Display,216,3,2,226.35,248.29
2025-04-23,Search,395,21,16,424.24,967.61
2025-04-23,Social,119,6,4,90.17,438.64
2025-04-23,Email,493,30,19,511.8,2726.9
2025-04-23,Display,188,2,1,69.3,185.35
2025-04-24,Search,395,20,15,290.22,1524.21
2025-04-24,Social,408,12,6,330.63,749.27
2025-04-24,Email,100,6,2,116.22,397.81
2025-04-24,Display,474,7,6,404.96,467.87
2025-04-25,Search,321,13,6,410.09,987.7
2025-04-25,Social,400,10,4,402.62,730.99
2025-04-25,Email,258,18,13,132.44,1529.72
2025-04-25,Display,443,6,5,252.23,430.45
2025-04-26,Search,388,15,9,463.46,754.18
2025-04-26,Social,414,10,7,307.95,804.65
2025-04-26,Email,385,22,15,328.49,1487.51
2025-04-26,Display,407,10,6,157.02,834.2
2025-04-27,Search,193,7,5,191.86,596.48
2025-04-27,Social,469,9,5,278.64,628.27
2025-04-27,Email,247,15,11,327.72,1206.57
2025-04-27,Display,459,4,3,634.66,365.62
2025-04-28,Search,102,6,6,141.5,531.25
2025-04-28,Social,218,6,3,160.63,444.89
2025-04-28,Email,160,8,5,111.13,498.65
2025-04-28,Display,166,2,1,234.2,133.43
2025-04-29,Search,431,20,12,142.6,1248.0
2025-04-29,Social,269,4,3,210.0,325.83
2025-04-29,Email,484,32,13,439.91,1788.32
2025-04-29,Display,326,4,2,114.82,243.2
2025-04-30,Search,167,4,2,224.9,271.0
2025-04-30,Social,498,10,5,353.96,621.69
2025-04-30,Email,182,8,6,240.43,686.04
2025-04-30,Display,227,1,0,229.16,88.07
2025-05-01,Search,351,15,11,378.31,1180.58
2025-05-01,Social,277,6,5,112.65,470.15
2025-05-01,Email,419,27,22,403.24,1727.06
2025-05-01,Display,357,6,4,343.99,551.55
2025-05-02,Search,130,4,3,80.38,360.18
2025-05-02,Social,490,14,13,407.17,857.54
2025-05-02,Email,287,15,6,168.26,1220.99
2025-05-02,Display,396,4,3,484.15,264.85
2025-05-03,Search,321,13,8,378.96,1009.33
2025-05-03,Social,392,7,7,310.18,322.43
2025-05-03,Email,205,8,6,113.16,664.9
2025-05-03,Display,418,4,4,472.85,307.01
2025-05-04,Search,149,10,6,100.88,847.6
2025-05-04,Social,316,13,9,199.05,1009.04
2025-05-04,Email,228,18,15,266.22,1048.83
2025-05-04,Display,175,0,0,172.07,0.0
2025-05-05,Search,121,6,5,142.15,314.58
2025-05-05,Social,172,4,4,201.59,321.29
2025-05-05,Email,419,23,11,537.4,1422.12
2025-05-05,Display,392,6,4,195.94,466.77
2025-05-06,Search,355,12,5,305.29,663.52
2025-05-06,Social,127,3,3,108.38,150.63
2025-05-06,Email,108,11,6,116.53,627.36
2025-05-06,Display,119,1,1,60.18,91.95
2025-05-07,Search,420,19,13,235.04,1189.21
2025-05-07,Social,402,9,5,506.52,501.93
2025-05-07,Email,378,18,10,530.06,1593.66
2025-05-07,Display,126,2,1,56.39,104.83
2025-05-08,Search,412,12,9,448.06,618.05
2025-05-08,Social,109,1,1,33.65,60.56
2025-05-08,Email,219,16,12,126.09,887.09
2025-05-08,Display,229,4,2,325.65,323.29
2025-05-09,Search,241,11,6,206.77,943.29
2025-05-09,Social,158,4,3,86.75,341.49
2025-05-09,Email,336,23,15,174.8,1840.15
2025-05-09,Display,419,4,3,578.42,337.0
2025-05-10,Search,197,8,7,119.09,493.85
2025-05-10,Social,316,9,5,409.84,447.3
2025-05-10,Email,177,11,8,239.73,726.95
2025-05-10,Display,233,2,2,321.5,122.72
2025-05-11,Search,278,11,9,257.19,695.78
2025-05-11,Social,104,4,4,126.37,322.38
2025-05-11,Email,281,13,9,360.11,1041.64
2025-05-11,Display,192,2,1,219.29,130.69
2025-05-12,Search,172,6,4,175.15,346.14
2025-05-12,Social,147,3,1,140.34,153.75
2025-05-12,Email,464,36,20,538.33,2085.8
2025-05-12,Display,163,3,2,226.38,201.16
2025-05-13,Search,292,13,7,180.08,923.65
2025-05-13,Social,293,10,8,166.23,808.65
2025-05-13,Email,452,24,18,660.06,2243.74
2025-05-13,Display,469,4,2,207.39,218.63
2025-05-14,Search,273,13,7,266.13,834.57
2025-05-14,Social,387,12,10,384.17,807.63
2025-05-14,Email,409,32,14,459.9,2444.45
2025-05-14,Display,379,10,8,355.05,717.08
2025-05-15,Search,316,16,11,149.06,1099.89
2025-05-15,Social,411,11,5,413.42,517.77
2025-05-15,Email,174,8,6,70.73,577.43
2025-05-15,Display,354,4,4,358.61,267.19
2025-05-16,Search,232,12,9,235.45,848.68
2025-05-16,Social,344,8,5,216.99,537.11
2025-05-16,Email,314,25,16,179.82,2192.16
2025-05-16,Display,487,4,3,223.21,237.74
2025-05-17,Search,306,12,3,418.95,836.6
2025-05-17,Social,242,7,6,234.72,535.81
2025-05-17,Email,190,16,13,198.32,1235.05
2025-05-17,Display,112,1,0,82.57,52.63
2025-05-18,Search,276,12,10,313.45,836.44
2025-05-18,Social,193,4,4,58.89,317.59
2025-05-18,Email,408,26,16,470.88,1853.44
2025-05-18,Display,313,9,9,379.77,834.44
2025-05-19,Search,458,17,11,309.73,1168.19
2025-05-19,Social,206,2,2,250.92,122.02
2025-05-19,Email,159,10,7,50.92,827.81
2025-05-19,Display,448,6,4,379.9,348.65
2025-05-20,Search,360,19,16,410.09,1661.7
2025-05-20,Social,385,13,11,466.27,1119.45
2025-05-20,Email,200,8,3,62.17,733.35
2025-05-20,Display,255,3,2,123.16,212.2
2025-05-21,Search,409,17,12,395.96,1482.67
2025-05-21,Social,162,8,4,236.59,535.14
2025-05-21,Email,411,24,18,174.2,1341.98
2025-05-21,Display,289,3,2,328.51,145.11
2025-05-22,Search,354,13,7,248.1,1059.09
2025-05-22,Social,349,9,6,492.41,757.24
2025-05-22,Email,226,8,4,249.46,658.22
2025-05-22,Display,118,1,1,47.1,83.72
2025-05-23,Search,346,11,8,273.1,725.07
2025-05-23,Social,251,3,3,179.76,171.43
2025-05-23,Email,336,18,13,131.94,1503.12
2025-05-23,Display,172,4,4,255.19,245.76
2025-05-24,Search,310,12,7,186.87,1069.66
2025-05-24,Social,113,2,1,103.49,117.86
2025-05-24,Email,411,27,11,133.94,1484.7
2025-05-24,Display,135,1,0,59.61,66.57
2025-05-25,Search,127,8,3,74.33,474.39
2025-05-25,Social,488,15,8,291.18,1192.35
2025-05-25,Email,335,14,11,194.58,803.5
2025-05-25,Display,176,0,0,171.4,0.0
2025-05-26,Search,160,6,6,66.36,316.24
2025-05-26,Social,206,8,4,221.66,699.19
2025-05-26,Email,194,15,11,215.06,1091.56
2025-05-26,Display,404,2,1,153.84,152.18
2025-05-27,Search,134,3,2,111.03,267.63
2025-05-27,Social,439,7,6,307.77,484.13
2025-05-27,Email,253,18,12,220.46,1589.49
2025-05-27,Display,355,3,3,303.31,260.85
2025-05-28,Search,360,14,12,441.2,1306.25
2025-05-28,Social,252,6,4,373.2,347.42
2025-05-28,Email,272,10,5,362.82,929.48
2025-05-28,Display,152,3,2,200.44,190.09
2025-05-29,Search,316,12,6,155.47,841.5
2025-05-29,Social,273,3,3,122.0,145.29
2025-05-29,Email,176,11,6,58.78,600.08
2025-05-29,Display,276,2,2,191.15,144.24
2025-05-30,Search,209,6,2,63.3,399.78
2025-05-30,Social,235,8,6,199.35,730.01
2025-05-30,Email,286,15,12,87.36,990.67
2025-05-30,Display,440,6,5,264.98,439.94
2025-05-31,Search,375,17,13,327.86,1456.67
2025-05-31,Social,254,10,6,172.23,751.31
2025-05-31,Email,116,9,4,98.08,434.55
2025-05-31,Display,382,10,9,495.23,846.58
2025-06-01,Search,305,10,8,329.91,553.85
2025-06-01,Social,467,12,8,531.92,1115.06
2025-06-01,Email,399,26,19,390.26,1344.23
2025-06-01,Display,426,4,2,226.23,211.08
2025-06-02,Search,306,13,6,330.38,1220.32
2025-06-02,Social,251,8,8,290.42,527.97
2025-06-02,Email,214,11,10,198.32,560.08
2025-06-02,Display,119,2,2,130.42,117.8
2025-06-03,Search,288,16,9,331.3,1438.94
2025-06-03,Social,371,8,7,271.37,671.48
2025-06-03,Email,134,11,9,157.77,594.15
2025-06-03,Display,327,5,2,468.57,307.03
2025-06-04,Search,475,23,16,644.28,1972.56
2025-06-04,Social,446,8,4,194.44,436.57
2025-06-04,Email,448,27,21,593.94,1530.67
2025-06-04,Display,329,9,7,186.04,431.03
2025-06-05,Search,381,12,8,378.33,743.73
2025-06-05,Social,251,6,2,125.87,296.14
2025-06-05,Email,231,18,13,300.1,1246.62
2025-06-05,Display,256,0,0,366.42,0.0
2025-06-06,Search,477,18,15,336.9,1567.78
2025-06-06,Social,156,1,1,220.96,86.51
2025-06-06,Email,278,23,14,350.87,1571.56
2025-06-06,Display,275,4,1,96.78,180.11
2025-06-07,Search,310,9,4,246.11,483.05
2025-06-07,Social,283,6,4,216.32,325.29
2025-06-07,Email,226,8,6,330.27,493.08
2025-06-07,Display,413,10,6,366.04,835.06
2025-06-08,Search,361,16,10,382.4,762.5
2025-06-08,Social,482,11,9,389.86,684.16
2025-06-08,Email,375,18,16,276.65,1451.78
2025-06-08,Display,255,2,2,236.89,125.79
2025-06-09,Search,179,9,8,134.57,599.59
2025-06-09,Social,249,7,5,98.91,474.16
2025-06-09,Email,461,29,21,284.29,2570.24
2025-06-09,Display,364,10,8,110.85,910.02
2025-06-10,Search,250,14,10,270.8,687.67
2025-06-10,Social,323,10,9,319.1,810.28
2025-06-10,Email,224,11,5,148.33,977.36
2025-06-10,Display,150,4,3,91.18,254.94
2025-06-11,Search,144,7,4,154.21,512.88
2025-06-11,Social,404,8,5,279.85,529.99
2025-06-11,Email,221,11,7,246.02,915.6
2025-06-11,Display,480,7,5,335.26,369.42
2025-06-12,Search,152,4,2,227.58,256.0
2025-06-12,Social,363,12,8,163.84,798.54
2025-06-12,Email,200,13,8,126.27,691.59
2025-06-12,Display,449,3,2,236.7,152.7
2025-06-13,Search,272,12,10,210.28,773.39
2025-06-13,Social,218,4,2,252.21,353.63
2025-06-13,Email,100,7,5,134.8,473.15
2025-06-13,Display,226,7,4,103.71,534.33
2025-06-14,Search,292,11,10,332.21,950.71
2025-06-14,Social,326,9,6,324.62,687.31
2025-06-14,Email,138,7,4,98.22,471.39
2025-06-14,Display,321,5,2,230.78,287.95
2025-06-15,Search,424,14,10,589.97,966.72
2025-06-15,Social,244,6,5,213.74,383.37
2025-06-15,Email,103,4,1,140.23,225.05
2025-06-15,Display,370,5,3,222.09,261.16
2025-06-16,Search,195,10,7,275.82,587.61
2025-06-16,Social,382,11,5,559.57,577.97
2025-06-16,Email,253,29,21,238.86,2600.3
2025-06-16,Display,190,2,2,205.69,122.32
2025-06-17,Search,336,15,7,406.66,1113.2
2025-06-17,Social,252,9,6,377.88,475.65
2025-06-17,Email,498,15,12,413.16,1414.43
2025-06-17,Display,384,6,5,519.39,380.15
2025-06-18,Search,148,6,5,186.98,438.75
2025-06-18,Social,171,6,4,59.15,508.79
2025-06-18,Email,279,17,11,244.95,1057.84
2025-06-18,Display,100,1,0,51.98,94.71
2025-06-19,Search,121,7,2,78.71,414.4
2025-06-19,Social,289,11,10,207.8,607.59
2025-06-19,Email,130,7,4,144.85,375.49
2025-06-19,Display,233,1,1,196.28,67.88
2025-06-20,Search,147,5,4,148.24,419.32
2025-06-20,Social,470,11,4,299.03,881.14
2025-06-20,Email,191,8,3,90.52,737.96
2025-06-20,Display,487,4,2,158.76,298.19
2025-06-21,Search,491,20,15,542.52,1701.08
2025-06-21,Social,426,12,7,243.57,876.61
2025-06-21,Email,148,7,6,144.54,551.34
2025-06-21,Display,264,5,4,119.97,434.2
2025-06-22,Search,257,12,8,331.52,1050.54
2025-06-22,Social,151,3,2,136.27,257.99
2025-06-22,Email,208,11,8,180.41,592.97
2025-06-22,Display,168,2,2,126.98,188.18
2025-06-23,Search,283,8,4,281.09,515.5
2025-06-23,Social,397,11,7,515.66,603.93
2025-06-23,Email,444,33,21,567.66,2914.11
2025-06-23,Display,256,2,2,305.34,171.69
2025-06-24,Search,352,14,7,222.59,668.47
2025-06-24,Social,241,4,2,170.77,181.08
2025-06-24,Email,474,25,14,319.77,1195.69
2025-06-24,Display,364,7,5,327.69,662.38
2025-06-25,Search,138,8,6,143.29,524.98
2025-06-25,Social,486,11,6,428.75,495.8
2025-06-25,Email,345,20,16,385.28,1100.19
2025-06-25,Display,156,2,2,70.95,160.77
2025-06-26,Search,166,11,6,178.5,512.9
2025-06-26,Social,233,9,6,235.98,840.27
2025-06-26,Email,303,17,10,377.04,1092.99
2025-06-26,Display,247,4,2,244.21,350.41
2025-06-27,Search,206,10,8,114.31,743.49
2025-06-27,Social,400,9,4,243.66,508.46
2025-06-27,Email,316,14,11,284.85,1146.25
2025-06-27,Display,428,14,12,610.13,1193.65
2025-06-28,Search,439,14,11,474.61,705.53
2025-06-28,Social,424,13,7,405.2,1037.43
2025-06-28,Email,371,13,10,340.68,971.24
2025-06-28,Display,175,4,4,84.8,270.14
2025-06-29,Search,431,20,16,433.38,1271.26
2025-06-29,Social,482,10,5,355.56,937.41
2025-06-29,Email,128,7,6,50.86,402.39
2025-06-29,Display,312,5,2,221.3,270.97
2025-06-30,Search,282,12,7,319.01,664.99
2025-06-30,Social,265,3,2,294.98,261.97
2025-06-30,Email,369,13,7,321.15,681.8
2025-06-30,Display,293,8,7,389.72,371.09
2025-07-01,Search,417,13,9,235.87,1006.01
2025-07-01,Social,141,3,1,135.12,187.22
2025-07-01,Email,497,35,26,167.93,2251.42
2025-07-01,Display,325,2,2,221.81,181.53
2025-07-02,Search,294,17,13,360.9,1091.49
2025-07-02,Social,305,5,3,356.34,382.47
2025-07-02,Email,377,25,19,131.65,1183.33
2025-07-02,Display,415,7,7,458.72,467.51
2025-07-03,Search,497,26,14,434.62,1320.27
2025-07-03,Social,341,6,5,297.73,490.34
2025-07-03,Email,248,11,9,194.64,599.45
2025-07-03,Display,379,3,1,334.05,138.68
2025-07-04,Search,380,19,8,188.17,1774.21
2025-07-04,Social,199,5,4,120.4,404.85
2025-07-04,Email,422,30,18,591.27,2000.09
2025-07-04,Display,423,6,6,604.77,316.7
2025-07-05,Search,489,17,12,215.07,1430.5
2025-07-05,Social,449,10,7,410.88,937.2
2025-07-05,Email,127,14,8,82.79,725.01
2025-07-05,Display,399,4,4,196.03,347.41
2025-07-06,Search,132,7,4,68.53,513.94
2025-07-06,Social,242,6,6,300.68,395.37
2025-07-06,Email,388,34,24,452.13,3098.56
2025-07-06,Display,125,1,1,164.73,94.04
2025-07-07,Search,466,19,13,345.03,1578.61
2025-07-07,Social,327,9,7,285.72,659.1
2025-07-07,Email,190,14,10,180.68,818.14
2025-07-07,Display,340,6,4,438.01,498.56
2025-07-08,Search,241,6,3,128.44,499.4
2025-07-08,Social,155,6,4,66.38,428.97
2025-07-08,Email,389,15,9,193.81,1145.84
2025-07-08,Display,122,2,1,100.79,129.9
2025-07-09,Search,187,10,8,270.73,690.63
2025-07-09,Social,298,10,8,317.67,536.69
2025-07-09,Email,288,23,14,398.41,1687.53
2025-07-09,Display,298,9,6,100.18,809.65
2025-07-10,Search,453,32,22,287.44,2236.76
2025-07-10,Social,499,11,7,697.83,644.48
2025-07-10,Email,112,4,4,66.83,321.47
2025-07-10,Display,312,4,3,306.58,237.34
2025-07-11,Search,450,24,13,533.78,1869.26
2025-07-11,Social,232,7,2,316.55,399.4
2025-07-11,Email,188,10,6,127.37,720.17
2025-07-11,Display,313,4,2,213.42,317.94
2025-07-12,Search,442,19,11,319.05,1140.68
2025-07-12,Social,343,6,5,359.36,316.95
2025-07-12,Email,233,10,5,132.97,639.78
2025-07-12,Display,105,0,0,31.72,0.0
2025-07-13,Search,447,22,15,340.56,1765.16
2025-07-13,Social,271,5,3,116.99,461.58
2025-07-13,Email,331,22,13,261.82,1969.17
2025-07-13,Display,424,2,2,259.37,171.22
2025-07-14,Search,161,0,0,172.44,0.0
2025-07-14,Social,327,9,6,119.61,832.47
2025-07-14,Email,236,15,10,298.3,1405.3
2025-07-14,Display,385,7,6,367.9,437.44
2025-07-15,Search,365,23,15,158.49,1318.34
2025-07-15,Social,497,16,10,549.18,895.1
2025-07-15,Email,182,16,12,112.36,1266.24
2025-07-15,Display,424,6,4,236.83,356.78
2025-07-16,Search,256,11,6,194.38,588.09
2025-07-16,Social,166,5,5,241.61,280.59
2025-07-16,Email,364,30,23,246.53,1684.57
2025-07-16,Display,301,4,4,267.56,228.56
2025-07-17,Search,153,7,5,116.29,507.57
2025-07-17,Social,192,6,4,222.58,390.06
2025-07-17,Email,262,16,10,382.83,1065.61
2025-07-17,Display,295,6,5,371.88,401.68
2025-07-18,Search,462,18,12,405.19,912.51
2025-07-18,Social,449,13,9,321.44,778.94
2025-07-18,Email,469,26,12,210.15,2338.23
2025-07-18,Display,374,6,4,558.03,423.83
2025-07-19,Search,401,11,8,123.65,958.66
2025-07-19,Social,331,5,4,196.46,423.21
2025-07-19,Email,366,24,16,191.14,1976.95
2025-07-19,Display,328,8,6,191.36,481.63
2025-07-20,Search,465,15,10,158.72,895.98
2025-07-20,Social,201,10,4,242.9,729.11
2025-07-20,Email,116,3,3,123.37,262.32
2025-07-20,Display,168,3,3,59.08,175.26
2025-07-21,Search,220,8,6,227.37,713.59
2025-07-21,Social,401,14,11,360.77,699.7
2025-07-21,Email,368,24,14,194.47,1341.7
2025-07-21,Display,165,4,4,104.75,329.36
2025-07-22,Search,410,15,8,359.25,1155.05
2025-07-22,Social,278,8,5,200.76,678.73
2025-07-22,Email,295,16,9,222.32,859.14
2025-07-22,Display,121,0,0,158.46,0.0
2025-07-23,Search,127,5,3,57.52,458.04
2025-07-23,Social,297,7,4,163.49,333.24
2025-07-23,Email,463,22,13,225.49,1251.46
2025-07-23,Display,376,7,3,476.79,565.57
2025-07-24,Search,246,12,10,84.06,616.97
2025-07-24,Social,269,5,3,123.13,427.28
2025-07-24,Email,119,5,3,146.86,435.43
2025-07-24,Display,341,3,1,307.42,211.47
2025-07-25,Search,352,13,10,336.11,961.45
2025-07-25,Social,487,11,6,252.13,897.19
2025-07-25,Email,231,15,8,322.26,808.37
2025-07-25,Display,233,6,4,189.52,534.93
2025-07-26,Search,175,7,4,87.6,512.07
2025-07-26,Social,379,11,6,218.95,1031.39
2025-07-26,Email,432,30,17,342.08,2337.53
2025-07-26,Display,423,4,3,406.0,226.89
2025-07-27,Search,336,15,10,443.98,728.78
2025-07-27,Social,273,12,7,207.75,752.63
2025-07-27,Email,272,9,7,359.19,500.99
2025-07-27,Display,245,0,0,320.74,0.0
2025-07-28,Search,299,16,8,444.16,1515.37
2025-07-28,Social,183,4,3,223.95,241.1
2025-07-28,Email,266,13,12,315.88,1204.17
2025-07-28,Display,348,4,3,369.3,361.45
2025-07-29,Search,228,6,6,177.31,413.35
2025-07-29,Social,494,11,9,343.08,1021.31
2025-07-29,Email,168,11,8,121.83,962.84
2025-07-29,Display,173,3,3,180.35,176.14
2025-07-30,Search,228,12,7,200.28,684.31
2025-07-30,Social,240,11,10,335.7,843.98
2025-07-30,Email,462,42,26,321.8,2211.31
2025-07-30,Display,144,2,1,182.79,121.14
2025-07-31,Search,404,17,13,262.95,1228.83
2025-07-31,Social,465,16,11,350.71,977.3
2025-07-31,Email,194,9,6,76.21,767.34
2025-07-31,Display,232,2,1,219.33,143.14
2025-08-01,Search,361,10,7,136.01,602.52
2025-08-01,Social,472,14,9,277.47,872.47
2025-08-01,Email,390,25,16,233.58,1256.63
2025-08-01,Display,450,8,4,288.08,520.89
2025-08-02,Search,407,14,9,509.99,668.84
2025-08-02,Social,261,4,1,379.69,277.15
2025-08-02,Email,381,21,15,230.66,1014.3
2025-08-02,Display,176,2,2,131.82,124.83
2025-08-03,Search,125,3,1,120.36,231.12
2025-08-03,Social,402,11,8,167.38,803.16
2025-08-03,Email,443,20,13,399.61,1656.04
2025-08-03,Display,209,4,3,188.26,214.76
2025-08-04,Search,297,8,3,275.35,584.65
2025-08-04,Social,482,14,7,258.84,987.08
2025-08-04,Email,358,27,18,497.51,2371.36
2025-08-04,Display,323,2,1,313.39,143.04
2025-08-05,Search,242,10,4,337.68,709.7
2025-08-05,Social,281,5,5,231.4,425.34
2025-08-05,Email,439,26,20,206.67,2406.15
2025-08-05,Display,466,8,4,506.54,612.06
2025-08-06,Search,437,24,12,274.08,1975.92
2025-08-06,Social,324,8,6,248.32,386.76
2025-08-06,Email,191,18,9,224.84,1652.59
2025-08-06,Display,307,5,2,310.5,231.9
2025-08-07,Search,343,12,8,132.06,1033.67
2025-08-07,Social,125,3,3,186.81,276.01
2025-08-07,Email,143,9,7,109.62,405.54
2025-08-07,Display,273,3,2,352.94,152.29
2025-08-08,Search,469,22,19,264.04,1540.12
2025-08-08,Social,247,7,4,270.25,354.91
2025-08-08,Email,248,14,7,138.8,662.79
2025-08-08,Display,370,5,5,286.64,449.54
2025-08-09,Search,482,30,21,318.44,1784.04
2025-08-09,Social,224,4,4,111.29,365.86
2025-08-09,Email,378,27,16,238.97,2222.25
2025-08-09,Display,263,5,4,263.28,262.29
2025-08-10,Search,429,19,13,356.0,1346.18
2025-08-10,Social,318,8,3,240.62,493.44
2025-08-10,Email,457,25,14,376.59,1785.4
2025-08-10,Display,477,3,2,402.22,152.57
2025-08-11,Search,472,17,9,210.23,1128.46
2025-08-11,Social,273,6,4,226.81,315.03
2025-08-11,Email,241,10,9,306.31,567.7
2025-08-11,Display,437,5,0,293.68,255.34
2025-08-12,Search,176,9,4,152.53,556.46
2025-08-12,Social,492,23,17,585.58,2151.33
2025-08-12,Email,228,16,7,129.39,1215.33
2025-08-12,Display,469,10,6,592.88,580.91
2025-08-13,Search,435,24,16,231.08,1565.26
2025-08-13,Social,446,14,7,169.04,1137.83
2025-08-13,Email,330,15,5,142.58,691.14
2025-08-13,Display,355,7,4,390.99,419.97
2025-08-14,Search,393,18,16,351.9,1078.51
2025-08-14,Social,456,11,9,237.89,761.9
2025-08-14,Email,146,11,5,60.26,999.96
2025-08-14,Display,309,5,3,405.66,331.75
2025-08-15,Search,188,9,7,214.14,491.22
2025-08-15,Social,149,5,3,122.68,363.82
2025-08-15,Email,330,22,13,330.38,1182.59
2025-08-15,Display,270,3,2,97.19,253.26
2025-08-16,Search,451,21,8,597.74,1804.41
2025-08-16,Social,173,2,2,77.75,117.03
2025-08-16,Email,326,19,12,289.79,999.91
2025-08-16,Display,111,1,1,125.31,86.8
2025-08-17,Search,125,6,5,125.86,347.85
2025-08-17,Social,339,6,4,501.56,552.6
2025-08-17,Email,454,33,23,164.93,1612.74
2025-08-17,Display,161,2,2,164.15,109.3
2025-08-18,Search,391,19,15,468.85,1557.44
2025-08-18,Social,393,13,10,423.83,714.98
2025-08-18,Email,286,24,14,260.76,2128.16
2025-08-18,Display,255,6,5,185.26,478.51
2025-08-19,Search,320,12,6,254.34,1109.6
2025-08-19,Social,366,7,4,478.24,334.71
2025-08-19,Email,260,14,13,164.97,959.34
2025-08-19,Display,213,2,1,243.9,156.86
2025-08-20,Search,183,11,6,134.15,920.44
2025-08-20,Social,135,4,2,45.95,318.94
2025-08-20,Email,454,24,17,485.54,2057.22
2025-08-20,Display,180,4,3,106.55,356.98
2025-08-21,Search,248,12,11,249.36,768.14
2025-08-21,Social,372,14,14,510.46,782.33
2025-08-21,Email,277,15,10,133.8,1232.68
2025-08-21,Display,327,5,5,334.74,473.93
2025-08-22,Search,472,11,10,407.85,552.66
2025-08-22,Social,141,1,0,67.2,73.38
2025-08-22,Email,112,10,4,126.45,678.61
2025-08-22,Display,114,2,2,94.98,114.03
2025-08-23,Search,462,19,11,393.5,1210.14
2025-08-23,Social,265,6,4,379.21,318.87
2025-08-23,Email,146,11,4,105.97,954.58
2025-08-23,Display,330,3,2,174.71,279.66
2025-08-24,Search,477,15,11,642.12,1097.0
2025-08-24,Social,230,7,4,252.36,364.73
2025-08-24,Email,122,7,4,99.08,329.9
2025-08-24,Display,192,1,1,108.93,58.4
2025-08-25,Search,378,19,13,278.38,1501.13
2025-08-25,Social,484,14,11,223.1,913.6
2025-08-25,Email,168,9,7,54.59,569.42
2025-08-25,Display,113,1,1,98.67,57.51
2025-08-26,Search,435,11,7,250.19,1023.51
2025-08-26,Social,203,4,2,109.4,281.21
2025-08-26,Email,373,28,18,189.46,2588.43
2025-08-26,Display,398,5,2,183.25,295.21
2025-08-27,Search,239,12,6,147.43,927.66
2025-08-27,Social,468,14,11,168.9,1118.61
2025-08-27,Email,343,13,8,176.39,1222.0
2025-08-27,Display,135,2,1,76.56,178.9
2025-08-28,Search,156,7,5,159.6,547.45
2025-08-28,Social,412,10,5,600.74,822.41
2025-08-28,Email,392,18,12,121.44,1329.18
2025-08-28,Display,178,3,3,137.19,138.98
2025-08-29,Search,156,9,5,120.06,565.95
2025-08-29,Social,481,17,11,177.87,1216.86
2025-08-29,Email,422,26,13,219.63,2094.97
2025-08-29,Display,235,3,2,300.48,141.22
2025-08-30,Search,336,10,6,328.48,521.43
2025-08-30,Social,406,5,3,288.67,427.02
2025-08-30,Email,211,16,10,88.36,1218.76
2025-08-30,Display,276,4,2,288.16,220.75
2025-08-31,Search,178,9,7,104.88,623.12
2025-08-31,Social,224,8,6,328.73,550.99
2025-08-31,Email,202,14,8,292.49,1280.09
2025-08-31,Display,359,6,4,189.49,313.57
2025-09-01,Search,202,6,3,253.33,560.61
2025-09-01,Social,284,8,5,118.24,719.0
2025-09-01,Email,176,8,4,138.62,515.86
2025-09-01,Display,229,1,1,190.16,52.21
2025-09-02,Search,404,13,5,547.39,835.61
2025-09-02,Social,379,12,11,119.82,753.42
2025-09-02,Email,243,9,3,307.09,784.4
2025-09-02,Display,178,2,2,94.77,91.56
2025-09-03,Search,351,12,8,200.42,753.04
2025-09-03,Social,342,6,3,236.59,325.02
2025-09-03,Email,219,13,7,268.68,599.59
2025-09-03,Display,281,3,3,380.13,151.85
2025-09-04,Search,368,18,14,132.53,968.05
2025-09-04,Social,433,9,6,202.12,514.1
2025-09-04,Email,365,17,11,278.44,1303.71
2025-09-04,Display,480,7,5,158.13,319.66
2025-09-05,Search,446,21,14,324.7,1565.23
2025-09-05,Social,467,15,10,577.08,1162.43
2025-09-05,Email,127,11,7,160.33,884.04
2025-09-05,Display,257,4,3,364.47,375.81
2025-09-06,Search,271,15,10,234.99,1155.22
2025-09-06,Social,453,11,5,451.96,847.24
2025-09-06,Email,473,21,16,375.43,1871.15
2025-09-06,Display,395,3,2,154.39,174.17
2025-09-07,Search,330,15,8,212.85,1309.27
2025-09-07,Social,164,2,1,135.13,115.4
2025-09-07,Email,228,15,12,255.54,1255.65
2025-09-07,Display,213,4,4,185.17,278.07
2025-09-08,Search,402,18,9,564.97,1241.06
2025-09-08,Social,340,9,3,221.18,617.8
2025-09-08,Email,255,14,12,259.6,750.08
2025-09-08,Display,240,4,3,199.91,243.18
2025-09-09,Search,249,8,4,366.38,482.76
2025-09-09,Social,441,9,6,165.08,436.82
2025-09-09,Email,361,21,15,192.57,1206.14
2025-09-09,Display,332,6,5,187.13,555.33
2025-09-10,Search,249,10,7,126.98,948.86
2025-09-10,Social,339,4,2,354.83,183.93
2025-09-10,Email,125,4,4,123.06,282.0
2025-09-10,Display,444,8,5,443.22,724.48
2025-09-11,Search,446,20,14,436.05,983.25
2025-09-11,Social,437,9,5,446.99,526.65
2025-09-11,Email,267,13,9,310.75,1173.97
2025-09-11,Display,483,7,5,213.19,339.14
2025-09-12,Search,188,14,8,130.43,792.65
2025-09-12,Social,499,9,8,249.4,630.77
2025-09-12,Email,196,12,8,86.79,931.9
2025-09-12,Display,355,7,6,140.85,488.06
2025-09-13,Search,403,19,14,213.4,1591.73
2025-09-13,Social,217,5,4,230.31,335.09
2025-09-13,Email,432,33,15,374.49,2147.4
2025-09-13,Display,411,6,5,527.92,380.29
2025-09-14,Search,378,24,18,314.15,1265.55
2025-09-14,Social,416,15,11,413.43,1087.03
2025-09-14,Email,457,24,16,310.8,1673.35
2025-09-14,Display,218,3,2,240.53,159.63
2025-09-15,Search,167,7,4,111.6,633.3
2025-09-15,Social,121,2,0,55.82,166.71
2025-09-15,Email,294,11,10,208.61,720.76
2025-09-15,Display,284,4,2,337.83,328.16
2025-09-16,Search,230,15,9,245.02,1410.63
2025-09-16,Social,192,5,4,90.73,324.5
2025-09-16,Email,134,7,4,108.13,485.02
2025-09-16,Display,142,6,4,196.22,477.92
2025-09-17,Search,400,16,9,519.1,1419.88
2025-09-17,Social,321,9,4,109.7,737.58
2025-09-17,Email,449,32,26,583.4,1905.08
2025-09-17,Display,183,2,1,133.25,184.19
2025-09-18,Search,255,12,8,343.4,816.39
2025-09-18,Social,265,10,7,177.55,946.54
2025-09-18,Email,367,22,14,152.65,2028.13
2025-09-18,Display,117,3,2,165.06,282.2
2025-09-19,Search,166,9,6,123.97,452.4
2025-09-19,Social,275,14,8,375.58,1123.39
2025-09-19,Email,385,23,21,531.14,1954.25
2025-09-19,Display,151,3,1,93.68,203.72
2025-09-20,Search,301,18,13,98.56,1572.66
2025-09-20,Social,285,5,2,308.41,302.9
2025-09-20,Email,379,29,17,326.71,2455.25
2025-09-20,Display,457,2,1,452.5,175.31
2025-09-21,Search,145,7,5,146.97,568.31
2025-09-21,Social,427,13,10,382.9,712.19
2025-09-21,Email,329,20,15,164.07,1059.68
2025-09-21,Display,126,0,0,177.45,0.0
2025-09-22,Search,341,13,9,112.44,692.27
2025-09-22,Social,238,2,0,79.33,165.27
2025-09-22,Email,230,23,16,297.05,1298.79
2025-09-22,Display,244,2,1,273.19,141.44
2025-09-23,Search,463,26,19,585.3,2212.54
2025-09-23,Social,171,5,4,195.76,457.07
2025-09-23,Email,458,34,19,508.34,2001.91
2025-09-23,Display,481,7,5,384.97,423.53
2025-09-24,Search,393,14,11,243.92,1295.54
2025-09-24,Social,272,6,4,323.51,410.99
2025-09-24,Email,245,14,9,260.65,687.32
2025-09-24,Display,371,6,5,117.1,357.59
2025-09-25,Search,125,7,7,186.72,618.64
2025-09-25,Social,383,8,5,448.94,422.35
2025-09-25,Email,347,20,14,465.73,1687.68
2025-09-25,Display,348,4,3,165.0,216.11
2025-09-26,Search,366,14,9,305.17,1227.82
2025-09-26,Social,482,7,3,444.54,595.36
2025-09-26,Email,447,22,11,575.78,1772.61
2025-09-26,Display,311,6,3,146.99,368.31
2025-09-27,Search,410,16,10,528.61,743.53
2025-09-27,Social,344,8,5,155.88,636.44
2025-09-27,Email,290,12,7,393.69,855.4
2025-09-27,Display,217,0,0,245.58,0.0
2025-09-28,Search,488,22,13,528.78,1263.62
2025-09-28,Social,100,3,1,78.12,267.01
2025-09-28,Email,451,24,17,201.35,1546.2
2025-09-28,Display,195,3,1,186.93,170.34
2025-09-29,Search,104,8,5,94.98,642.49
2025-09-29,Social,481,17,9,287.36,1142.16
2025-09-29,Email,345,23,13,133.99,1762.15
2025-09-29,Display,265,2,2,277.98,110.21
2025-09-30,Search,447,14,5,200.44,1231.67
2025-09-30,Social,236,6,3,267.08,352.34
2025-09-30,Email,232,15,9,147.79,866.2
2025-09-30,Display,406,7,5,279.07,423.47
2025-10-01,Search,232,15,9,311.75,1070.05
2025-10-01,Social,252,3,2,212.98,225.97
2025-10-01,Email,353,17,13,364.14,1527.82
2025-10-01,Display,304,3,2,237.12,275.14
2025-10-02,Search,222,9,6,242.35,499.88
2025-10-02,Social,269,5,4,346.98,425.0
2025-10-02,Email,325,11,8,103.24,941.32
2025-10-02,Display,321,8,8,134.91,551.95
2025-10-03,Search,463,21,15,553.23,1762.66
2025-10-03,Social,275,7,7,109.24,509.62
2025-10-03,Email,181,10,6,191.2,724.93
2025-10-03,Display,175,2,1,234.59,141.77
2025-10-04,Search,114,7,3,132.33,543.91
2025-10-04,Social,311,8,5,302.89,635.15
2025-10-04,Email,297,15,6,398.98,1213.53
2025-10-04,Display,315,9,6,120.71,575.52
2025-10-05,Search,229,13,7,306.24,1038.59
2025-10-05,Social,294,6,4,231.29,322.08
2025-10-05,Email,331,24,16,330.06,2249.85
2025-10-05,Display,219,3,3,190.81,269.87
2025-10-06,Search,345,16,11,223.75,1267.09
2025-10-06,Social,383,9,7,486.32,644.84
2025-10-06,Email,138,6,2,153.22,378.74
2025-10-06,Display,217,5,4,308.79,256.23
2025-10-07,Search,302,8,3,120.34,507.44
2025-10-07,Social,289,11,8,143.69,945.17
2025-10-07,Email,242,11,7,87.68,601.14
2025-10-07,Display,438,9,4,377.19,627.02
2025-10-08,Search,348,17,12,439.68,1286.28
2025-10-08,Social,350,14,11,437.26,786.08
2025-10-08,Email,129,7,4,143.22,448.44
2025-10-08,Display,284,7,4,177.06,533.04
2025-10-09,Search,114,5,3,92.49,469.76
2025-10-09,Social,222,6,4,219.12,451.63
2025-10-09,Email,274,20,12,311.79,1187.47
2025-10-09,Display,396,8,5,139.71,620.1
2025-10-10,Search,227,13,10,168.25,1162.05
2025-10-10,Social,465,8,4,319.48,691.03
2025-10-10,Email,297,19,12,139.9,1368.95
2025-10-10,Display,495,5,3,542.93,249.08
2025-10-11,Search,295,17,13,172.72,1586.36
2025-10-11,Social,497,11,10,396.98,734.96
2025-10-11,Email,132,8,6,65.06,726.87
2025-10-11,Display,282,2,1,384.82,146.9
2025-10-12,Search,491,23,17,705.64,1766.13
2025-10-12,Social,235,1,1,224.67,87.36
2025-10-12,Email,183,14,8,132.8,1027.01
2025-10-12,Display,334,7,6,496.94,505.26
2025-10-13,Search,152,4,1,164.32,302.11
2025-10-13,Social,486,11,7,248.27,895.96
2025-10-13,Email,145,6,4,143.79,405.65
2025-10-13,Display,259,7,7,354.94,438.08
2025-10-14,Search,453,17,10,367.41,1115.04
2025-10-14,Social,263,7,4,348.51,456.36
2025-10-14,Email,350,18,14,479.33,1327.57
2025-10-14,Display,335,8,6,502.33,488.57
2025-10-15,Search,435,19,12,510.3,1367.95
2025-10-15,Social,358,7,4,356.6,501.07
2025-10-15,Email,277,20,16,366.74,1063.86
2025-10-15,Display,247,2,2,256.28,161.06
2025-10-16,Search,168,9,9,109.43,652.66
2025-10-16,Social,379,14,6,399.68,988.63
2025-10-16,Email,353,20,14,496.29,1343.44
2025-10-16,Display,442,8,3,567.39,548.11
2025-10-17,Search,326,15,5,483.36,1147.95
2025-10-17,Social,295,10,7,390.99,818.61
2025-10-17,Email,248,14,9,171.38,924.94
2025-10-17,Display,390,2,1,575.51,118.06
2025-10-18,Search,272,13,8,348.5,985.06
2025-10-18,Social,135,5,5,192.79,334.78
2025-10-18,Email,485,31,21,584.07,1893.07
2025-10-18,Display,376,4,4,275.03,340.11
2025-10-19,Search,371,21,12,494.14,1450.42
2025-10-19,Social,303,8,6,328.52,427.46
2025-10-19,Email,262,17,12,349.02,1507.04
2025-10-19,Display,187,2,1,174.51,95.95
2025-10-20,Search,465,22,13,689.17,1420.32
2025-10-20,Social,396,5,4,525.09,308.93
2025-10-20,Email,485,27,16,603.07,2053.01
2025-10-20,Display,210,7,6,94.97,595.19
2025-10-21,Search,131,4,2,104.66,209.16
2025-10-21,Social,122,3,1,68.48,182.46
2025-10-21,Email,457,37,25,143.83,2633.85
2025-10-21,Display,279,5,2,162.83,453.97
2025-10-22,Search,498,20,12,236.91,1507.6
2025-10-22,Social,444,19,17,206.16,1704.84
2025-10-22,Email,326,21,15,184.03,1932.14
2025-10-22,Display,348,4,2,381.11,343.41
2025-10-23,Search,197,11,5,237.23,929.4
2025-10-23,Social,145,5,4,47.94,250.06
2025-10-23,Email,499,31,24,255.77,2383.03
2025-10-23,Display,200,4,1,105.49,281.68
2025-10-24,Search,260,12,4,291.71,568.5
2025-10-24,Social,105,3,3,131.33,164.07
2025-10-24,Email,241,18,11,268.36,1543.23
2025-10-24,Display,377,3,2,133.22,258.19
2025-10-25,Search,419,18,11,432.15,1284.2
2025-10-25,Social,438,14,9,646.99,862.31
2025-10-25,Email,455,32,19,168.12,2781.55
2025-10-25,Display,134,3,2,197.71,248.87
2025-10-26,Search,419,25,15,440.19,1990.91
2025-10-26,Social,318,7,4,199.43,650.5
2025-10-26,Email,495,24,20,331.0,1653.95
2025-10-26,Display,362,6,5,356.85,536.37
2025-10-27,Search,115,3,3,122.83,233.58
2025-10-27,Social,278,8,7,119.06,408.26
2025-10-27,Email,342,23,11,120.27,1641.88
2025-10-27,Display,349,8,4,488.91,400.78
2025-10-28,Search,366,16,11,150.55,1321.85
2025-10-28,Social,214,5,2,151.28,275.35
2025-10-28,Email,179,9,5,140.61,841.26
2025-10-28,Display,296,5,3,243.32,302.93
2025-10-29,Search,292,12,6,286.81,639.38
2025-10-29,Social,234,5,3,293.57,230.91
2025-10-29,Email,296,24,16,260.02,1524.16
2025-10-29,Display,295,4,4,160.51,243.96
2025-10-30,Search,360,18,13,382.02,1179.65
2025-10-30,Social,474,13,10,305.66,782.69
2025-10-30,Email,494,20,11,253.75,1790.55
2025-10-30,Display,247,4,1,193.2,246.41
2025-10-31,Search,176,7,5,149.63,391.02
2025-10-31,Social,311,6,5,375.33,502.27
2025-10-31,Email,116,5,3,80.99,320.86
2025-10-31,Display,267,3,2,259.7,266.9
2025-11-01,Search,185,8,6,111.89,404.75
2025-11-01,Social,321,9,7,155.19,804.6
2025-11-01,Email,374,18,13,212.47,1687.58
2025-11-01,Display,191,1,1,238.18,64.28
2025-11-02,Search,420,24,15,343.3,2063.17
2025-11-02,Social,272,6,4,212.65,305.3
2025-11-02,Email,410,18,14,611.44,1639.02
2025-11-02,Display,274,1,1,252.59,89.8
2025-11-03,Search,491,25,15,596.55,1136.93
2025-11-03,Social,495,12,7,594.32,656.87
2025-11-03,Email,164,11,6,110.84,655.4
2025-11-03,Display,389,6,3,368.36,394.71
2025-11-04,Search,468,16,11,269.42,990.53
2025-11-04,Social,477,14,5,488.07,1262.82
2025-11-04,Email,253,10,9,186.75,507.97
2025-11-04,Display,140,1,1,161.65,62.32
2025-11-05,Search,347,15,12,467.62,1276.01
2025-11-05,Social,314,5,3,151.3,303.35
2025-11-05,Email,322,25,14,445.22,1289.91
2025-11-05,Display,333,5,5,287.96,344.35
2025-11-06,Search,454,11,7,252.71,861.46
2025-11-06,Social,254,4,3,289.26,269.13
2025-11-06,Email,264,19,14,149.84,1412.46
2025-11-06,Display,471,2,1,441.23,170.69
2025-11-07,Search,364,10,7,144.23,944.87
2025-11-07,Social,222,4,3,230.97,330.71
2025-11-07,Email,161,7,4,182.64,446.75
2025-11-07,Display,393,9,8,386.36,622.6
2025-11-08,Search,434,15,12,437.81,1318.54
2025-11-08,Social,425,10,7,415.1,783.68
2025-11-08,Email,339,18,13,442.84,1346.31
2025-11-08,Display,139,3,2,104.19,229.15
2025-11-09,Search,327,19,14,437.92,1561.89
2025-11-09,Social,109,5,5,86.06,450.39
2025-11-09,Email,319,17,12,376.83,836.85
2025-11-09,Display,366,8,4,321.41,441.65
2025-11-10,Search,289,13,8,274.33,900.38
2025-11-10,Social,399,11,7,423.08,879.35
2025-11-10,Email,486,27,13,547.16,1455.33
2025-11-10,Display,461,8,4,486.95,482.97
2025-11-11,Search,322,21,14,131.81,1046.12
2025-11-11,Social,203,5,4,303.5,282.85
2025-11-11,Email,204,10,4,233.91,819.18
2025-11-11,Display,397,5,2,215.77,315.8
2025-11-12,Search,452,20,14,223.18,1224.02
2025-11-12,Social,155,2,1,131.73,169.07
2025-11-12,Email,424,21,15,491.98,1177.67
2025-11-12,Display,116,2,2,151.86,95.22
2025-11-13,Search,143,3,2,151.68,188.81
2025-11-13,Social,222,10,7,124.23,870.68
2025-11-13,Email,275,19,11,132.23,1177.95
2025-11-13,Display,380,9,6,227.07,662.65
2025-11-14,Search,429,18,8,581.14,919.47
2025-11-14,Social,394,7,4,300.67,390.53
2025-11-14,Email,210,14,9,68.66,1297.1
2025-11-14,Display,406,4,3,453.47,251.62
2025-11-15,Search,439,20,14,638.11,1069.57
2025-11-15,Social,322,4,2,343.64,325.71
2025-11-15,Email,343,24,16,168.35,1317.74
2025-11-15,Display,108,2,2,59.84,185.21
2025-11-16,Search,410,14,10,561.87,760.2
2025-11-16,Social,474,12,6,218.56,959.23
2025-11-16,Email,344,21,17,249.88,1824.1
2025-11-16,Display,211,5,3,125.52,461.25
2025-11-17,Search,173,8,5,131.95,671.16
2025-11-17,Social,251,9,6,216.87,800.82
2025-11-17,Email,320,19,15,202.92,1215.88
2025-11-17,Display,301,1,0,275.79,88.86
2025-11-18,Search,196,6,4,112.27,492.77
2025-11-18,Social,123,7,2,96.4,494.73
2025-11-18,Email,459,25,18,604.62,1266.97
2025-11-18,Display,457,2,2,161.53,136.49
2025-11-19,Search,196,14,9,173.47,668.89
2025-11-19,Social,217,7,6,74.07,408.55
2025-11-19,Email,355,24,18,265.47,1232.44
2025-11-19,Display,285,2,2,239.88,161.61
2025-11-20,Search,154,8,5,61.98,669.07
2025-11-20,Social,162,2,1,142.39,169.56
2025-11-20,Email,303,23,14,177.63,1961.32
2025-11-20,Display,480,4,3,353.55,264.43
2025-11-21,Search,442,21,16,275.93,1686.74
2025-11-21,Social,329,10,5,491.91,611.04
2025-11-21,Email,288,18,16,383.74,1131.47
2025-11-21,Display,466,9,6,653.36,721.41
2025-11-22,Search,295,11,9,261.5,928.4
2025-11-22,Social,162,4,2,119.75,318.38
2025-11-22,Email,429,18,9,629.5,1286.19
2025-11-22,Display,377,2,2,506.69,129.27
2025-11-23,Search,139,3,2,182.84,158.52
2025-11-23,Social,291,9,5,290.28,491.44
2025-11-23,Email,375,29,21,186.62,2503.53
2025-11-23,Display,352,5,1,504.04,280.76
2025-11-24,Search,272,15,11,180.46,1143.45
2025-11-24,Social,217,6,2,144.23,506.87
2025-11-24,Email,332,22,12,304.63,1719.53
2025-11-24,Display,386,9,5,125.1,543.22
2025-11-25,Search,100,8,7,115.76,719.82
2025-11-25,Social,126,1,1,59.39,93.13
2025-11-25,Email,111,4,3,57.1,254.88
2025-11-25,Display,184,4,3,77.87,209.16
2025-11-26,Search,251,6,4,240.13,527.77
2025-11-26,Social,335,12,7,364.66,667.04
2025-11-26,Email,491,27,18,300.28,1976.08
2025-11-26,Display,443,10,5,211.52,785.33
2025-11-27,Search,488,19,15,639.51,913.39
2025-11-27,Social,159,7,4,163.34,469.06
2025-11-27,Email,141,10,6,188.85,891.76
2025-11-27,Display,251,2,1,145.8,112.06
2025-11-28,Search,328,17,11,289.28,1418.43
2025-11-28,Social,394,9,7,318.34,850.79
2025-11-28,Email,295,24,18,152.16,1808.55
2025-11-28,Display,327,5,4,323.75,333.55
2025-11-29,Search,318,17,14,418.83,1507.6
2025-11-29,Social,257,6,4,113.85,506.86
2025-11-29,Email,438,23,12,193.57,1467.04
2025-11-29,Display,465,8,7,262.78,651.4
2025-11-30,Search,495,20,8,586.21,1399.81
2025-11-30,Social,203,7,4,275.13,341.18
2025-11-30,Email,397,30,18,442.96,1701.53
2025-11-30,Display,317,7,5,409.15,521.91
2025-12-01,Search,343,14,8,273.39,1126.31
2025-12-01,Social,382,5,2,554.26,364.54
2025-12-01,Email,475,37,32,357.93,1686.69
2025-12-01,Display,251,3,2,186.16,190.05
2025-12-02,Search,234,8,7,169.81,606.23
2025-12-02,Social,473,10,5,450.45,734.74
2025-12-02,Email,416,27,17,208.12,2211.26
2025-12-02,Display,117,0,0,135.44,0.0
2025-12-03,Search,186,7,2,240.67,577.51
2025-12-03,Social,157,5,3,105.75,405.34
2025-12-03,Email,345,22,14,364.11,2047.51
2025-12-03,Display,116,1,1,68.72,59.97
2025-12-04,Search,245,15,11,195.78,860.64
2025-12-04,Social,138,4,2,88.82,287.94
2025-12-04,Email,308,17,14,294.56,845.09
2025-12-04,Display,225,2,1,259.86,142.82
2025-12-05,Search,198,13,8,160.9,586.61
2025-12-05,Social,317,11,8,426.2,942.78
2025-12-05,Email,180,8,3,244.22,470.63
2025-12-05,Display,351,8,8,502.44,463.27
2025-12-06,Search,410,22,11,502.56,1605.27
2025-12-06,Social,265,2,1,351.89,95.63
2025-12-06,Email,238,24,19,115.56,1735.85
2025-12-06,Display,175,1,0,58.63,65.54
2025-12-07,Search,441,29,17,159.61,2130.19
2025-12-07,Social,185,10,8,125.61,450.99
2025-12-07,Email,482,33,17,508.67,2878.54
2025-12-07,Display,375,5,3,415.07,286.79
2025-12-08,Search,312,14,12,355.66,651.5
2025-12-08,Social,146,2,2,156.68,129.2
2025-12-08,Email,388,26,16,382.25,1832.71
2025-12-08,Display,333,7,1,228.78,585.96
2025-12-09,Search,242,11,8,212.71,565.32
2025-12-09,Social,113,3,2,49.24,136.92
2025-12-09,Email,193,10,4,75.51,637.36
2025-12-09,Display,493,13,8,435.02,1170.21
2025-12-10,Search,100,4,2,94.05,335.08
2025-12-10,Social,417,14,10,444.34,949.89
2025-12-10,Email,227,13,11,207.95,749.71
2025-12-10,Display,450,8,3,304.59,568.21
2025-12-11,Search,347,15,10,272.5,1398.49
2025-12-11,Social,464,7,5,669.97,529.76
2025-12-11,Email,119,10,6,116.65,854.31
2025-12-11,Display,466,3,1,157.22,161.7
2025-12-12,Search,395,20,11,393.2,1642.28
2025-12-12,Social,385,14,9,320.91,649.97
2025-12-12,Email,225,11,7,233.02,940.44
2025-12-12,Display,430,8,7,450.16,420.22
2025-12-13,Search,158,7,5,202.71,513.92
2025-12-13,Social,119,4,2,95.38,319.31
2025-12-13,Email,236,21,15,303.4,1350.48
2025-12-13,Display,118,2,1,155.94,142.73
2025-12-14,Search,417,20,13,529.12,1514.18
2025-12-14,Social,475,12,7,567.88,645.1
2025-12-14,Email,385,20,17,512.04,1612.49
2025-12-14,Display,436,8,6,409.67,729.38
2025-12-15,Search,124,5,2,125.99,272.38
2025-12-15,Social,353,6,4,524.93,404.5
2025-12-15,Email,124,7,5,83.1,507.0
2025-12-15,Display,238,1,1,135.09,61.86
2025-12-16,Search,117,8,6,90.98,680.11
2025-12-16,Social,258,6,4,135.82,405.42
2025-12-16,Email,494,33,15,720.24,1965.23
2025-12-16,Display,373,5,2,528.16,342.31
2025-12-17,Search,323,13,7,436.13,1220.89
2025-12-17,Social,109,3,2,47.55,158.62
2025-12-17,Email,470,37,28,556.94,1840.64
2025-12-17,Display,109,2,1,101.03,114.01
2025-12-18,Search,288,9,6,252.13,508.78
2025-12-18,Social,254,4,3,259.49,234.95
2025-12-18,Email,294,21,18,394.61,1197.91
2025-12-18,Display,486,5,3,196.1,274.66
2025-12-19,Search,410,26,19,409.32,1834.89
2025-12-19,Social,294,4,3,98.3,319.76
2025-12-19,Email,179,14,11,67.94,1172.28
2025-12-19,Display,194,5,3,165.5,304.11
2025-12-20,Search,171,5,3,230.63,288.7
2025-12-20,Social,127,2,1,88.78,93.9
2025-12-20,Email,326,20,10,334.89,1302.39
2025-12-20,Display,175,3,2,130.75,146.14
2025-12-21,Search,150,7,2,193.32,637.19
2025-12-21,Social,434,10,6,329.71,777.81
2025-12-21,Email,230,18,12,153.64,948.5
2025-12-21,Display,372,4,2,506.9,282.72
2025-12-22,Search,494,24,17,367.2,1095.13
2025-12-22,Social,430,17,11,378.5,1372.51
2025-12-22,Email,181,12,9,263.1,1007.94
2025-12-22,Display,157,4,1,139.7,253.69
2025-12-23,Search,177,7,4,154.08,323.71
2025-12-23,Social,380,12,7,488.91,807.68
2025-12-23,Email,206,13,5,304.12,1072.12
2025-12-23,Display,319,3,2,158.62,269.06
2025-12-24,Search,439,16,14,620.57,1171.37
2025-12-24,Social,129,4,3,86.09,290.71
2025-12-24,Email,305,18,16,297.53,940.63
2025-12-24,Display,288,8,4,250.02,525.38
2025-12-25,Search,350,17,12,503.12,1283.69
2025-12-25,Social,354,6,6,312.31,519.25
2025-12-25,Email,390,24,21,468.3,1986.53
2025-12-25,Display,402,6,5,455.0,402.77
2025-12-26,Search,455,14,11,635.87,967.04
2025-12-26,Social,338,7,5,133.23,462.85
2025-12-26,Email,282,11,8,243.29,516.95
2025-12-26,Display,256,1,0,79.22,79.93
2025-12-27,Search,460,21,16,239.89,1342.34
2025-12-27,Social,193,6,4,69.89,337.46
2025-12-27,Email,100,5,2,93.67,352.72
2025-12-27,Display,147,2,1,115.63,182.82
2025-12-28,Search,154,4,1,162.52,266.65
2025-12-28,Social,113,5,5,148.09,335.82
2025-12-28,Email,474,32,26,550.83,1960.83
2025-12-28,Display,210,1,0,142.3,90.81
2025-12-29,Search,493,13,10,277.09,892.09
2025-12-29,Social,155,6,5,124.23,321.37
2025-12-29,Email,366,21,15,384.8,1007.68
2025-12-29,Display,164,2,2,141.7,136.66
2025-12-30,Search,274,9,7,90.47,509.0
2025-12-30,Social,349,14,7,164.53,647.39
2025-12-30,Email,116,5,3,86.11,245.49
2025-12-30,Display,100,6,3,37.15,420.82
2025-12-31,Search,343,12,9,274.66,683.21
2025-12-31,Social,244,8,5,360.31,547.93
2025-12-31,Email,385,24,18,148.35,1540.11
2025-12-31,Display,102,3,2,41.57,278.07
