customer_id,date,plan,first_inactive_month
1,2025-03-01,Basic,6
2,2025-05-01,Basic,1
3,2025-06-01,Pro,4
4,2025-05-01,Basic,7
5,2025-01-01,Pro,13
6,2025-01-01,Pro,7
7,2025-05-01,Pro,13
8,2025-06-01,Basic,2
9,2025-02-01,Basic,1
10,2025-05-01,Pro,12
11,2025-02-01,Pro,3
12,2025-06-01,Basic,4
13,2025-04-01,Basic,12
14,2025-01-01,Pro,6
15,2025-04-01,Pro,13
16,2025-05-01,Basic,13
17,2025-04-01,Basic,3
18,2025-05-01,Pro,9
19,2025-05-01,Pro,9
20,2025-05-01,Pro,13
21,2025-01-01,Pro,13
22,2025-04-01,Basic,7
23,2025-01-01,Basic,13
24,2025-05-01,Basic,13
25,2025-06-01,Basic,6
26,2025-05-01,Pro,13
27,2025-01-01,Basic,10
28,2025-06-01,Basic,9
29,2025-03-01,Basic,1
30,2025-02-01,Basic,5
31,2025-02-01,Basic,8
32,2025-01-01,Pro,11
33,2025-05-01,Pro,10
34,2025-04-01,Basic,9
35,2025-01-01,Basic,1
36,2025-02-01,Pro,7
37,2025-04-01,Pro,7
38,2025-03-01,Pro,1
39,2025-01-01,Pro,13
40,2025-05-01,Pro,5
41,2025-02-01,Basic,5
42,2025-03-01,Pro,10
43,2025-06-01,Basic,1
44,2025-02-01,Pro,3
45,2025-04-01,Pro,4
46,2025-06-01,Pro,13
47,2025-06-01,Pro,13
48,2025-03-01,Basic,9
49,2025-02-01,Pro,13
50,2025-06-01,Pro,13
51,2025-01-01,Pro,5
52,2025-01-01,Basic,13
53,2025-03-01,Pro,12
54,2025-05-01,Pro,4
55,2025-03-01,Basic,3
56,2025-04-01,Basic,13
57,2025-01-01,Pro,7
58,2025-05-01,Pro,11
59,2025-03-01,Pro,4
60,2025-01-01,Basic,13
61,2025-03-01,Pro,6
62,2025-06-01,Pro,4
63,2025-05-01,Pro,9
64,2025-05-01,Basic,13
65,2025-01-01,Basic,1
66,2025-03-01,Pro,11
67,2025-04-01,Basic,2
68,2025-06-01,Basic,5
69,2025-05-01,Pro,3
70,2025-04-01,Pro,4
71,2025-02-01,Pro,1
72,2025-01-01,Basic,6
73,2025-02-01,Pro,4
74,2025-05-01,Basic,4
75,2025-04-01,Pro,13
76,2025-03-01,Basic,5
77,2025-06-01,Pro,8
78,2025-04-01,Basic,5
79,2025-03-01,Pro,13
80,2025-01-01,Basic,3
81,2025-04-01,Basic,1
82,2025-06-01,Pro,9
83,2025-03-01,Basic,3
84,2025-05-01,Basic,8
85,2025-06-01,Basic,1
86,2025-04-01,Pro,5
87,2025-02-01,Basic,3
88,2025-03-01,Basic,2
89,2025-05-01,Pro,8
90,2025-02-01,Basic,6
91,2025-06-01,Basic,13
92,2025-03-01,Basic,2
93,2025-03-01,Basic,6
94,2025-01-01,Pro,13
95,2025-03-01,Pro,5
96,2025-06-01,Basic,5
97,2025-02-01,Pro,12
98,2025-05-01,Pro,3
99,2025-02-01,Pro,10
100,2025-05-01,Pro,13
101,2025-01-01,Pro,1
102,2025-06-01,Pro,13
103,2025-03-01,Pro,13
104,2025-02-01,Basic,2
105,2025-05-01,Pro,1
106,2025-01-01,Pro,11
107,2025-02-01,Basic,2
108,2025-06-01,Basic,13
109,2025-01-01,Pro,3
110,2025-06-01,Basic,1
111,2025-04-01,Pro,3
112,2025-03-01,Pro,8
113,2025-01-01,Pro,6
114,2025-05-01,Pro,13
115,2025-03-01,Pro,13
116,2025-01-01,Basic,5
117,2025-02-01,Basic,5
118,2025-05-01,Pro,1
119,2025-04-01,Basic,1
120,2025-04-01,Pro,1
121,2025-02-01,Pro,13
122,2025-05-01,Basic,1
123,2025-03-01,Basic,1
124,2025-02-01,Pro,8
125,2025-03-01,Basic,13
126,2025-04-01,Pro,9
127,2025-01-01,Pro,8
128,2025-06-01,Pro,13
129,2025-05-01,Pro,13
130,2025-05-01,Basic,6
131,2025-02-01,Basic,6
132,2025-04-01,Pro,3
133,2025-04-01,Pro,13
134,2025-03-01,Pro,4
135,2025-01-01,Basic,9
136,2025-03-01,Basic,5
137,2025-01-01,Pro,13
138,2025-03-01,Basic,13
139,2025-04-01,Basic,12
140,2025-02-01,Basic,3
141,2025-04-01,Pro,5
142,2025-03-01,Basic,2
143,2025-02-01,Pro,13
144,2025-02-01,Pro,2
145,2025-01-01,Basic,8
146,2025-01-01,Basic,13
147,2025-03-01,Pro,13
148,2025-03-01,Pro,13
149,2025-05-01,Basic,4
150,2025-01-01,Basic,13
151,2025-01-01,Pro,4
152,2025-04-01,Basic,1
153,2025-03-01,Basic,13
154,2025-05-01,Basic,4
155,2025-02-01,Pro,9
156,2025-01-01,Pro,2
157,2025-01-01,Pro,5
158,2025-01-01,Pro,11
159,2025-03-01,Pro,5
160,2025-02-01,Basic,13
161,2025-04-01,Pro,2
162,2025-04-01,Pro,5
163,2025-01-01,Pro,11
164,2025-02-01,Pro,2
165,2025-03-01,Pro,5
166,2025-05-01,Pro,6
167,2025-01-01,Pro,8
168,2025-02-01,Pro,10
169,2025-06-01,Basic,8
170,2025-01-01,Pro,1
171,2025-01-01,Basic,2
172,2025-03-01,Pro,13
173,2025-01-01,Pro,7
174,2025-03-01,Pro,1
175,2025-02-01,Basic,9
176,2025-02-01,Pro,13
177,2025-06-01,Pro,13
178,2025-06-01,Basic,2
179,2025-04-01,Pro,1
180,2025-02-01,Basic,11
181,2025-03-01,Pro,9
182,2025-05-01,Basic,7
183,2025-03-01,Basic,11
184,2025-04-01,Pro,8
185,2025-01-01,Pro,5
186,2025-02-01,Basic,12
187,2025-06-01,Pro,13
188,2025-06-01,Basic,4
189,2025-03-01,Pro,11
190,2025-06-01,Basic,2
191,2025-05-01,Basic,9
192,2025-06-01,Pro,13
193,2025-04-01,Basic,5
194,2025-06-01,Pro,1
195,2025-01-01,Basic,6
196,2025-06-01,Basic,6
197,2025-04-01,Basic,1
198,2025-04-01,Basic,2
199,2025-01-01,Pro,3
200,2025-02-01,Basic,12
201,2025-06-01,Basic,3
202,2025-04-01,Pro,5
203,2025-04-01,Pro,13
204,2025-02-01,Pro,4
205,2025-05-01,Basic,1
206,2025-02-01,Pro,13
207,2025-01-01,Basic,2
208,2025-06-01,Basic,3
209,2025-01-01,Pro,13
210,2025-01-01,Pro,9
211,2025-05-01,Basic,12
212,2025-02-01,Pro,3
213,2025-05-01,Pro,9
214,2025-02-01,Basic,4
215,2025-01-01,Basic,10
216,2025-06-01,Basic,5
217,2025-01-01,Pro,1
218,2025-02-01,Pro,6
219,2025-06-01,Basic,11
220,2025-03-01,Basic,9
221,2025-03-01,Pro,9
222,2025-06-01,Pro,13
223,2025-03-01,Basic,1
224,2025-06-01,Pro,5
225,2025-05-01,Basic,1
226,2025-06-01,Pro,4
227,2025-01-01,Pro,13
228,2025-01-01,Basic,1
229,2025-05-01,Basic,13
230,2025-01-01,Pro,2
231,2025-02-01,Basic,11
232,2025-06-01,Pro,2
233,2025-05-01,Pro,9
234,2025-06-01,Basic,13
235,2025-04-01,Basic,10
236,2025-06-01,Basic,5
237,2025-06-01,Pro,8
238,2025-04-01,Pro,3
239,2025-02-01,Pro,13
240,2025-05-01,Pro,2
241,2025-05-01,Pro,1
242,2025-02-01,Basic,5
243,2025-06-01,Basic,5
244,2025-03-01,Basic,6
245,2025-01-01,Pro,1
246,2025-02-01,Pro,13
247,2025-03-01,Basic,5
248,2025-02-01,Pro,13
249,2025-01-01,Pro,13
250,2025-02-01,Basic,1
251,2025-03-01,Basic,11
252,2025-02-01,Basic,11
253,2025-02-01,Basic,13
254,2025-02-01,Pro,13
255,2025-04-01,Pro,5
256,2025-04-01,Pro,13
257,2025-06-01,Basic,9
258,2025-02-01,Basic,10
259,2025-01-01,Pro,3
260,2025-05-01,Pro,5
261,2025-06-01,Basic,13
262,2025-05-01,Pro,13
263,2025-06-01,Basic,1
264,2025-03-01,Basic,2
265,2025-01-01,Basic,13
266,2025-04-01,Basic,4
267,2025-04-01,Basic,13
268,2025-06-01,Pro,13
269,2025-03-01,Basic,4
270,2025-01-01,Basic,1
271,2025-03-01,Basic,11
272,2025-02-01,Pro,13
273,2025-06-01,Basic,13
274,2025-02-01,Basic,9
275,2025-04-01,Pro,13
276,2025-02-01,Basic,2
277,2025-03-01,Pro,3
278,2025-04-01,Pro,1
279,2025-04-01,Basic,4
280,2025-05-01,Basic,12
281,2025-06-01,Basic,13
282,2025-01-01,Basic,6
283,2025-03-01,Pro,6
284,2025-06-01,Basic,9
285,2025-06-01,Basic,7
286,2025-05-01,Pro,13
287,2025-02-01,Basic,1
288,2025-01-01,Basic,8
289,2025-04-01,Basic,6
290,2025-06-01,Basic,2
291,2025-03-01,Basic,8
292,2025-05-01,Pro,8
293,2025-06-01,Pro,13
294,2025-05-01,Basic,3
295,2025-01-01,Basic,10
296,2025-05-01,Pro,13
297,2025-03-01,Pro,8
298,2025-03-01,Pro,11
299,2025-03-01,Basic,5
300,2025-05-01,Basic,3
301,2025-06-01,Basic,13
302,2025-03-01,Basic,3
303,2025-02-01,Pro,1
304,2025-05-01,Pro,8
305,2025-05-01,Pro,13
306,2025-05-01,Pro,13
307,2025-02-01,Basic,13
308,2025-02-01,Basic,13
309,2025-05-01,Basic,6
310,2025-05-01,Pro,4
311,2025-01-01,Pro,5
312,2025-02-01,Pro,13
313,2025-03-01,Basic,2
314,2025-03-01,Pro,5
315,2025-01-01,Basic,12
316,2025-06-01,Pro,13
317,2025-05-01,Pro,7
318,2025-05-01,Basic,12
319,2025-01-01,Pro,13
320,2025-04-01,Basic,4
321,2025-03-01,Basic,11
322,2025-06-01,Basic,2
323,2025-02-01,Basic,10
324,2025-02-01,Pro,13
325,2025-05-01,Basic,4
326,2025-05-01,Pro,13
327,2025-06-01,Pro,13
328,2025-03-01,Pro,8
329,2025-04-01,Basic,4
330,2025-04-01,Pro,1
331,2025-06-01,Basic,3
332,2025-01-01,Basic,1
333,2025-05-01,Basic,11
334,2025-06-01,Basic,8
335,2025-05-01,Basic,2
336,2025-03-01,Pro,7
337,2025-06-01,Basic,7
338,2025-01-01,Pro,13
339,2025-05-01,Basic,13
340,2025-05-01,Pro,1
341,2025-03-01,Pro,2
342,2025-06-01,Pro,8
343,2025-05-01,Pro,7
344,2025-01-01,Pro,3
345,2025-05-01,Pro,1
346,2025-03-01,Basic,13
347,2025-01-01,Pro,13
348,2025-01-01,Pro,13
349,2025-02-01,Basic,13
350,2025-01-01,Basic,7
351,2025-02-01,Basic,3
352,2025-05-01,Pro,13
353,2025-06-01,Basic,1
354,2025-01-01,Pro,1
355,2025-03-01,Pro,5
356,2025-02-01,Basic,5
357,2025-06-01,Pro,3
358,2025-04-01,Pro,1
359,2025-02-01,Basic,1
360,2025-04-01,Basic,5
361,2025-06-01,Basic,8
362,2025-05-01,Pro,7
363,2025-04-01,Basic,5
364,2025-03-01,Pro,7
365,2025-05-01,Basic,6
366,2025-03-01,Basic,11
367,2025-02-01,Basic,1
368,2025-03-01,Pro,13
369,2025-02-01,Basic,13
370,2025-04-01,Pro,13
371,2025-04-01,Basic,13
372,2025-03-01,Pro,13
373,2025-01-01,Basic,8
374,2025-05-01,Pro,6
375,2025-05-01,Pro,9
376,2025-04-01,Basic,13
377,2025-05-01,Basic,13
378,2025-04-01,Pro,2
379,2025-01-01,Basic,13
380,2025-06-01,Basic,6
381,2025-05-01,Basic,3
382,2025-01-01,Pro,13
383,2025-01-01,Pro,1
384,2025-01-01,Basic,1
385,2025-04-01,Basic,13
386,2025-04-01,Pro,1
387,2025-05-01,Basic,9
388,2025-06-01,Basic,1
389,2025-05-01,Basic,12
390,2025-06-01,Pro,3
391,2025-04-01,Basic,1
392,2025-01-01,Pro,13
393,2025-01-01,Basic,13
394,2025-04-01,Basic,9
395,2025-06-01,Basic,5
396,2025-03-01,Pro,4
397,2025-03-01,Basic,13
398,2025-06-01,Pro,13
399,2025-01-01,Pro,13
400,2025-01-01,Basic,6
401,2025-03-01,Pro,12
402,2025-01-01,Pro,10
403,2025-04-01,Pro,3
404,2025-02-01,Basic,13
405,2025-04-01,Basic,13
406,2025-04-01,Pro,1
407,2025-01-01,Basic,2
408,2025-06-01,Basic,10
409,2025-04-01,Basic,1
410,2025-03-01,Pro,8
411,2025-05-01,Basic,9
412,2025-05-01,Pro,13
413,2025-03-01,Pro,13
414,2025-05-01,Basic,7
415,2025-01-01,Basic,9
416,2025-06-01,Pro,8
417,2025-06-01,Basic,2
418,2025-06-01,Pro,13
419,2025-02-01,Basic,12
420,2025-02-01,Basic,11
421,2025-05-01,Basic,5
422,2025-03-01,Basic,10
423,2025-01-01,Basic,1
424,2025-06-01,Pro,2
425,2025-02-01,Pro,4
426,2025-05-01,Pro,13
427,2025-05-01,Basic,5
428,2025-01-01,Pro,2
429,2025-01-01,Pro,13
430,2025-05-01,Pro,13
431,2025-03-01,Basic,4
432,2025-06-01,Basic,10
433,2025-01-01,Basic,2
434,2025-06-01,Pro,13
435,2025-06-01,Basic,9
436,2025-04-01,Pro,13
437,2025-03-01,Pro,1
438,2025-04-01,Pro,2
439,2025-04-01,Basic,13
440,2025-05-01,Pro,1
441,2025-02-01,Basic,4
442,2025-06-01,Basic,6
443,2025-01-01,Basic,8
444,2025-05-01,Pro,6
445,2025-01-01,Pro,13
446,2025-05-01,Pro,13
447,2025-04-01,Basic,2
448,2025-06-01,Basic,2
449,2025-05-01,Basic,3
450,2025-02-01,Basic,5
451,2025-05-01,Pro,4
452,2025-01-01,Basic,5
453,2025-04-01,Pro,13
454,2025-03-01,Basic,2
455,2025-02-01,Basic,2
456,2025-06-01,Pro,10
457,2025-03-01,Basic,2
458,2025-02-01,Pro,10
459,2025-06-01,Basic,2
460,2025-02-01,Pro,13
461,2025-04-01,Basic,1
462,2025-04-01,Pro,13
463,2025-06-01,Pro,13
464,2025-05-01,Basic,5
465,2025-04-01,Basic,13
466,2025-05-01,Basic,9
467,2025-01-01,Basic,2
468,2025-01-01,Basic,13
469,2025-02-01,Pro,13
470,2025-06-01,Basic,4
471,2025-01-01,Pro,13
472,2025-01-01,Pro,3
473,2025-06-01,Pro,13
474,2025-02-01,Basic,4
475,2025-06-01,Basic,1
476,2025-06-01,Pro,9
477,2025-04-01,Pro,13
478,2025-02-01,Basic,3
479,2025-05-01,Basic,13
480,2025-06-01,Pro,2
481,2025-04-01,Basic,13
482,2025-04-01,Pro,8
483,2025-04-01,Pro,6
484,2025-03-01,Basic,9
485,2025-02-01,Basic,1
486,2025-05-01,Pro,9
487,2025-05-01,Basic,1
488,2025-02-01,Pro,3
489,2025-04-01,Pro,3
490,2025-06-01,Basic,7
491,2025-04-01,Pro,11
492,2025-06-01,Basic,13
493,2025-03-01,Pro,13
494,2025-06-01,Pro,13
495,2025-02-01,Basic,5
496,2025-02-01,Pro,3
497,2025-01-01,Basic,5
498,2025-06-01,Pro,13
499,2025-01-01,Pro,13
500,2025-03-01,Pro,5
501,2025-05-01,Pro,3
502,2025-01-01,Pro,7
503,2025-01-01,Basic,1
504,2025-01-01,Basic,6
505,2025-04-01,Basic,5
506,2025-04-01,Pro,1
507,2025-03-01,Basic,7
508,2025-04-01,Pro,4
509,2025-03-01,Basic,8
510,2025-05-01,Basic,2
511,2025-02-01,Pro,13
512,2025-02-01,Basic,7
513,2025-01-01,Pro,13
514,2025-05-01,Basic,12
515,2025-04-01,Basic,13
516,2025-05-01,Pro,13
517,2025-01-01,Basic,5
518,2025-05-01,Pro,2
519,2025-04-01,Basic,4
520,2025-04-01,Pro,2
521,2025-02-01,Basic,9
522,2025-04-01,Pro,13
523,2025-02-01,Pro,5
524,2025-01-01,Basic,6
525,2025-05-01,Pro,1
526,2025-05-01,Pro,3
527,2025-02-01,Pro,13
528,2025-05-01,Basic,4
529,2025-04-01,Pro,13
530,2025-02-01,Pro,12
531,2025-01-01,Pro,13
532,2025-05-01,Basic,13
533,2025-02-01,Pro,4
534,2025-02-01,Basic,1
535,2025-04-01,Basic,9
536,2025-03-01,Pro,13
537,2025-01-01,Basic,13
538,2025-05-01,Pro,13
539,2025-02-01,Pro,13
540,2025-04-01,Basic,9
541,2025-06-01,Pro,13
542,2025-06-01,Pro,13
543,2025-04-01,Pro,4
544,2025-03-01,Basic,4
545,2025-05-01,Pro,13
546,2025-01-01,Basic,5
547,2025-01-01,Basic,1
548,2025-01-01,Basic,1
549,2025-05-01,Basic,6
550,2025-06-01,Basic,2
551,2025-02-01,Basic,5
552,2025-03-01,Basic,6
553,2025-06-01,Pro,13
554,2025-01-01,Pro,12
555,2025-02-01,Basic,5
556,2025-03-01,Pro,13
557,2025-04-01,Basic,1
558,2025-03-01,Pro,4
559,2025-01-01,Basic,6
560,2025-04-01,Pro,6
561,2025-06-01,Pro,13
562,2025-04-01,Basic,13
563,2025-04-01,Pro,13
564,2025-05-01,Pro,13
565,2025-01-01,Pro,11
566,2025-01-01,Pro,5
567,2025-03-01,Pro,1
568,2025-01-01,Pro,13
569,2025-05-01,Pro,13
570,2025-05-01,Pro,1
571,2025-02-01,Basic,2
572,2025-04-01,Pro,9
573,2025-04-01,Basic,3
574,2025-05-01,Pro,2
575,2025-03-01,Basic,2
576,2025-04-01,Pro,1
577,2025-03-01,Pro,13
578,2025-05-01,Basic,11
579,2025-06-01,Pro,13
580,2025-04-01,Basic,13
581,2025-03-01,Pro,12
582,2025-01-01,Basic,12
583,2025-05-01,Basic,11
584,2025-05-01,Basic,3
585,2025-01-01,Pro,13
586,2025-04-01,Pro,6
587,2025-01-01,Basic,5
588,2025-05-01,Basic,9
589,2025-01-01,Basic,13
590,2025-03-01,Basic,5
591,2025-06-01,Basic,11
592,2025-05-01,Pro,9
593,2025-04-01,Basic,1
594,2025-01-01,Basic,7
595,2025-03-01,Pro,8
596,2025-03-01,Basic,3
597,2025-02-01,Pro,8
598,2025-02-01,Basic,13
599,2025-06-01,Basic,2
600,2025-01-01,Pro,13
601,2025-01-01,Pro,13
602,2025-01-01,Basic,6
603,2025-01-01,Pro,4
604,2025-01-01,Pro,11
605,2025-01-01,Basic,2
606,2025-05-01,Basic,4
607,2025-04-01,Pro,3
608,2025-06-01,Basic,7
609,2025-05-01,Basic,5
610,2025-05-01,Pro,13
611,2025-06-01,Basic,6
612,2025-05-01,Basic,5
613,2025-06-01,Pro,13
614,2025-06-01,Pro,13
615,2025-03-01,Pro,13
616,2025-05-01,Basic,1
617,2025-03-01,Basic,11
618,2025-03-01,Basic,13
619,2025-02-01,Pro,8
620,2025-01-01,Pro,13
621,2025-06-01,Basic,13
622,2025-03-01,Basic,13
623,2025-03-01,Basic,13
624,2025-04-01,Basic,3
625,2025-04-01,Basic,4
626,2025-04-01,Basic,2
627,2025-02-01,Basic,5
628,2025-05-01,Basic,1
629,2025-06-01,Pro,13
630,2025-01-01,Basic,13
631,2025-02-01,Basic,2
632,2025-03-01,Pro,2
633,2025-03-01,Pro,3
634,2025-01-01,Basic,5
635,2025-03-01,Basic,1
636,2025-02-01,Basic,10
637,2025-02-01,Pro,13
638,2025-06-01,Basic,3
639,2025-02-01,Pro,3
640,2025-01-01,Basic,1
641,2025-06-01,Basic,5
642,2025-05-01,Pro,5
643,2025-05-01,Pro,11
644,2025-03-01,Pro,10
645,2025-01-01,Basic,13
646,2025-05-01,Pro,13
647,2025-02-01,Pro,2
648,2025-03-01,Pro,8
649,2025-03-01,Basic,4
650,2025-02-01,Pro,9
651,2025-04-01,Pro,12
652,2025-02-01,Basic,4
653,2025-03-01,Basic,1
654,2025-05-01,Basic,13
655,2025-02-01,Basic,4
656,2025-03-01,Basic,11
657,2025-02-01,Basic,1
658,2025-05-01,Basic,1
659,2025-06-01,Pro,6
660,2025-01-01,Pro,1
661,2025-01-01,Pro,13
662,2025-04-01,Pro,13
663,2025-05-01,Basic,3
664,2025-03-01,Pro,12
665,2025-03-01,Pro,3
666,2025-04-01,Basic,6
667,2025-05-01,Basic,13
668,2025-03-01,Pro,13
669,2025-05-01,Pro,13
670,2025-01-01,Pro,7
671,2025-06-01,Basic,1
672,2025-04-01,Basic,13
673,2025-06-01,Pro,13
674,2025-04-01,Basic,2
675,2025-01-01,Basic,2
676,2025-03-01,Pro,13
677,2025-05-01,Pro,13
678,2025-02-01,Pro,13
679,2025-02-01,Basic,4
680,2025-03-01,Pro,12
681,2025-02-01,Pro,13
682,2025-02-01,Pro,12
683,2025-03-01,Basic,3
684,2025-03-01,Pro,6
685,2025-04-01,Basic,11
686,2025-02-01,Pro,3
687,2025-02-01,Basic,11
688,2025-05-01,Pro,8
689,2025-03-01,Basic,3
690,2025-03-01,Basic,13
691,2025-04-01,Pro,8
692,2025-04-01,Basic,7
693,2025-01-01,Pro,5
694,2025-02-01,Pro,10
695,2025-04-01,Basic,6
696,2025-04-01,Pro,13
697,2025-03-01,Basic,2
698,2025-05-01,Basic,10
699,2025-04-01,Basic,7
700,2025-02-01,Basic,1
701,2025-01-01,Basic,8
702,2025-06-01,Basic,7
703,2025-03-01,Pro,2
704,2025-01-01,Pro,13
705,2025-05-01,Basic,10
706,2025-01-01,Pro,13
707,2025-01-01,Pro,6
708,2025-04-01,Basic,1
709,2025-03-01,Pro,13
710,2025-01-01,Basic,13
711,2025-05-01,Basic,1
712,2025-03-01,Basic,1
713,2025-04-01,Basic,7
714,2025-05-01,Pro,7
715,2025-04-01,Pro,1
716,2025-05-01,Pro,12
717,2025-02-01,Basic,4
718,2025-01-01,Basic,3
719,2025-05-01,Basic,5
720,2025-04-01,Basic,8
721,2025-06-01,Pro,13
722,2025-04-01,Basic,11
723,2025-02-01,Basic,1
724,2025-05-01,Basic,6
725,2025-06-01,Pro,13
726,2025-05-01,Basic,7
727,2025-01-01,Pro,4
728,2025-04-01,Basic,2
729,2025-05-01,Pro,13
730,2025-06-01,Pro,3
731,2025-04-01,Pro,13
732,2025-02-01,Basic,8
733,2025-05-01,Pro,13
734,2025-02-01,Basic,6
735,2025-06-01,Basic,5
736,2025-04-01,Basic,13
737,2025-06-01,Pro,7
738,2025-04-01,Pro,13
739,2025-06-01,Basic,13
740,2025-06-01,Basic,3
741,2025-01-01,Pro,13
742,2025-04-01,Basic,8
743,2025-05-01,Pro,4
744,2025-03-01,Basic,3
745,2025-02-01,Pro,13
746,2025-06-01,Pro,13
747,2025-04-01,Pro,1
748,2025-05-01,Pro,3
749,2025-06-01,Pro,13
750,2025-03-01,Pro,6
751,2025-06-01,Basic,13
752,2025-02-01,Basic,11
753,2025-04-01,Pro,4
754,2025-06-01,Pro,7
755,2025-06-01,Pro,5
756,2025-02-01,Pro,13
757,2025-06-01,Basic,10
758,2025-06-01,Basic,13
759,2025-05-01,Pro,11
760,2025-05-01,Pro,8
761,2025-06-01,Basic,8
762,2025-01-01,Basic,13
763,2025-01-01,Basic,4
764,2025-06-01,Basic,1
765,2025-02-01,Basic,4
766,2025-04-01,Pro,13
767,2025-01-01,Basic,2
768,2025-01-01,Basic,2
769,2025-03-01,Pro,12
770,2025-05-01,Basic,10
771,2025-03-01,Pro,4
772,2025-03-01,Pro,13
773,2025-02-01,Basic,7
774,2025-03-01,Basic,1
775,2025-01-01,Basic,8
776,2025-03-01,Pro,9
777,2025-02-01,Pro,7
778,2025-05-01,Pro,3
779,2025-01-01,Pro,8
780,2025-01-01,Basic,13
781,2025-03-01,Basic,13
782,2025-01-01,Basic,4
783,2025-06-01,Pro,8
784,2025-01-01,Pro,5
785,2025-06-01,Pro,13
786,2025-06-01,Pro,13
787,2025-03-01,Pro,5
788,2025-01-01,Basic,3
789,2025-05-01,Basic,4
790,2025-06-01,Pro,13
791,2025-01-01,Pro,13
792,2025-06-01,Basic,9
793,2025-05-01,Pro,6
794,2025-03-01,Basic,4
795,2025-01-01,Basic,1
796,2025-01-01,Pro,8
797,2025-02-01,Pro,6
798,2025-03-01,Pro,4
799,2025-02-01,Basic,13
800,2025-05-01,Pro,8
801,2025-05-01,Pro,5
802,2025-04-01,Pro,13
803,2025-02-01,Pro,2
804,2025-06-01,Pro,13
805,2025-06-01,Pro,8
806,2025-01-01,Pro,13
807,2025-02-01,Pro,4
808,2025-04-01,Pro,13
809,2025-05-01,Pro,4
810,2025-01-01,Pro,1
811,2025-02-01,Basic,13
812,2025-01-01,Basic,4
813,2025-04-01,Basic,13
814,2025-02-01,Basic,1
815,2025-06-01,Pro,12
816,2025-05-01,Basic,1
817,2025-05-01,Pro,1
818,2025-04-01,Basic,11
819,2025-02-01,Pro,3
820,2025-02-01,Pro,5
821,2025-03-01,Basic,10
822,2025-05-01,Basic,9
823,2025-06-01,Pro,9
824,2025-05-01,Basic,2
825,2025-01-01,Basic,6
826,2025-03-01,Pro,6
827,2025-03-01,Pro,13
828,2025-04-01,Pro,4
829,2025-05-01,Pro,4
830,2025-01-01,Basic,12
831,2025-01-01,Pro,4
832,2025-02-01,Basic,8
833,2025-06-01,Basic,5
834,2025-03-01,Pro,13
835,2025-03-01,Basic,13
836,2025-02-01,Basic,5
837,2025-02-01,Pro,12
838,2025-01-01,Basic,9
839,2025-02-01,Basic,12
840,2025-04-01,Pro,13
841,2025-06-01,Basic,13
842,2025-02-01,Basic,12
843,2025-01-01,Pro,13
844,2025-03-01,Basic,1
845,2025-02-01,Basic,2
846,2025-02-01,Pro,13
847,2025-01-01,Pro,2
848,2025-01-01,Basic,13
849,2025-04-01,Pro,6
850,2025-01-01,Pro,13
851,2025-05-01,Pro,13
852,2025-01-01,Pro,4
853,2025-01-01,Pro,13
854,2025-02-01,Basic,12
855,2025-05-01,Basic,2
856,2025-05-01,Pro,3
857,2025-01-01,Basic,3
858,2025-03-01,Pro,9
859,2025-01-01,Basic,13
860,2025-05-01,Basic,13
861,2025-03-01,Pro,4
862,2025-04-01,Pro,13
863,2025-05-01,Pro,6
864,2025-01-01,Basic,6
865,2025-06-01,Pro,8
866,2025-04-01,Basic,7
867,2025-01-01,Pro,3
868,2025-01-01,Pro,6
869,2025-06-01,Basic,4
870,2025-03-01,Pro,13
871,2025-03-01,Pro,10
872,2025-04-01,Basic,13
873,2025-04-01,Pro,6
874,2025-05-01,Basic,10
875,2025-04-01,Basic,11
876,2025-02-01,Basic,5
877,2025-05-01,Pro,8
878,2025-06-01,Basic,11
879,2025-02-01,Basic,13
880,2025-02-01,Basic,5
881,2025-04-01,Pro,13
882,2025-03-01,Basic,1
883,2025-01-01,Pro,13
884,2025-02-01,Pro,2
885,2025-03-01,Basic,13
886,2025-06-01,Pro,1
887,2025-01-01,Pro,4
888,2025-05-01,Pro,12
889,2025-06-01,Basic,1
890,2025-03-01,Basic,6
891,2025-05-01,Basic,13
892,2025-04-01,Pro,9
893,2025-06-01,Pro,13
894,2025-03-01,Basic,2
895,2025-02-01,Basic,13
896,2025-01-01,Pro,2
897,2025-06-01,Basic,7
898,2025-02-01,Pro,6
899,2025-04-01,Pro,3
900,2025-03-01,Basic,13
901,2025-06-01,Basic,9
902,2025-01-01,Basic,4
903,2025-01-01,Pro,4
904,2025-01-01,Pro,13
905,2025-01-01,Pro,8
906,2025-01-01,Basic,11
907,2025-03-01,Pro,4
908,2025-01-01,Basic,8
909,2025-01-01,Basic,13
910,2025-02-01,Basic,13
911,2025-05-01,Pro,4
912,2025-03-01,Pro,6
913,2025-05-01,Pro,8
914,2025-03-01,Pro,13
915,2025-02-01,Basic,1
916,2025-05-01,Basic,13
917,2025-05-01,Basic,2
918,2025-06-01,Basic,5
919,2025-01-01,Basic,12
920,2025-04-01,Basic,4
921,2025-01-01,Basic,9
922,2025-04-01,Basic,13
923,2025-03-01,Pro,13
924,2025-02-01,Basic,13
925,2025-03-01,Basic,9
926,2025-03-01,Basic,2
927,2025-01-01,Pro,13
928,2025-05-01,Pro,6
929,2025-03-01,Pro,3
930,2025-05-01,Basic,13
931,2025-04-01,Pro,12
932,2025-01-01,Pro,13
933,2025-02-01,Pro,3
934,2025-02-01,Basic,6
935,2025-01-01,Basic,13
936,2025-05-01,Pro,8
937,2025-03-01,Pro,8
938,2025-06-01,Pro,13
939,2025-01-01,Basic,5
940,2025-05-01,Pro,13
941,2025-01-01,Basic,5
942,2025-02-01,Basic,13
943,2025-03-01,Basic,4
944,2025-03-01,Pro,4
945,2025-06-01,Basic,1
946,2025-04-01,Pro,6
947,2025-04-01,Basic,1
948,2025-05-01,Basic,10
949,2025-01-01,Pro,13
950,2025-03-01,Basic,1
951,2025-04-01,Pro,9
952,2025-05-01,Basic,4
953,2025-06-01,Basic,7
954,2025-04-01,Basic,1
955,2025-06-01,Pro,6
956,2025-02-01,Basic,1
957,2025-01-01,Basic,13
958,2025-02-01,Basic,1
959,2025-02-01,Basic,3
960,2025-02-01,Pro,3
961,2025-02-01,Pro,13
962,2025-01-01,Pro,13
963,2025-04-01,Pro,13
964,2025-02-01,Pro,13
965,2025-05-01,Pro,6
966,2025-06-01,Basic,1
967,2025-02-01,Basic,9
968,2025-01-01,Pro,12
969,2025-04-01,Pro,4
970,2025-04-01,Pro,13
971,2025-03-01,Basic,5
972,2025-03-01,Basic,13
973,2025-05-01,Basic,4
974,2025-02-01,Pro,13
975,2025-01-01,Pro,6
976,2025-01-01,Pro,5
977,2025-01-01,Pro,12
978,2025-04-01,Basic,2
979,2025-04-01,Basic,1
980,2025-04-01,Pro,7
981,2025-04-01,Pro,13
982,2025-06-01,Pro,3
983,2025-06-01,Basic,5
984,2025-03-01,Basic,10
985,2025-06-01,Pro,2
986,2025-02-01,Basic,5
987,2025-06-01,Pro,1
988,2025-06-01,Pro,11
989,2025-05-01,Pro,3
990,2025-02-01,Basic,13
991,2025-05-01,Pro,11
992,2025-03-01,Basic,6
993,2025-05-01,Basic,7
994,2025-04-01,Basic,13
995,2025-01-01,Basic,3
996,2025-06-01,Basic,2
997,2025-03-01,Basic,3
998,2025-05-01,Pro,3
999,2025-06-01,Pro,13
1000,2025-03-01,Pro,7
1001,2025-04-01,Basic,2
1002,2025-06-01,Pro,5
1003,2025-06-01,Pro,7
1004,2025-06-01,Pro,2
1005,2025-02-01,Basic,5
1006,2025-05-01,Basic,9
1007,2025-05-01,Pro,13
1008,2025-01-01,Basic,4
1009,2025-04-01,Basic,10
1010,2025-03-01,Basic,6
1011,2025-06-01,Pro,9
1012,2025-06-01,Basic,6
1013,2025-01-01,Pro,13
1014,2025-04-01,Basic,13
1015,2025-02-01,Pro,3
1016,2025-01-01,Pro,9
1017,2025-04-01,Pro,13
1018,2025-04-01,Pro,1
1019,2025-05-01,Pro,13
1020,2025-02-01,Pro,13
1021,2025-04-01,Basic,3
1022,2025-04-01,Basic,6
1023,2025-06-01,Basic,5
1024,2025-04-01,Pro,2
1025,2025-05-01,Basic,4
1026,2025-01-01,Pro,12
1027,2025-04-01,Basic,2
1028,2025-05-01,Basic,5
1029,2025-04-01,Pro,12
1030,2025-03-01,Pro,13
1031,2025-06-01,Pro,13
1032,2025-05-01,Basic,2
1033,2025-01-01,Pro,13
1034,2025-06-01,Pro,13
1035,2025-03-01,Pro,9
1036,2025-02-01,Pro,10
1037,2025-02-01,Pro,5
1038,2025-03-01,Pro,1
1039,2025-04-01,Basic,4
1040,2025-03-01,Pro,3
1041,2025-01-01,Pro,8
1042,2025-06-01,Basic,13
1043,2025-04-01,Pro,13
1044,2025-06-01,Pro,4
1045,2025-01-01,Basic,3
1046,2025-01-01,Pro,1
1047,2025-03-01,Basic,3
1048,2025-05-01,Basic,8
1049,2025-05-01,Basic,4
1050,2025-04-01,Basic,3
1051,2025-06-01,Pro,13
1052,2025-05-01,Basic,6
1053,2025-06-01,Pro,10
1054,2025-06-01,Basic,13
1055,2025-01-01,Pro,2
1056,2025-02-01,Pro,13
1057,2025-05-01,Basic,13
1058,2025-02-01,Pro,3
1059,2025-06-01,Pro,13
1060,2025-03-01,Pro,11
1061,2025-05-01,Pro,12
1062,2025-03-01,Basic,13
1063,2025-06-01,Pro,13
1064,2025-02-01,Basic,1
1065,2025-03-01,Pro,13
1066,2025-01-01,Basic,1
1067,2025-01-01,Pro,10
1068,2025-01-01,Basic,7
1069,2025-04-01,Basic,3
1070,2025-01-01,Pro,8
1071,2025-06-01,Basic,1
1072,2025-01-01,Pro,6
1073,2025-05-01,Pro,10
1074,2025-01-01,Pro,11
1075,2025-04-01,Basic,1
1076,2025-01-01,Pro,3
1077,2025-04-01,Basic,11
1078,2025-01-01,Pro,6
1079,2025-04-01,Basic,2
1080,2025-04-01,Pro,13
1081,2025-01-01,Basic,13
1082,2025-01-01,Basic,3
1083,2025-02-01,Basic,13
1084,2025-01-01,Pro,7
1085,2025-02-01,Pro,10
1086,2025-01-01,Basic,1
1087,2025-02-01,Basic,13
1088,2025-01-01,Pro,7
1089,2025-01-01,Basic,3
1090,2025-03-01,Basic,3
1091,2025-06-01,Pro,6
1092,2025-04-01,Pro,13
1093,2025-05-01,Basic,1
1094,2025-03-01,Basic,4
1095,2025-03-01,Basic,5
1096,2025-04-01,Pro,1
1097,2025-04-01,Basic,3
1098,2025-03-01,Basic,6
1099,2025-02-01,Pro,4
1100,2025-06-01,Basic,1
1101,2025-03-01,Basic,13
1102,2025-04-01,Pro,13
1103,2025-01-01,Basic,1
1104,2025-05-01,Pro,13
1105,2025-04-01,Basic,8
1106,2025-05-01,Basic,1
1107,2025-06-01,Basic,2
1108,2025-03-01,Basic,2
1109,2025-02-01,Basic,2
1110,2025-03-01,Basic,2
1111,2025-05-01,Pro,4
1112,2025-05-01,Basic,13
1113,2025-03-01,Pro,13
1114,2025-04-01,Basic,13
1115,2025-03-01,Basic,13
1116,2025-02-01,Basic,13
1117,2025-06-01,Basic,7
1118,2025-01-01,Pro,13
1119,2025-03-01,Pro,2
1120,2025-02-01,Pro,13
1121,2025-02-01,Pro,13
1122,2025-06-01,Basic,7
1123,2025-06-01,Basic,3
1124,2025-04-01,Basic,2
1125,2025-06-01,Basic,4
1126,2025-04-01,Pro,13
1127,2025-02-01,Pro,3
1128,2025-03-01,Pro,4
1129,2025-03-01,Basic,13
1130,2025-02-01,Basic,2
1131,2025-05-01,Basic,1
1132,2025-03-01,Pro,9
1133,2025-06-01,Basic,2
1134,2025-01-01,Pro,13
1135,2025-05-01,Basic,12
1136,2025-02-01,Basic,3
1137,2025-03-01,Pro,13
1138,2025-01-01,Basic,1
1139,2025-01-01,Basic,4
1140,2025-04-01,Pro,3
1141,2025-03-01,Pro,9
1142,2025-04-01,Pro,2
1143,2025-06-01,Pro,6
1144,2025-05-01,Basic,5
1145,2025-05-01,Basic,5
1146,2025-03-01,Pro,6
1147,2025-02-01,Basic,2
1148,2025-06-01,Basic,6
1149,2025-03-01,Pro,13
1150,2025-02-01,Pro,10
1151,2025-04-01,Pro,7
1152,2025-06-01,Pro,3
1153,2025-02-01,Basic,1
1154,2025-03-01,Pro,13
1155,2025-06-01,Basic,13
1156,2025-06-01,Pro,13
1157,2025-05-01,Pro,13
1158,2025-03-01,Basic,2
1159,2025-01-01,Basic,8
1160,2025-01-01,Basic,13
1161,2025-01-01,Basic,2
1162,2025-06-01,Pro,13
1163,2025-01-01,Basic,1
1164,2025-05-01,Pro,6
1165,2025-04-01,Pro,13
1166,2025-06-01,Pro,8
1167,2025-03-01,Basic,5
1168,2025-03-01,Pro,2
1169,2025-02-01,Basic,13
1170,2025-03-01,Basic,4
1171,2025-02-01,Basic,1
1172,2025-05-01,Pro,13
1173,2025-02-01,Pro,2
1174,2025-06-01,Basic,10
1175,2025-05-01,Basic,6
1176,2025-05-01,Basic,6
1177,2025-01-01,Pro,13
1178,2025-01-01,Basic,7
1179,2025-05-01,Basic,4
1180,2025-05-01,Basic,1
1181,2025-03-01,Basic,1
1182,2025-03-01,Basic,13
1183,2025-03-01,Basic,5
1184,2025-04-01,Basic,10
1185,2025-02-01,Pro,13
1186,2025-01-01,Basic,11
1187,2025-06-01,Basic,5
1188,2025-06-01,Basic,13
1189,2025-06-01,Pro,13
1190,2025-04-01,Basic,4
1191,2025-01-01,Basic,3
1192,2025-02-01,Basic,9
1193,2025-01-01,Pro,9
1194,2025-06-01,Basic,11
1195,2025-02-01,Pro,8
1196,2025-02-01,Basic,10
1197,2025-03-01,Pro,1
1198,2025-03-01,Pro,8
1199,2025-03-01,Basic,5
1200,2025-02-01,Pro,13
1201,2025-03-01,Basic,13
1202,2025-01-01,Basic,10
1203,2025-04-01,Pro,6
1204,2025-04-01,Basic,13
1205,2025-05-01,Pro,13
1206,2025-02-01,Pro,13
1207,2025-05-01,Basic,4
1208,2025-06-01,Pro,13
1209,2025-02-01,Basic,4
1210,2025-02-01,Basic,4
1211,2025-01-01,Pro,13
1212,2025-04-01,Pro,3
1213,2025-05-01,Pro,4
1214,2025-01-01,Basic,3
1215,2025-03-01,Pro,6
1216,2025-04-01,Pro,5
1217,2025-04-01,Basic,5
1218,2025-02-01,Pro,13
1219,2025-06-01,Pro,13
1220,2025-01-01,Basic,6
1221,2025-06-01,Pro,4
1222,2025-03-01,Basic,2
1223,2025-03-01,Basic,4
1224,2025-01-01,Pro,3
1225,2025-03-01,Pro,13
1226,2025-03-01,Basic,10
1227,2025-05-01,Pro,13
1228,2025-05-01,Basic,1
1229,2025-05-01,Basic,7
1230,2025-06-01,Basic,6
1231,2025-01-01,Basic,12
1232,2025-05-01,Basic,7
1233,2025-01-01,Pro,13
1234,2025-02-01,Pro,1
1235,2025-06-01,Pro,13
1236,2025-01-01,Pro,11
1237,2025-03-01,Basic,8
1238,2025-01-01,Basic,4
1239,2025-03-01,Pro,10
1240,2025-03-01,Basic,12
1241,2025-03-01,Pro,4
1242,2025-04-01,Pro,7
1243,2025-01-01,Pro,1
1244,2025-01-01,Pro,5
1245,2025-02-01,Basic,3
1246,2025-05-01,Basic,8
1247,2025-03-01,Basic,3
1248,2025-06-01,Basic,8
1249,2025-02-01,Basic,6
1250,2025-02-01,Basic,1
1251,2025-04-01,Pro,13
1252,2025-06-01,Basic,3
1253,2025-01-01,Basic,2
1254,2025-01-01,Pro,13
1255,2025-05-01,Pro,13
1256,2025-04-01,Basic,13
1257,2025-02-01,Basic,13
1258,2025-04-01,Basic,13
1259,2025-05-01,Basic,5
1260,2025-04-01,Pro,2
1261,2025-03-01,Pro,6
1262,2025-03-01,Pro,3
1263,2025-05-01,Pro,7
1264,2025-06-01,Basic,6
1265,2025-02-01,Pro,7
1266,2025-03-01,Basic,2
1267,2025-04-01,Basic,2
1268,2025-04-01,Pro,13
1269,2025-01-01,Pro,9
1270,2025-03-01,Pro,13
1271,2025-03-01,Pro,3
1272,2025-04-01,Basic,13
1273,2025-02-01,Pro,1
1274,2025-05-01,Pro,1
1275,2025-03-01,Basic,1
1276,2025-02-01,Basic,6
1277,2025-01-01,Basic,9
1278,2025-03-01,Basic,13
1279,2025-02-01,Basic,5
1280,2025-05-01,Basic,1
1281,2025-01-01,Pro,5
1282,2025-02-01,Pro,2
1283,2025-06-01,Pro,12
1284,2025-05-01,Basic,3
1285,2025-02-01,Basic,11
1286,2025-05-01,Pro,10
1287,2025-02-01,Pro,13
1288,2025-01-01,Basic,13
1289,2025-04-01,Basic,9
1290,2025-04-01,Basic,8
1291,2025-05-01,Pro,3
1292,2025-01-01,Pro,7
1293,2025-06-01,Pro,13
1294,2025-02-01,Pro,13
1295,2025-02-01,Basic,6
1296,2025-02-01,Basic,6
1297,2025-06-01,Pro,6
1298,2025-05-01,Pro,5
1299,2025-01-01,Pro,10
1300,2025-06-01,Basic,13
1301,2025-02-01,Pro,13
1302,2025-03-01,Basic,6
1303,2025-05-01,Basic,2
1304,2025-04-01,Basic,2
1305,2025-01-01,Pro,1
1306,2025-02-01,Basic,4
1307,2025-02-01,Basic,13
1308,2025-01-01,Pro,2
1309,2025-04-01,Basic,4
1310,2025-04-01,Basic,6
1311,2025-01-01,Pro,6
1312,2025-02-01,Basic,4
1313,2025-05-01,Basic,3
1314,2025-03-01,Pro,13
1315,2025-03-01,Pro,1
1316,2025-06-01,Pro,6
1317,2025-04-01,Pro,13
1318,2025-01-01,Pro,4
1319,2025-02-01,Pro,2
1320,2025-01-01,Pro,7
1321,2025-05-01,Pro,10
1322,2025-03-01,Basic,12
1323,2025-06-01,Basic,1
1324,2025-05-01,Pro,7
1325,2025-02-01,Pro,13
1326,2025-06-01,Basic,13
1327,2025-01-01,Pro,13
1328,2025-06-01,Pro,8
1329,2025-04-01,Pro,13
1330,2025-02-01,Basic,1
1331,2025-06-01,Pro,3
1332,2025-01-01,Basic,5
1333,2025-03-01,Pro,6
1334,2025-04-01,Basic,6
1335,2025-04-01,Pro,13
1336,2025-03-01,Basic,1
1337,2025-06-01,Pro,11
1338,2025-05-01,Basic,1
1339,2025-03-01,Basic,9
1340,2025-04-01,Basic,3
1341,2025-03-01,Pro,4
1342,2025-06-01,Basic,13
1343,2025-04-01,Pro,4
1344,2025-04-01,Pro,6
1345,2025-06-01,Basic,3
1346,2025-02-01,Pro,9
1347,2025-02-01,Pro,3
1348,2025-01-01,Pro,10
1349,2025-06-01,Pro,4
1350,2025-01-01,Basic,10
1351,2025-06-01,Basic,2
1352,2025-06-01,Pro,4
1353,2025-06-01,Basic,3
1354,2025-01-01,Pro,13
1355,2025-02-01,Pro,1
1356,2025-03-01,Pro,13
1357,2025-04-01,Pro,12
1358,2025-06-01,Basic,13
1359,2025-03-01,Basic,1
1360,2025-03-01,Basic,12
1361,2025-06-01,Pro,8
1362,2025-01-01,Basic,10
1363,2025-01-01,Pro,13
1364,2025-01-01,Basic,13
1365,2025-04-01,Pro,13
1366,2025-06-01,Basic,13
1367,2025-04-01,Basic,10
1368,2025-02-01,Basic,1
1369,2025-05-01,Pro,13
1370,2025-06-01,Basic,13
1371,2025-03-01,Basic,1
1372,2025-01-01,Basic,4
1373,2025-02-01,Basic,2
1374,2025-06-01,Pro,8
1375,2025-06-01,Pro,5
1376,2025-05-01,Basic,8
1377,2025-05-01,Pro,2
1378,2025-06-01,Basic,13
1379,2025-03-01,Pro,7
1380,2025-01-01,Basic,13
1381,2025-02-01,Basic,1
1382,2025-06-01,Basic,3
1383,2025-01-01,Pro,12
1384,2025-03-01,Pro,3
1385,2025-01-01,Pro,8
1386,2025-01-01,Pro,13
1387,2025-01-01,Basic,13
1388,2025-04-01,Pro,2
1389,2025-04-01,Pro,5
1390,2025-05-01,Basic,6
1391,2025-02-01,Pro,7
1392,2025-04-01,Pro,6
1393,2025-01-01,Pro,13
1394,2025-01-01,Basic,11
1395,2025-03-01,Pro,6
1396,2025-03-01,Pro,3
1397,2025-01-01,Basic,3
1398,2025-02-01,Pro,2
1399,2025-04-01,Pro,13
1400,2025-04-01,Pro,3
1401,2025-01-01,Pro,8
1402,2025-04-01,Pro,2
1403,2025-01-01,Basic,4
1404,2025-01-01,Basic,4
1405,2025-01-01,Pro,11
1406,2025-03-01,Basic,4
1407,2025-04-01,Pro,1
1408,2025-05-01,Basic,2
1409,2025-03-01,Basic,3
1410,2025-06-01,Pro,13
1411,2025-03-01,Pro,13
1412,2025-04-01,Pro,4
1413,2025-05-01,Pro,13
1414,2025-05-01,Basic,9
1415,2025-02-01,Basic,2
1416,2025-01-01,Pro,13
1417,2025-03-01,Pro,10
1418,2025-05-01,Pro,3
1419,2025-05-01,Basic,2
1420,2025-03-01,Pro,3
1421,2025-01-01,Pro,6
1422,2025-03-01,Pro,13
1423,2025-03-01,Basic,3
1424,2025-05-01,Basic,13
1425,2025-05-01,Basic,2
1426,2025-01-01,Basic,2
1427,2025-03-01,Basic,1
1428,2025-05-01,Basic,13
1429,2025-06-01,Pro,13
1430,2025-01-01,Basic,3
1431,2025-02-01,Basic,10
1432,2025-04-01,Pro,13
1433,2025-03-01,Basic,13
1434,2025-01-01,Basic,1
1435,2025-02-01,Pro,13
1436,2025-03-01,Basic,7
1437,2025-03-01,Basic,3
1438,2025-02-01,Basic,1
1439,2025-04-01,Pro,10
1440,2025-02-01,Pro,1
1441,2025-04-01,Basic,13
1442,2025-03-01,Basic,4
1443,2025-05-01,Basic,7
1444,2025-06-01,Basic,4
1445,2025-01-01,Pro,3
1446,2025-05-01,Pro,9
1447,2025-03-01,Pro,9
1448,2025-06-01,Pro,13
1449,2025-04-01,Basic,11
1450,2025-03-01,Basic,13
1451,2025-04-01,Pro,5
1452,2025-03-01,Pro,1
1453,2025-03-01,Pro,13
1454,2025-04-01,Basic,5
1455,2025-01-01,Basic,4
1456,2025-01-01,Basic,13
1457,2025-05-01,Basic,5
1458,2025-03-01,Basic,13
1459,2025-02-01,Pro,1
1460,2025-02-01,Basic,4
1461,2025-04-01,Pro,8
1462,2025-03-01,Basic,2
1463,2025-01-01,Pro,13
1464,2025-03-01,Pro,13
1465,2025-04-01,Pro,13
1466,2025-06-01,Basic,11
1467,2025-06-01,Basic,7
1468,2025-01-01,Pro,13
1469,2025-04-01,Pro,7
1470,2025-04-01,Pro,5
1471,2025-06-01,Basic,8
1472,2025-01-01,Pro,2
1473,2025-02-01,Basic,4
1474,2025-05-01,Basic,13
1475,2025-01-01,Pro,13
1476,2025-01-01,Basic,1
1477,2025-06-01,Pro,4
1478,2025-04-01,Pro,11
1479,2025-02-01,Basic,13
1480,2025-06-01,Basic,12
1481,2025-04-01,Basic,1
1482,2025-04-01,Pro,2
1483,2025-01-01,Pro,13
1484,2025-03-01,Pro,13
1485,2025-04-01,Basic,2
1486,2025-01-01,Basic,4
1487,2025-01-01,Basic,1
1488,2025-02-01,Pro,13
1489,2025-02-01,Pro,13
1490,2025-01-01,Pro,10
1491,2025-05-01,Basic,3
1492,2025-06-01,Pro,13
1493,2025-06-01,Basic,6
1494,2025-03-01,Basic,2
1495,2025-06-01,Basic,13
1496,2025-03-01,Basic,13
1497,2025-04-01,Pro,13
1498,2025-02-01,Basic,2
1499,2025-02-01,Pro,7
1500,2025-06-01,Pro,10
1501,2025-06-01,Pro,13
1502,2025-03-01,Pro,13
1503,2025-06-01,Basic,12
1504,2025-06-01,Basic,5
1505,2025-06-01,Pro,13
1506,2025-06-01,Pro,13
1507,2025-06-01,Basic,3
1508,2025-06-01,Basic,3
1509,2025-02-01,Pro,2
1510,2025-03-01,Pro,8
1511,2025-03-01,Pro,2
1512,2025-05-01,Pro,13
1513,2025-04-01,Basic,10
1514,2025-03-01,Pro,13
1515,2025-03-01,Basic,1
1516,2025-05-01,Basic,13
1517,2025-03-01,Basic,13
1518,2025-01-01,Basic,9
1519,2025-02-01,Pro,13
1520,2025-06-01,Pro,5
1521,2025-04-01,Basic,5
1522,2025-03-01,Pro,13
1523,2025-02-01,Pro,13
1524,2025-02-01,Basic,13
1525,2025-02-01,Pro,13
1526,2025-01-01,Basic,3
1527,2025-03-01,Basic,2
1528,2025-02-01,Basic,1
1529,2025-06-01,Pro,8
1530,2025-06-01,Pro,5
1531,2025-06-01,Basic,5
1532,2025-01-01,Pro,2
1533,2025-04-01,Basic,1
1534,2025-05-01,Pro,13
1535,2025-02-01,Basic,1
1536,2025-02-01,Pro,1
1537,2025-01-01,Pro,2
1538,2025-01-01,Pro,13
1539,2025-02-01,Basic,9
1540,2025-01-01,Pro,13
1541,2025-01-01,Pro,3
1542,2025-05-01,Basic,7
1543,2025-04-01,Basic,6
1544,2025-04-01,Basic,1
1545,2025-02-01,Basic,8
1546,2025-01-01,Basic,5
1547,2025-06-01,Basic,3
1548,2025-01-01,Pro,13
1549,2025-06-01,Basic,4
1550,2025-06-01,Pro,13
1551,2025-04-01,Basic,4
1552,2025-01-01,Basic,9
1553,2025-06-01,Basic,13
1554,2025-05-01,Pro,8
1555,2025-01-01,Basic,10
1556,2025-03-01,Basic,1
1557,2025-03-01,Basic,13
1558,2025-01-01,Basic,3
1559,2025-03-01,Basic,13
1560,2025-03-01,Basic,8
1561,2025-05-01,Pro,13
1562,2025-05-01,Basic,1
1563,2025-03-01,Basic,6
1564,2025-01-01,Pro,13
1565,2025-02-01,Basic,6
1566,2025-06-01,Pro,8
1567,2025-05-01,Pro,7
1568,2025-01-01,Pro,13
1569,2025-04-01,Basic,8
1570,2025-01-01,Pro,5
1571,2025-03-01,Pro,6
1572,2025-02-01,Pro,8
1573,2025-03-01,Pro,13
1574,2025-03-01,Basic,1
1575,2025-02-01,Pro,8
1576,2025-01-01,Basic,1
1577,2025-05-01,Pro,7
1578,2025-06-01,Pro,6
1579,2025-01-01,Pro,1
1580,2025-05-01,Basic,4
1581,2025-01-01,Pro,13
1582,2025-05-01,Basic,13
1583,2025-03-01,Basic,7
1584,2025-04-01,Basic,13
1585,2025-05-01,Pro,13
1586,2025-06-01,Pro,13
1587,2025-06-01,Pro,4
1588,2025-01-01,Pro,1
1589,2025-06-01,Basic,7
1590,2025-03-01,Basic,2
1591,2025-06-01,Basic,9
1592,2025-06-01,Pro,13
1593,2025-02-01,Basic,12
1594,2025-04-01,Pro,13
1595,2025-04-01,Basic,1
1596,2025-03-01,Basic,4
1597,2025-03-01,Basic,3
1598,2025-01-01,Basic,2
1599,2025-01-01,Basic,12
1600,2025-05-01,Basic,3
1601,2025-01-01,Basic,11
1602,2025-03-01,Pro,1
1603,2025-03-01,Pro,1
1604,2025-01-01,Pro,13
1605,2025-05-01,Basic,6
1606,2025-04-01,Pro,1
1607,2025-02-01,Pro,2
1608,2025-06-01,Pro,9
1609,2025-03-01,Basic,13
1610,2025-02-01,Basic,6
1611,2025-05-01,Pro,8
1612,2025-04-01,Basic,1
1613,2025-01-01,Pro,13
1614,2025-02-01,Basic,4
1615,2025-06-01,Basic,1
1616,2025-04-01,Pro,13
1617,2025-04-01,Basic,5
1618,2025-04-01,Pro,7
1619,2025-06-01,Basic,6
1620,2025-05-01,Basic,4
1621,2025-04-01,Basic,13
1622,2025-06-01,Pro,13
1623,2025-02-01,Pro,8
1624,2025-01-01,Pro,5
1625,2025-06-01,Basic,1
1626,2025-03-01,Pro,10
1627,2025-01-01,Pro,10
1628,2025-04-01,Basic,12
1629,2025-04-01,Basic,1
1630,2025-01-01,Pro,2
1631,2025-01-01,Pro,1
1632,2025-02-01,Pro,13
1633,2025-02-01,Basic,5
1634,2025-04-01,Basic,13
1635,2025-01-01,Basic,13
1636,2025-05-01,Basic,3
1637,2025-04-01,Pro,13
1638,2025-01-01,Pro,13
1639,2025-05-01,Pro,7
1640,2025-01-01,Basic,5
1641,2025-06-01,Pro,13
1642,2025-05-01,Basic,1
1643,2025-05-01,Basic,8
1644,2025-03-01,Pro,11
1645,2025-04-01,Basic,3
1646,2025-01-01,Basic,1
1647,2025-04-01,Basic,7
1648,2025-02-01,Basic,5
1649,2025-02-01,Pro,13
1650,2025-03-01,Basic,13
1651,2025-06-01,Pro,1
1652,2025-06-01,Basic,1
1653,2025-01-01,Basic,5
1654,2025-06-01,Pro,13
1655,2025-02-01,Pro,2
1656,2025-03-01,Pro,11
1657,2025-05-01,Basic,8
1658,2025-05-01,Basic,4
1659,2025-04-01,Basic,1
1660,2025-04-01,Pro,13
1661,2025-02-01,Pro,1
1662,2025-01-01,Pro,13
1663,2025-04-01,Basic,4
1664,2025-02-01,Pro,13
1665,2025-05-01,Pro,13
1666,2025-06-01,Pro,8
1667,2025-01-01,Basic,1
1668,2025-04-01,Pro,2
1669,2025-02-01,Basic,8
1670,2025-01-01,Basic,13
1671,2025-03-01,Basic,13
1672,2025-02-01,Basic,1
1673,2025-01-01,Pro,1
1674,2025-05-01,Basic,11
1675,2025-05-01,Basic,8
1676,2025-05-01,Basic,7
1677,2025-06-01,Pro,1
1678,2025-06-01,Basic,4
1679,2025-02-01,Basic,6
1680,2025-04-01,Basic,5
1681,2025-04-01,Basic,13
1682,2025-04-01,Pro,2
1683,2025-03-01,Pro,3
1684,2025-02-01,Basic,5
1685,2025-06-01,Pro,3
1686,2025-03-01,Basic,7
1687,2025-01-01,Pro,13
1688,2025-05-01,Pro,11
1689,2025-01-01,Pro,13
1690,2025-01-01,Pro,2
1691,2025-03-01,Basic,12
1692,2025-05-01,Basic,3
1693,2025-01-01,Basic,9
1694,2025-03-01,Pro,13
1695,2025-03-01,Pro,9
1696,2025-01-01,Basic,2
1697,2025-05-01,Pro,13
1698,2025-02-01,Basic,8
1699,2025-03-01,Basic,1
1700,2025-04-01,Basic,4
1701,2025-06-01,Pro,13
1702,2025-06-01,Basic,4
1703,2025-02-01,Basic,3
1704,2025-06-01,Basic,2
1705,2025-06-01,Pro,3
1706,2025-06-01,Pro,13
1707,2025-02-01,Basic,9
1708,2025-05-01,Basic,3
1709,2025-01-01,Basic,10
1710,2025-01-01,Pro,9
1711,2025-04-01,Pro,13
1712,2025-01-01,Basic,13
1713,2025-02-01,Pro,13
1714,2025-05-01,Pro,7
1715,2025-01-01,Basic,11
1716,2025-03-01,Pro,13
1717,2025-03-01,Pro,4
1718,2025-04-01,Pro,1
1719,2025-01-01,Pro,13
1720,2025-04-01,Basic,13
1721,2025-02-01,Pro,2
1722,2025-03-01,Basic,13
1723,2025-05-01,Basic,2
1724,2025-05-01,Basic,13
1725,2025-01-01,Pro,3
1726,2025-01-01,Pro,7
1727,2025-05-01,Basic,13
1728,2025-05-01,Pro,5
1729,2025-03-01,Basic,13
1730,2025-01-01,Pro,1
1731,2025-02-01,Basic,6
1732,2025-04-01,Pro,13
1733,2025-04-01,Pro,13
1734,2025-05-01,Basic,13
1735,2025-02-01,Basic,13
1736,2025-05-01,Basic,13
1737,2025-03-01,Pro,1
1738,2025-05-01,Pro,13
1739,2025-05-01,Pro,6
1740,2025-05-01,Basic,13
1741,2025-03-01,Basic,5
1742,2025-05-01,Basic,5
1743,2025-04-01,Basic,13
1744,2025-04-01,Pro,5
1745,2025-04-01,Basic,2
1746,2025-02-01,Pro,13
1747,2025-04-01,Pro,4
1748,2025-01-01,Pro,4
1749,2025-04-01,Basic,1
1750,2025-06-01,Basic,6
1751,2025-05-01,Pro,9
1752,2025-01-01,Pro,8
1753,2025-02-01,Pro,5
1754,2025-05-01,Pro,1
1755,2025-04-01,Basic,9
1756,2025-05-01,Basic,7
1757,2025-01-01,Basic,3
1758,2025-02-01,Basic,6
1759,2025-05-01,Basic,5
1760,2025-04-01,Basic,5
1761,2025-05-01,Pro,10
1762,2025-04-01,Basic,2
1763,2025-03-01,Pro,4
1764,2025-03-01,Basic,9
1765,2025-06-01,Basic,3
1766,2025-06-01,Pro,3
1767,2025-01-01,Basic,5
1768,2025-06-01,Basic,13
1769,2025-03-01,Basic,11
1770,2025-05-01,Pro,11
1771,2025-01-01,Basic,13
1772,2025-02-01,Pro,2
1773,2025-01-01,Pro,1
1774,2025-03-01,Pro,2
1775,2025-01-01,Basic,8
1776,2025-06-01,Pro,13
1777,2025-02-01,Pro,5
1778,2025-02-01,Pro,13
1779,2025-03-01,Basic,2
1780,2025-03-01,Pro,13
1781,2025-01-01,Basic,10
1782,2025-02-01,Basic,7
1783,2025-02-01,Basic,6
1784,2025-03-01,Pro,13
1785,2025-05-01,Basic,6
1786,2025-06-01,Pro,1
1787,2025-06-01,Basic,9
1788,2025-05-01,Basic,7
1789,2025-02-01,Basic,11
1790,2025-02-01,Basic,7
1791,2025-05-01,Basic,2
1792,2025-04-01,Pro,3
1793,2025-01-01,Pro,6
1794,2025-04-01,Pro,2
1795,2025-03-01,Basic,1
1796,2025-05-01,Basic,10
1797,2025-01-01,Basic,13
1798,2025-06-01,Pro,7
1799,2025-04-01,Basic,11
1800,2025-01-01,Basic,9
1801,2025-06-01,Basic,13
1802,2025-06-01,Basic,3
1803,2025-01-01,Basic,1
1804,2025-06-01,Basic,13
1805,2025-02-01,Pro,13
1806,2025-03-01,Pro,7
1807,2025-03-01,Basic,11
1808,2025-05-01,Basic,8
1809,2025-04-01,Basic,1
1810,2025-04-01,Basic,8
1811,2025-04-01,Pro,13
1812,2025-05-01,Pro,13
1813,2025-01-01,Pro,10
1814,2025-01-01,Pro,12
1815,2025-06-01,Pro,2
1816,2025-05-01,Pro,13
1817,2025-06-01,Pro,3
1818,2025-04-01,Basic,2
1819,2025-02-01,Basic,2
1820,2025-02-01,Pro,2
1821,2025-06-01,Basic,8
1822,2025-01-01,Pro,9
1823,2025-06-01,Basic,3
1824,2025-01-01,Pro,13
1825,2025-04-01,Basic,2
1826,2025-02-01,Pro,1
1827,2025-05-01,Basic,13
1828,2025-05-01,Pro,4
1829,2025-06-01,Basic,7
1830,2025-02-01,Pro,1
1831,2025-01-01,Pro,13
1832,2025-05-01,Pro,11
1833,2025-04-01,Pro,2
1834,2025-04-01,Basic,13
1835,2025-05-01,Basic,10
1836,2025-02-01,Basic,7
1837,2025-06-01,Basic,3
1838,2025-01-01,Basic,8
1839,2025-01-01,Pro,13
1840,2025-01-01,Pro,5
1841,2025-01-01,Basic,13
1842,2025-04-01,Pro,8
1843,2025-06-01,Pro,9
1844,2025-02-01,Basic,13
1845,2025-06-01,Basic,6
1846,2025-06-01,Basic,7
1847,2025-04-01,Basic,5
1848,2025-06-01,Basic,10
1849,2025-06-01,Basic,13
1850,2025-03-01,Pro,13
1851,2025-03-01,Pro,13
1852,2025-01-01,Pro,13
1853,2025-04-01,Basic,2
1854,2025-01-01,Basic,13
1855,2025-02-01,Basic,13
1856,2025-03-01,Basic,3
1857,2025-06-01,Basic,13
1858,2025-04-01,Pro,2
1859,2025-03-01,Basic,13
1860,2025-04-01,Basic,1
1861,2025-01-01,Pro,13
1862,2025-03-01,Pro,5
1863,2025-01-01,Pro,1
1864,2025-02-01,Pro,13
1865,2025-03-01,Pro,13
1866,2025-04-01,Basic,11
1867,2025-03-01,Basic,1
1868,2025-03-01,Basic,13
1869,2025-06-01,Basic,6
1870,2025-05-01,Pro,13
1871,2025-01-01,Pro,13
1872,2025-03-01,Pro,13
1873,2025-05-01,Pro,13
1874,2025-04-01,Basic,7
1875,2025-04-01,Pro,6
1876,2025-02-01,Basic,3
1877,2025-02-01,Pro,11
1878,2025-05-01,Basic,10
1879,2025-01-01,Basic,1
1880,2025-04-01,Basic,7
1881,2025-04-01,Pro,13
1882,2025-01-01,Basic,3
1883,2025-03-01,Basic,1
1884,2025-05-01,Basic,12
1885,2025-06-01,Pro,3
1886,2025-03-01,Pro,6
1887,2025-03-01,Basic,13
1888,2025-04-01,Pro,13
1889,2025-03-01,Basic,3
1890,2025-06-01,Pro,5
1891,2025-02-01,Basic,8
1892,2025-06-01,Pro,13
1893,2025-06-01,Pro,13
1894,2025-04-01,Basic,10
1895,2025-02-01,Pro,8
1896,2025-01-01,Basic,2
1897,2025-04-01,Pro,13
1898,2025-04-01,Pro,13
1899,2025-03-01,Basic,1
1900,2025-01-01,Pro,13
1901,2025-03-01,Basic,13
1902,2025-02-01,Pro,10
1903,2025-01-01,Pro,3
1904,2025-01-01,Basic,13
1905,2025-03-01,Pro,7
1906,2025-06-01,Pro,13
1907,2025-06-01,Basic,1
1908,2025-01-01,Pro,13
1909,2025-05-01,Pro,10
1910,2025-05-01,Basic,3
1911,2025-02-01,Basic,2
1912,2025-01-01,Pro,7
1913,2025-05-01,Basic,13
1914,2025-03-01,Basic,13
1915,2025-04-01,Pro,13
1916,2025-05-01,Basic,2
1917,2025-04-01,Pro,5
1918,2025-03-01,Pro,1
1919,2025-02-01,Pro,10
1920,2025-02-01,Pro,13
1921,2025-04-01,Basic,8
1922,2025-06-01,Basic,13
1923,2025-06-01,Basic,8
1924,2025-01-01,Pro,1
1925,2025-02-01,Pro,2
1926,2025-04-01,Basic,5
1927,2025-04-01,Pro,13
1928,2025-05-01,Pro,1
1929,2025-01-01,Pro,12
1930,2025-01-01,Basic,7
1931,2025-01-01,Pro,13
1932,2025-06-01,Pro,4
1933,2025-01-01,Pro,13
1934,2025-02-01,Basic,7
1935,2025-01-01,Pro,8
1936,2025-03-01,Basic,4
1937,2025-03-01,Basic,13
1938,2025-05-01,Pro,12
1939,2025-06-01,Basic,11
1940,2025-02-01,Pro,13
1941,2025-05-01,Pro,13
1942,2025-03-01,Pro,1
1943,2025-03-01,Pro,11
1944,2025-04-01,Basic,1
1945,2025-05-01,Pro,13
1946,2025-04-01,Basic,5
1947,2025-01-01,Basic,11
1948,2025-02-01,Pro,12
1949,2025-04-01,Basic,4
1950,2025-04-01,Pro,13
1951,2025-05-01,Pro,13
1952,2025-01-01,Pro,2
1953,2025-05-01,Pro,2
1954,2025-02-01,Basic,1
1955,2025-02-01,Pro,13
1956,2025-05-01,Basic,2
1957,2025-03-01,Basic,3
1958,2025-06-01,Pro,11
1959,2025-01-01,Basic,10
1960,2025-01-01,Basic,2
1961,2025-06-01,Pro,5
1962,2025-04-01,Pro,5
1963,2025-06-01,Basic,4
1964,2025-04-01,Pro,13
1965,2025-03-01,Basic,2
1966,2025-06-01,Pro,13
1967,2025-03-01,Pro,11
1968,2025-06-01,Basic,4
1969,2025-05-01,Pro,10
1970,2025-01-01,Basic,12
1971,2025-06-01,Pro,13
1972,2025-02-01,Basic,2
1973,2025-04-01,Pro,13
1974,2025-01-01,Pro,9
1975,2025-04-01,Pro,7
1976,2025-03-01,Basic,3
1977,2025-06-01,Pro,4
1978,2025-05-01,Basic,1
1979,2025-05-01,Pro,13
1980,2025-01-01,Basic,2
1981,2025-04-01,Pro,6
1982,2025-01-01,Pro,10
1983,2025-04-01,Basic,4
1984,2025-05-01,Basic,2
1985,2025-02-01,Pro,13
1986,2025-05-01,Pro,9
1987,2025-03-01,Pro,4
1988,2025-04-01,Pro,3
1989,2025-06-01,Basic,1
1990,2025-04-01,Pro,4
1991,2025-03-01,Basic,6
1992,2025-03-01,Pro,2
1993,2025-04-01,Pro,13
1994,2025-05-01,Pro,6
1995,2025-01-01,Pro,12
1996,2025-05-01,Pro,1
1997,2025-02-01,Basic,3
1998,2025-04-01,Basic,13
1999,2025-02-01,Basic,5
2000,2025-01-01,Basic,2
2001,2025-03-01,Basic,1
2002,2025-04-01,Pro,13
2003,2025-03-01,Pro,13
2004,2025-02-01,Pro,6
2005,2025-03-01,Pro,1
2006,2025-02-01,Basic,2
2007,2025-04-01,Pro,13
2008,2025-04-01,Pro,13
2009,2025-04-01,Basic,11
2010,2025-06-01,Pro,8
2011,2025-04-01,Pro,2
2012,2025-03-01,Pro,12
2013,2025-06-01,Basic,1
2014,2025-05-01,Pro,7
2015,2025-04-01,Pro,13
2016,2025-06-01,Pro,13
2017,2025-05-01,Basic,11
2018,2025-01-01,Pro,13
2019,2025-05-01,Basic,3
2020,2025-05-01,Pro,2
2021,2025-03-01,Basic,2
2022,2025-02-01,Pro,2
2023,2025-01-01,Pro,4
2024,2025-04-01,Pro,1
2025,2025-03-01,Pro,1
2026,2025-06-01,Basic,7
2027,2025-01-01,Pro,1
2028,2025-05-01,Basic,9
2029,2025-03-01,Pro,8
2030,2025-05-01,Basic,10
2031,2025-04-01,Basic,4
2032,2025-01-01,Basic,9
2033,2025-04-01,Basic,13
2034,2025-01-01,Pro,13
2035,2025-01-01,Pro,13
2036,2025-01-01,Pro,7
2037,2025-04-01,Basic,1
2038,2025-02-01,Basic,6
2039,2025-04-01,Basic,13
2040,2025-01-01,Basic,2
2041,2025-04-01,Pro,13
2042,2025-06-01,Basic,4
2043,2025-01-01,Basic,13
2044,2025-03-01,Pro,13
2045,2025-06-01,Basic,1
2046,2025-02-01,Pro,3
2047,2025-03-01,Basic,4
2048,2025-05-01,Pro,4
2049,2025-02-01,Pro,3
2050,2025-01-01,Pro,7
2051,2025-03-01,Basic,4
2052,2025-05-01,Pro,9
2053,2025-03-01,Basic,1
2054,2025-04-01,Basic,3
2055,2025-04-01,Basic,4
2056,2025-02-01,Pro,2
2057,2025-04-01,Basic,13
2058,2025-04-01,Pro,10
2059,2025-05-01,Pro,6
2060,2025-05-01,Pro,10
2061,2025-03-01,Basic,6
2062,2025-01-01,Basic,2
2063,2025-01-01,Basic,3
2064,2025-06-01,Pro,13
2065,2025-04-01,Pro,3
2066,2025-03-01,Basic,7
2067,2025-06-01,Basic,13
2068,2025-06-01,Basic,13
2069,2025-02-01,Pro,2
2070,2025-04-01,Pro,3
2071,2025-01-01,Pro,13
2072,2025-06-01,Pro,2
2073,2025-06-01,Pro,13
2074,2025-06-01,Basic,4
2075,2025-06-01,Basic,5
2076,2025-01-01,Basic,8
2077,2025-06-01,Pro,1
2078,2025-04-01,Basic,4
2079,2025-02-01,Pro,13
2080,2025-02-01,Pro,1
2081,2025-03-01,Basic,6
2082,2025-06-01,Basic,1
2083,2025-06-01,Basic,1
2084,2025-02-01,Pro,5
2085,2025-01-01,Basic,4
2086,2025-03-01,Basic,13
2087,2025-05-01,Pro,6
2088,2025-05-01,Basic,6
2089,2025-01-01,Pro,4
2090,2025-04-01,Basic,4
2091,2025-05-01,Basic,13
2092,2025-02-01,Pro,8
2093,2025-02-01,Pro,5
2094,2025-06-01,Basic,1
2095,2025-02-01,Basic,3
2096,2025-01-01,Pro,13
2097,2025-05-01,Basic,3
2098,2025-04-01,Basic,6
2099,2025-05-01,Pro,13
2100,2025-03-01,Pro,1
2101,2025-03-01,Basic,1
2102,2025-04-01,Pro,4
2103,2025-03-01,Basic,1
2104,2025-02-01,Pro,13
2105,2025-06-01,Basic,1
2106,2025-05-01,Pro,6
2107,2025-06-01,Pro,8
2108,2025-04-01,Pro,13
2109,2025-05-01,Pro,4
2110,2025-04-01,Basic,1
2111,2025-03-01,Basic,1
2112,2025-06-01,Basic,4
2113,2025-02-01,Basic,2
2114,2025-03-01,Basic,7
2115,2025-01-01,Basic,5
2116,2025-05-01,Basic,1
2117,2025-06-01,Basic,13
2118,2025-05-01,Pro,11
2119,2025-03-01,Pro,5
2120,2025-05-01,Pro,10
2121,2025-03-01,Basic,3
2122,2025-04-01,Pro,13
2123,2025-05-01,Basic,6
2124,2025-05-01,Pro,9
2125,2025-02-01,Basic,6
2126,2025-05-01,Basic,2
2127,2025-04-01,Pro,13
2128,2025-04-01,Pro,9
2129,2025-06-01,Basic,12
2130,2025-05-01,Basic,13
2131,2025-04-01,Basic,7
2132,2025-06-01,Basic,3
2133,2025-05-01,Pro,11
2134,2025-06-01,Pro,9
2135,2025-03-01,Basic,5
2136,2025-03-01,Basic,13
2137,2025-01-01,Pro,2
2138,2025-05-01,Pro,12
2139,2025-02-01,Pro,3
2140,2025-03-01,Basic,13
2141,2025-06-01,Pro,9
2142,2025-02-01,Basic,9
2143,2025-06-01,Basic,13
2144,2025-05-01,Basic,2
2145,2025-04-01,Basic,3
2146,2025-06-01,Basic,1
2147,2025-03-01,Basic,2
2148,2025-05-01,Pro,4
2149,2025-02-01,Basic,8
2150,2025-01-01,Basic,13
2151,2025-03-01,Pro,2
2152,2025-05-01,Pro,13
2153,2025-01-01,Pro,13
2154,2025-03-01,Pro,8
2155,2025-06-01,Basic,12
2156,2025-05-01,Basic,4
2157,2025-03-01,Basic,8
2158,2025-05-01,Pro,13
2159,2025-01-01,Pro,6
2160,2025-04-01,Pro,4
2161,2025-06-01,Basic,1
2162,2025-01-01,Pro,13
2163,2025-03-01,Pro,6
2164,2025-06-01,Basic,4
2165,2025-03-01,Basic,13
2166,2025-05-01,Pro,5
2167,2025-04-01,Basic,1
2168,2025-04-01,Pro,13
2169,2025-05-01,Pro,1
2170,2025-05-01,Pro,11
2171,2025-06-01,Basic,2
2172,2025-03-01,Pro,13
2173,2025-05-01,Basic,13
2174,2025-02-01,Basic,6
2175,2025-01-01,Pro,4
2176,2025-01-01,Pro,7
2177,2025-04-01,Basic,10
2178,2025-02-01,Basic,3
2179,2025-04-01,Pro,13
2180,2025-02-01,Pro,13
2181,2025-01-01,Basic,13
2182,2025-05-01,Pro,13
2183,2025-05-01,Pro,6
2184,2025-05-01,Pro,1
2185,2025-03-01,Basic,5
2186,2025-02-01,Pro,5
2187,2025-04-01,Basic,13
2188,2025-04-01,Pro,10
2189,2025-06-01,Basic,7
2190,2025-04-01,Basic,3
2191,2025-01-01,Basic,3
2192,2025-01-01,Basic,5
2193,2025-05-01,Basic,1
2194,2025-01-01,Basic,11
2195,2025-06-01,Pro,7
2196,2025-02-01,Pro,13
2197,2025-05-01,Pro,13
2198,2025-01-01,Pro,13
2199,2025-02-01,Pro,5
2200,2025-03-01,Pro,9
