customer_id,date,plan,first_inactive_month,cohort,active_month6
1,2025-03-01,Basic,6,2025-03,0
2,2025-05-01,Basic,1,2025-05,0
3,2025-06-01,Pro,4,2025-06,0
4,2025-05-01,Basic,7,2025-05,1
5,2025-01-01,Pro,13,2025-01,1
6,2025-01-01,Pro,7,2025-01,1
7,2025-05-01,Pro,13,2025-05,1
8,2025-06-01,Basic,2,2025-06,0
9,2025-02-01,Basic,1,2025-02,0
10,2025-05-01,Pro,12,2025-05,1
11,2025-02-01,Pro,3,2025-02,0
12,2025-06-01,Basic,4,2025-06,0
13,2025-04-01,Basic,12,2025-04,1
14,2025-01-01,Pro,6,2025-01,0
15,2025-04-01,Pro,13,2025-04,1
16,2025-05-01,Basic,13,2025-05,1
17,2025-04-01,Basic,3,2025-04,0
18,2025-05-01,Pro,9,2025-05,1
19,2025-05-01,Pro,9,2025-05,1
20,2025-05-01,Pro,13,2025-05,1
21,2025-01-01,Pro,13,2025-01,1
22,2025-04-01,Basic,7,2025-04,1
23,2025-01-01,Basic,13,2025-01,1
24,2025-05-01,Basic,13,2025-05,1
25,2025-06-01,Basic,6,2025-06,0
26,2025-05-01,Pro,13,2025-05,1
27,2025-01-01,Basic,10,2025-01,1
28,2025-06-01,Basic,9,2025-06,1
29,2025-03-01,Basic,1,2025-03,0
30,2025-02-01,Basic,5,2025-02,0
31,2025-02-01,Basic,8,2025-02,1
32,2025-01-01,Pro,11,2025-01,1
33,2025-05-01,Pro,10,2025-05,1
34,2025-04-01,Basic,9,2025-04,1
35,2025-01-01,Basic,1,2025-01,0
36,2025-02-01,Pro,7,2025-02,1
37,2025-04-01,Pro,7,2025-04,1
38,2025-03-01,Pro,1,2025-03,0
39,2025-01-01,Pro,13,2025-01,1
40,2025-05-01,Pro,5,2025-05,0
41,2025-02-01,Basic,5,2025-02,0
42,2025-03-01,Pro,10,2025-03,1
43,2025-06-01,Basic,1,2025-06,0
44,2025-02-01,Pro,3,2025-02,0
45,2025-04-01,Pro,4,2025-04,0
46,2025-06-01,Pro,13,2025-06,1
47,2025-06-01,Pro,13,2025-06,1
48,2025-03-01,Basic,9,2025-03,1
49,2025-02-01,Pro,13,2025-02,1
50,2025-06-01,Pro,13,2025-06,1
51,2025-01-01,Pro,5,2025-01,0
52,2025-01-01,Basic,13,2025-01,1
53,2025-03-01,Pro,12,2025-03,1
54,2025-05-01,Pro,4,2025-05,0
55,2025-03-01,Basic,3,2025-03,0
56,2025-04-01,Basic,13,2025-04,1
57,2025-01-01,Pro,7,2025-01,1
58,2025-05-01,Pro,11,2025-05,1
59,2025-03-01,Pro,4,2025-03,0
60,2025-01-01,Basic,13,2025-01,1
61,2025-03-01,Pro,6,2025-03,0
62,2025-06-01,Pro,4,2025-06,0
63,2025-05-01,Pro,9,2025-05,1
64,2025-05-01,Basic,13,2025-05,1
65,2025-01-01,Basic,1,2025-01,0
66,2025-03-01,Pro,11,2025-03,1
67,2025-04-01,Basic,2,2025-04,0
68,2025-06-01,Basic,5,2025-06,0
69,2025-05-01,Pro,3,2025-05,0
70,2025-04-01,Pro,4,2025-04,0
71,2025-02-01,Pro,1,2025-02,0
72,2025-01-01,Basic,6,2025-01,0
73,2025-02-01,Pro,4,2025-02,0
74,2025-05-01,Basic,4,2025-05,0
75,2025-04-01,Pro,13,2025-04,1
76,2025-03-01,Basic,5,2025-03,0
77,2025-06-01,Pro,8,2025-06,1
78,2025-04-01,Basic,5,2025-04,0
79,2025-03-01,Pro,13,2025-03,1
80,2025-01-01,Basic,3,2025-01,0
81,2025-04-01,Basic,1,2025-04,0
82,2025-06-01,Pro,9,2025-06,1
83,2025-03-01,Basic,3,2025-03,0
84,2025-05-01,Basic,8,2025-05,1
85,2025-06-01,Basic,1,2025-06,0
86,2025-04-01,Pro,5,2025-04,0
87,2025-02-01,Basic,3,2025-02,0
88,2025-03-01,Basic,2,2025-03,0
89,2025-05-01,Pro,8,2025-05,1
90,2025-02-01,Basic,6,2025-02,0
91,2025-06-01,Basic,13,2025-06,1
92,2025-03-01,Basic,2,2025-03,0
93,2025-03-01,Basic,6,2025-03,0
94,2025-01-01,Pro,13,2025-01,1
95,2025-03-01,Pro,5,2025-03,0
96,2025-06-01,Basic,5,2025-06,0
97,2025-02-01,Pro,12,2025-02,1
98,2025-05-01,Pro,3,2025-05,0
99,2025-02-01,Pro,10,2025-02,1
100,2025-05-01,Pro,13,2025-05,1
101,2025-01-01,Pro,1,2025-01,0
102,2025-06-01,Pro,13,2025-06,1
103,2025-03-01,Pro,13,2025-03,1
104,2025-02-01,Basic,2,2025-02,0
105,2025-05-01,Pro,1,2025-05,0
106,2025-01-01,Pro,11,2025-01,1
107,2025-02-01,Basic,2,2025-02,0
108,2025-06-01,Basic,13,2025-06,1
109,2025-01-01,Pro,3,2025-01,0
110,2025-06-01,Basic,1,2025-06,0
111,2025-04-01,Pro,3,2025-04,0
112,2025-03-01,Pro,8,2025-03,1
113,2025-01-01,Pro,6,2025-01,0
114,2025-05-01,Pro,13,2025-05,1
115,2025-03-01,Pro,13,2025-03,1
116,2025-01-01,Basic,5,2025-01,0
117,2025-02-01,Basic,5,2025-02,0
118,2025-05-01,Pro,1,2025-05,0
119,2025-04-01,Basic,1,2025-04,0
120,2025-04-01,Pro,1,2025-04,0
121,2025-02-01,Pro,13,2025-02,1
122,2025-05-01,Basic,1,2025-05,0
123,2025-03-01,Basic,1,2025-03,0
124,2025-02-01,Pro,8,2025-02,1
125,2025-03-01,Basic,13,2025-03,1
126,2025-04-01,Pro,9,2025-04,1
127,2025-01-01,Pro,8,2025-01,1
128,2025-06-01,Pro,13,2025-06,1
129,2025-05-01,Pro,13,2025-05,1
130,2025-05-01,Basic,6,2025-05,0
131,2025-02-01,Basic,6,2025-02,0
132,2025-04-01,Pro,3,2025-04,0
133,2025-04-01,Pro,13,2025-04,1
134,2025-03-01,Pro,4,2025-03,0
135,2025-01-01,Basic,9,2025-01,1
136,2025-03-01,Basic,5,2025-03,0
137,2025-01-01,Pro,13,2025-01,1
138,2025-03-01,Basic,13,2025-03,1
139,2025-04-01,Basic,12,2025-04,1
140,2025-02-01,Basic,3,2025-02,0
141,2025-04-01,Pro,5,2025-04,0
142,2025-03-01,Basic,2,2025-03,0
143,2025-02-01,Pro,13,2025-02,1
144,2025-02-01,Pro,2,2025-02,0
145,2025-01-01,Basic,8,2025-01,1
146,2025-01-01,Basic,13,2025-01,1
147,2025-03-01,Pro,13,2025-03,1
148,2025-03-01,Pro,13,2025-03,1
149,2025-05-01,Basic,4,2025-05,0
150,2025-01-01,Basic,13,2025-01,1
151,2025-01-01,Pro,4,2025-01,0
152,2025-04-01,Basic,1,2025-04,0
153,2025-03-01,Basic,13,2025-03,1
154,2025-05-01,Basic,4,2025-05,0
155,2025-02-01,Pro,9,2025-02,1
156,2025-01-01,Pro,2,2025-01,0
157,2025-01-01,Pro,5,2025-01,0
158,2025-01-01,Pro,11,2025-01,1
159,2025-03-01,Pro,5,2025-03,0
160,2025-02-01,Basic,13,2025-02,1
161,2025-04-01,Pro,2,2025-04,0
162,2025-04-01,Pro,5,2025-04,0
163,2025-01-01,Pro,11,2025-01,1
164,2025-02-01,Pro,2,2025-02,0
165,2025-03-01,Pro,5,2025-03,0
166,2025-05-01,Pro,6,2025-05,0
167,2025-01-01,Pro,8,2025-01,1
168,2025-02-01,Pro,10,2025-02,1
169,2025-06-01,Basic,8,2025-06,1
170,2025-01-01,Pro,1,2025-01,0
171,2025-01-01,Basic,2,2025-01,0
172,2025-03-01,Pro,13,2025-03,1
173,2025-01-01,Pro,7,2025-01,1
174,2025-03-01,Pro,1,2025-03,0
175,2025-02-01,Basic,9,2025-02,1
176,2025-02-01,Pro,13,2025-02,1
177,2025-06-01,Pro,13,2025-06,1
178,2025-06-01,Basic,2,2025-06,0
179,2025-04-01,Pro,1,2025-04,0
180,2025-02-01,Basic,11,2025-02,1
181,2025-03-01,Pro,9,2025-03,1
182,2025-05-01,Basic,7,2025-05,1
183,2025-03-01,Basic,11,2025-03,1
184,2025-04-01,Pro,8,2025-04,1
185,2025-01-01,Pro,5,2025-01,0
186,2025-02-01,Basic,12,2025-02,1
187,2025-06-01,Pro,13,2025-06,1
188,2025-06-01,Basic,4,2025-06,0
189,2025-03-01,Pro,11,2025-03,1
190,2025-06-01,Basic,2,2025-06,0
191,2025-05-01,Basic,9,2025-05,1
192,2025-06-01,Pro,13,2025-06,1
193,2025-04-01,Basic,5,2025-04,0
194,2025-06-01,Pro,1,2025-06,0
195,2025-01-01,Basic,6,2025-01,0
196,2025-06-01,Basic,6,2025-06,0
197,2025-04-01,Basic,1,2025-04,0
198,2025-04-01,Basic,2,2025-04,0
199,2025-01-01,Pro,3,2025-01,0
200,2025-02-01,Basic,12,2025-02,1
201,2025-06-01,Basic,3,2025-06,0
202,2025-04-01,Pro,5,2025-04,0
203,2025-04-01,Pro,13,2025-04,1
204,2025-02-01,Pro,4,2025-02,0
205,2025-05-01,Basic,1,2025-05,0
206,2025-02-01,Pro,13,2025-02,1
207,2025-01-01,Basic,2,2025-01,0
208,2025-06-01,Basic,3,2025-06,0
209,2025-01-01,Pro,13,2025-01,1
210,2025-01-01,Pro,9,2025-01,1
211,2025-05-01,Basic,12,2025-05,1
212,2025-02-01,Pro,3,2025-02,0
213,2025-05-01,Pro,9,2025-05,1
214,2025-02-01,Basic,4,2025-02,0
215,2025-01-01,Basic,10,2025-01,1
216,2025-06-01,Basic,5,2025-06,0
217,2025-01-01,Pro,1,2025-01,0
218,2025-02-01,Pro,6,2025-02,0
219,2025-06-01,Basic,11,2025-06,1
220,2025-03-01,Basic,9,2025-03,1
221,2025-03-01,Pro,9,2025-03,1
222,2025-06-01,Pro,13,2025-06,1
223,2025-03-01,Basic,1,2025-03,0
224,2025-06-01,Pro,5,2025-06,0
225,2025-05-01,Basic,1,2025-05,0
226,2025-06-01,Pro,4,2025-06,0
227,2025-01-01,Pro,13,2025-01,1
228,2025-01-01,Basic,1,2025-01,0
229,2025-05-01,Basic,13,2025-05,1
230,2025-01-01,Pro,2,2025-01,0
231,2025-02-01,Basic,11,2025-02,1
232,2025-06-01,Pro,2,2025-06,0
233,2025-05-01,Pro,9,2025-05,1
234,2025-06-01,Basic,13,2025-06,1
235,2025-04-01,Basic,10,2025-04,1
236,2025-06-01,Basic,5,2025-06,0
237,2025-06-01,Pro,8,2025-06,1
238,2025-04-01,Pro,3,2025-04,0
239,2025-02-01,Pro,13,2025-02,1
240,2025-05-01,Pro,2,2025-05,0
241,2025-05-01,Pro,1,2025-05,0
242,2025-02-01,Basic,5,2025-02,0
243,2025-06-01,Basic,5,2025-06,0
244,2025-03-01,Basic,6,2025-03,0
245,2025-01-01,Pro,1,2025-01,0
246,2025-02-01,Pro,13,2025-02,1
247,2025-03-01,Basic,5,2025-03,0
248,2025-02-01,Pro,13,2025-02,1
249,2025-01-01,Pro,13,2025-01,1
250,2025-02-01,Basic,1,2025-02,0
251,2025-03-01,Basic,11,2025-03,1
252,2025-02-01,Basic,11,2025-02,1
253,2025-02-01,Basic,13,2025-02,1
254,2025-02-01,Pro,13,2025-02,1
255,2025-04-01,Pro,5,2025-04,0
256,2025-04-01,Pro,13,2025-04,1
257,2025-06-01,Basic,9,2025-06,1
258,2025-02-01,Basic,10,2025-02,1
259,2025-01-01,Pro,3,2025-01,0
260,2025-05-01,Pro,5,2025-05,0
261,2025-06-01,Basic,13,2025-06,1
262,2025-05-01,Pro,13,2025-05,1
263,2025-06-01,Basic,1,2025-06,0
264,2025-03-01,Basic,2,2025-03,0
265,2025-01-01,Basic,13,2025-01,1
266,2025-04-01,Basic,4,2025-04,0
267,2025-04-01,Basic,13,2025-04,1
268,2025-06-01,Pro,13,2025-06,1
269,2025-03-01,Basic,4,2025-03,0
270,2025-01-01,Basic,1,2025-01,0
271,2025-03-01,Basic,11,2025-03,1
272,2025-02-01,Pro,13,2025-02,1
273,2025-06-01,Basic,13,2025-06,1
274,2025-02-01,Basic,9,2025-02,1
275,2025-04-01,Pro,13,2025-04,1
276,2025-02-01,Basic,2,2025-02,0
277,2025-03-01,Pro,3,2025-03,0
278,2025-04-01,Pro,1,2025-04,0
279,2025-04-01,Basic,4,2025-04,0
280,2025-05-01,Basic,12,2025-05,1
281,2025-06-01,Basic,13,2025-06,1
282,2025-01-01,Basic,6,2025-01,0
283,2025-03-01,Pro,6,2025-03,0
284,2025-06-01,Basic,9,2025-06,1
285,2025-06-01,Basic,7,2025-06,1
286,2025-05-01,Pro,13,2025-05,1
287,2025-02-01,Basic,1,2025-02,0
288,2025-01-01,Basic,8,2025-01,1
289,2025-04-01,Basic,6,2025-04,0
290,2025-06-01,Basic,2,2025-06,0
291,2025-03-01,Basic,8,2025-03,1
292,2025-05-01,Pro,8,2025-05,1
293,2025-06-01,Pro,13,2025-06,1
294,2025-05-01,Basic,3,2025-05,0
295,2025-01-01,Basic,10,2025-01,1
296,2025-05-01,Pro,13,2025-05,1
297,2025-03-01,Pro,8,2025-03,1
298,2025-03-01,Pro,11,2025-03,1
299,2025-03-01,Basic,5,2025-03,0
300,2025-05-01,Basic,3,2025-05,0
301,2025-06-01,Basic,13,2025-06,1
302,2025-03-01,Basic,3,2025-03,0
303,2025-02-01,Pro,1,2025-02,0
304,2025-05-01,Pro,8,2025-05,1
305,2025-05-01,Pro,13,2025-05,1
306,2025-05-01,Pro,13,2025-05,1
307,2025-02-01,Basic,13,2025-02,1
308,2025-02-01,Basic,13,2025-02,1
309,2025-05-01,Basic,6,2025-05,0
310,2025-05-01,Pro,4,2025-05,0
311,2025-01-01,Pro,5,2025-01,0
312,2025-02-01,Pro,13,2025-02,1
313,2025-03-01,Basic,2,2025-03,0
314,2025-03-01,Pro,5,2025-03,0
315,2025-01-01,Basic,12,2025-01,1
316,2025-06-01,Pro,13,2025-06,1
317,2025-05-01,Pro,7,2025-05,1
318,2025-05-01,Basic,12,2025-05,1
319,2025-01-01,Pro,13,2025-01,1
320,2025-04-01,Basic,4,2025-04,0
321,2025-03-01,Basic,11,2025-03,1
322,2025-06-01,Basic,2,2025-06,0
323,2025-02-01,Basic,10,2025-02,1
324,2025-02-01,Pro,13,2025-02,1
325,2025-05-01,Basic,4,2025-05,0
326,2025-05-01,Pro,13,2025-05,1
327,2025-06-01,Pro,13,2025-06,1
328,2025-03-01,Pro,8,2025-03,1
329,2025-04-01,Basic,4,2025-04,0
330,2025-04-01,Pro,1,2025-04,0
331,2025-06-01,Basic,3,2025-06,0
332,2025-01-01,Basic,1,2025-01,0
333,2025-05-01,Basic,11,2025-05,1
334,2025-06-01,Basic,8,2025-06,1
335,2025-05-01,Basic,2,2025-05,0
336,2025-03-01,Pro,7,2025-03,1
337,2025-06-01,Basic,7,2025-06,1
338,2025-01-01,Pro,13,2025-01,1
339,2025-05-01,Basic,13,2025-05,1
340,2025-05-01,Pro,1,2025-05,0
341,2025-03-01,Pro,2,2025-03,0
342,2025-06-01,Pro,8,2025-06,1
343,2025-05-01,Pro,7,2025-05,1
344,2025-01-01,Pro,3,2025-01,0
345,2025-05-01,Pro,1,2025-05,0
346,2025-03-01,Basic,13,2025-03,1
347,2025-01-01,Pro,13,2025-01,1
348,2025-01-01,Pro,13,2025-01,1
349,2025-02-01,Basic,13,2025-02,1
350,2025-01-01,Basic,7,2025-01,1
351,2025-02-01,Basic,3,2025-02,0
352,2025-05-01,Pro,13,2025-05,1
353,2025-06-01,Basic,1,2025-06,0
354,2025-01-01,Pro,1,2025-01,0
355,2025-03-01,Pro,5,2025-03,0
356,2025-02-01,Basic,5,2025-02,0
357,2025-06-01,Pro,3,2025-06,0
358,2025-04-01,Pro,1,2025-04,0
359,2025-02-01,Basic,1,2025-02,0
360,2025-04-01,Basic,5,2025-04,0
361,2025-06-01,Basic,8,2025-06,1
362,2025-05-01,Pro,7,2025-05,1
363,2025-04-01,Basic,5,2025-04,0
364,2025-03-01,Pro,7,2025-03,1
365,2025-05-01,Basic,6,2025-05,0
366,2025-03-01,Basic,11,2025-03,1
367,2025-02-01,Basic,1,2025-02,0
368,2025-03-01,Pro,13,2025-03,1
369,2025-02-01,Basic,13,2025-02,1
370,2025-04-01,Pro,13,2025-04,1
371,2025-04-01,Basic,13,2025-04,1
372,2025-03-01,Pro,13,2025-03,1
373,2025-01-01,Basic,8,2025-01,1
374,2025-05-01,Pro,6,2025-05,0
375,2025-05-01,Pro,9,2025-05,1
376,2025-04-01,Basic,13,2025-04,1
377,2025-05-01,Basic,13,2025-05,1
378,2025-04-01,Pro,2,2025-04,0
379,2025-01-01,Basic,13,2025-01,1
380,2025-06-01,Basic,6,2025-06,0
381,2025-05-01,Basic,3,2025-05,0
382,2025-01-01,Pro,13,2025-01,1
383,2025-01-01,Pro,1,2025-01,0
384,2025-01-01,Basic,1,2025-01,0
385,2025-04-01,Basic,13,2025-04,1
386,2025-04-01,Pro,1,2025-04,0
387,2025-05-01,Basic,9,2025-05,1
388,2025-06-01,Basic,1,2025-06,0
389,2025-05-01,Basic,12,2025-05,1
390,2025-06-01,Pro,3,2025-06,0
391,2025-04-01,Basic,1,2025-04,0
392,2025-01-01,Pro,13,2025-01,1
393,2025-01-01,Basic,13,2025-01,1
394,2025-04-01,Basic,9,2025-04,1
395,2025-06-01,Basic,5,2025-06,0
396,2025-03-01,Pro,4,2025-03,0
397,2025-03-01,Basic,13,2025-03,1
398,2025-06-01,Pro,13,2025-06,1
399,2025-01-01,Pro,13,2025-01,1
400,2025-01-01,Basic,6,2025-01,0
401,2025-03-01,Pro,12,2025-03,1
402,2025-01-01,Pro,10,2025-01,1
403,2025-04-01,Pro,3,2025-04,0
404,2025-02-01,Basic,13,2025-02,1
405,2025-04-01,Basic,13,2025-04,1
406,2025-04-01,Pro,1,2025-04,0
407,2025-01-01,Basic,2,2025-01,0
408,2025-06-01,Basic,10,2025-06,1
409,2025-04-01,Basic,1,2025-04,0
410,2025-03-01,Pro,8,2025-03,1
411,2025-05-01,Basic,9,2025-05,1
412,2025-05-01,Pro,13,2025-05,1
413,2025-03-01,Pro,13,2025-03,1
414,2025-05-01,Basic,7,2025-05,1
415,2025-01-01,Basic,9,2025-01,1
416,2025-06-01,Pro,8,2025-06,1
417,2025-06-01,Basic,2,2025-06,0
418,2025-06-01,Pro,13,2025-06,1
419,2025-02-01,Basic,12,2025-02,1
420,2025-02-01,Basic,11,2025-02,1
421,2025-05-01,Basic,5,2025-05,0
422,2025-03-01,Basic,10,2025-03,1
423,2025-01-01,Basic,1,2025-01,0
424,2025-06-01,Pro,2,2025-06,0
425,2025-02-01,Pro,4,2025-02,0
426,2025-05-01,Pro,13,2025-05,1
427,2025-05-01,Basic,5,2025-05,0
428,2025-01-01,Pro,2,2025-01,0
429,2025-01-01,Pro,13,2025-01,1
430,2025-05-01,Pro,13,2025-05,1
431,2025-03-01,Basic,4,2025-03,0
432,2025-06-01,Basic,10,2025-06,1
433,2025-01-01,Basic,2,2025-01,0
434,2025-06-01,Pro,13,2025-06,1
435,2025-06-01,Basic,9,2025-06,1
436,2025-04-01,Pro,13,2025-04,1
437,2025-03-01,Pro,1,2025-03,0
438,2025-04-01,Pro,2,2025-04,0
439,2025-04-01,Basic,13,2025-04,1
440,2025-05-01,Pro,1,2025-05,0
441,2025-02-01,Basic,4,2025-02,0
442,2025-06-01,Basic,6,2025-06,0
443,2025-01-01,Basic,8,2025-01,1
444,2025-05-01,Pro,6,2025-05,0
445,2025-01-01,Pro,13,2025-01,1
446,2025-05-01,Pro,13,2025-05,1
447,2025-04-01,Basic,2,2025-04,0
448,2025-06-01,Basic,2,2025-06,0
449,2025-05-01,Basic,3,2025-05,0
450,2025-02-01,Basic,5,2025-02,0
451,2025-05-01,Pro,4,2025-05,0
452,2025-01-01,Basic,5,2025-01,0
453,2025-04-01,Pro,13,2025-04,1
454,2025-03-01,Basic,2,2025-03,0
455,2025-02-01,Basic,2,2025-02,0
456,2025-06-01,Pro,10,2025-06,1
457,2025-03-01,Basic,2,2025-03,0
458,2025-02-01,Pro,10,2025-02,1
459,2025-06-01,Basic,2,2025-06,0
460,2025-02-01,Pro,13,2025-02,1
461,2025-04-01,Basic,1,2025-04,0
462,2025-04-01,Pro,13,2025-04,1
463,2025-06-01,Pro,13,2025-06,1
464,2025-05-01,Basic,5,2025-05,0
465,2025-04-01,Basic,13,2025-04,1
466,2025-05-01,Basic,9,2025-05,1
467,2025-01-01,Basic,2,2025-01,0
468,2025-01-01,Basic,13,2025-01,1
469,2025-02-01,Pro,13,2025-02,1
470,2025-06-01,Basic,4,2025-06,0
471,2025-01-01,Pro,13,2025-01,1
472,2025-01-01,Pro,3,2025-01,0
473,2025-06-01,Pro,13,2025-06,1
474,2025-02-01,Basic,4,2025-02,0
475,2025-06-01,Basic,1,2025-06,0
476,2025-06-01,Pro,9,2025-06,1
477,2025-04-01,Pro,13,2025-04,1
478,2025-02-01,Basic,3,2025-02,0
479,2025-05-01,Basic,13,2025-05,1
480,2025-06-01,Pro,2,2025-06,0
481,2025-04-01,Basic,13,2025-04,1
482,2025-04-01,Pro,8,2025-04,1
483,2025-04-01,Pro,6,2025-04,0
484,2025-03-01,Basic,9,2025-03,1
485,2025-02-01,Basic,1,2025-02,0
486,2025-05-01,Pro,9,2025-05,1
487,2025-05-01,Basic,1,2025-05,0
488,2025-02-01,Pro,3,2025-02,0
489,2025-04-01,Pro,3,2025-04,0
490,2025-06-01,Basic,7,2025-06,1
491,2025-04-01,Pro,11,2025-04,1
492,2025-06-01,Basic,13,2025-06,1
493,2025-03-01,Pro,13,2025-03,1
494,2025-06-01,Pro,13,2025-06,1
495,2025-02-01,Basic,5,2025-02,0
496,2025-02-01,Pro,3,2025-02,0
497,2025-01-01,Basic,5,2025-01,0
498,2025-06-01,Pro,13,2025-06,1
499,2025-01-01,Pro,13,2025-01,1
500,2025-03-01,Pro,5,2025-03,0
501,2025-05-01,Pro,3,2025-05,0
502,2025-01-01,Pro,7,2025-01,1
503,2025-01-01,Basic,1,2025-01,0
504,2025-01-01,Basic,6,2025-01,0
505,2025-04-01,Basic,5,2025-04,0
506,2025-04-01,Pro,1,2025-04,0
507,2025-03-01,Basic,7,2025-03,1
508,2025-04-01,Pro,4,2025-04,0
509,2025-03-01,Basic,8,2025-03,1
510,2025-05-01,Basic,2,2025-05,0
511,2025-02-01,Pro,13,2025-02,1
512,2025-02-01,Basic,7,2025-02,1
513,2025-01-01,Pro,13,2025-01,1
514,2025-05-01,Basic,12,2025-05,1
515,2025-04-01,Basic,13,2025-04,1
516,2025-05-01,Pro,13,2025-05,1
517,2025-01-01,Basic,5,2025-01,0
518,2025-05-01,Pro,2,2025-05,0
519,2025-04-01,Basic,4,2025-04,0
520,2025-04-01,Pro,2,2025-04,0
521,2025-02-01,Basic,9,2025-02,1
522,2025-04-01,Pro,13,2025-04,1
523,2025-02-01,Pro,5,2025-02,0
524,2025-01-01,Basic,6,2025-01,0
525,2025-05-01,Pro,1,2025-05,0
526,2025-05-01,Pro,3,2025-05,0
527,2025-02-01,Pro,13,2025-02,1
528,2025-05-01,Basic,4,2025-05,0
529,2025-04-01,Pro,13,2025-04,1
530,2025-02-01,Pro,12,2025-02,1
531,2025-01-01,Pro,13,2025-01,1
532,2025-05-01,Basic,13,2025-05,1
533,2025-02-01,Pro,4,2025-02,0
534,2025-02-01,Basic,1,2025-02,0
535,2025-04-01,Basic,9,2025-04,1
536,2025-03-01,Pro,13,2025-03,1
537,2025-01-01,Basic,13,2025-01,1
538,2025-05-01,Pro,13,2025-05,1
539,2025-02-01,Pro,13,2025-02,1
540,2025-04-01,Basic,9,2025-04,1
541,2025-06-01,Pro,13,2025-06,1
542,2025-06-01,Pro,13,2025-06,1
543,2025-04-01,Pro,4,2025-04,0
544,2025-03-01,Basic,4,2025-03,0
545,2025-05-01,Pro,13,2025-05,1
546,2025-01-01,Basic,5,2025-01,0
547,2025-01-01,Basic,1,2025-01,0
548,2025-01-01,Basic,1,2025-01,0
549,2025-05-01,Basic,6,2025-05,0
550,2025-06-01,Basic,2,2025-06,0
551,2025-02-01,Basic,5,2025-02,0
552,2025-03-01,Basic,6,2025-03,0
553,2025-06-01,Pro,13,2025-06,1
554,2025-01-01,Pro,12,2025-01,1
555,2025-02-01,Basic,5,2025-02,0
556,2025-03-01,Pro,13,2025-03,1
557,2025-04-01,Basic,1,2025-04,0
558,2025-03-01,Pro,4,2025-03,0
559,2025-01-01,Basic,6,2025-01,0
560,2025-04-01,Pro,6,2025-04,0
561,2025-06-01,Pro,13,2025-06,1
562,2025-04-01,Basic,13,2025-04,1
563,2025-04-01,Pro,13,2025-04,1
564,2025-05-01,Pro,13,2025-05,1
565,2025-01-01,Pro,11,2025-01,1
566,2025-01-01,Pro,5,2025-01,0
567,2025-03-01,Pro,1,2025-03,0
568,2025-01-01,Pro,13,2025-01,1
569,2025-05-01,Pro,13,2025-05,1
570,2025-05-01,Pro,1,2025-05,0
571,2025-02-01,Basic,2,2025-02,0
572,2025-04-01,Pro,9,2025-04,1
573,2025-04-01,Basic,3,2025-04,0
574,2025-05-01,Pro,2,2025-05,0
575,2025-03-01,Basic,2,2025-03,0
576,2025-04-01,Pro,1,2025-04,0
577,2025-03-01,Pro,13,2025-03,1
578,2025-05-01,Basic,11,2025-05,1
579,2025-06-01,Pro,13,2025-06,1
580,2025-04-01,Basic,13,2025-04,1
581,2025-03-01,Pro,12,2025-03,1
582,2025-01-01,Basic,12,2025-01,1
583,2025-05-01,Basic,11,2025-05,1
584,2025-05-01,Basic,3,2025-05,0
585,2025-01-01,Pro,13,2025-01,1
586,2025-04-01,Pro,6,2025-04,0
587,2025-01-01,Basic,5,2025-01,0
588,2025-05-01,Basic,9,2025-05,1
589,2025-01-01,Basic,13,2025-01,1
590,2025-03-01,Basic,5,2025-03,0
591,2025-06-01,Basic,11,2025-06,1
592,2025-05-01,Pro,9,2025-05,1
593,2025-04-01,Basic,1,2025-04,0
594,2025-01-01,Basic,7,2025-01,1
595,2025-03-01,Pro,8,2025-03,1
596,2025-03-01,Basic,3,2025-03,0
597,2025-02-01,Pro,8,2025-02,1
598,2025-02-01,Basic,13,2025-02,1
599,2025-06-01,Basic,2,2025-06,0
600,2025-01-01,Pro,13,2025-01,1
601,2025-01-01,Pro,13,2025-01,1
602,2025-01-01,Basic,6,2025-01,0
603,2025-01-01,Pro,4,2025-01,0
604,2025-01-01,Pro,11,2025-01,1
605,2025-01-01,Basic,2,2025-01,0
606,2025-05-01,Basic,4,2025-05,0
607,2025-04-01,Pro,3,2025-04,0
608,2025-06-01,Basic,7,2025-06,1
609,2025-05-01,Basic,5,2025-05,0
610,2025-05-01,Pro,13,2025-05,1
611,2025-06-01,Basic,6,2025-06,0
612,2025-05-01,Basic,5,2025-05,0
613,2025-06-01,Pro,13,2025-06,1
614,2025-06-01,Pro,13,2025-06,1
615,2025-03-01,Pro,13,2025-03,1
616,2025-05-01,Basic,1,2025-05,0
617,2025-03-01,Basic,11,2025-03,1
618,2025-03-01,Basic,13,2025-03,1
619,2025-02-01,Pro,8,2025-02,1
620,2025-01-01,Pro,13,2025-01,1
621,2025-06-01,Basic,13,2025-06,1
622,2025-03-01,Basic,13,2025-03,1
623,2025-03-01,Basic,13,2025-03,1
624,2025-04-01,Basic,3,2025-04,0
625,2025-04-01,Basic,4,2025-04,0
626,2025-04-01,Basic,2,2025-04,0
627,2025-02-01,Basic,5,2025-02,0
628,2025-05-01,Basic,1,2025-05,0
629,2025-06-01,Pro,13,2025-06,1
630,2025-01-01,Basic,13,2025-01,1
631,2025-02-01,Basic,2,2025-02,0
632,2025-03-01,Pro,2,2025-03,0
633,2025-03-01,Pro,3,2025-03,0
634,2025-01-01,Basic,5,2025-01,0
635,2025-03-01,Basic,1,2025-03,0
636,2025-02-01,Basic,10,2025-02,1
637,2025-02-01,Pro,13,2025-02,1
638,2025-06-01,Basic,3,2025-06,0
639,2025-02-01,Pro,3,2025-02,0
640,2025-01-01,Basic,1,2025-01,0
641,2025-06-01,Basic,5,2025-06,0
642,2025-05-01,Pro,5,2025-05,0
643,2025-05-01,Pro,11,2025-05,1
644,2025-03-01,Pro,10,2025-03,1
645,2025-01-01,Basic,13,2025-01,1
646,2025-05-01,Pro,13,2025-05,1
647,2025-02-01,Pro,2,2025-02,0
648,2025-03-01,Pro,8,2025-03,1
649,2025-03-01,Basic,4,2025-03,0
650,2025-02-01,Pro,9,2025-02,1
651,2025-04-01,Pro,12,2025-04,1
652,2025-02-01,Basic,4,2025-02,0
653,2025-03-01,Basic,1,2025-03,0
654,2025-05-01,Basic,13,2025-05,1
655,2025-02-01,Basic,4,2025-02,0
656,2025-03-01,Basic,11,2025-03,1
657,2025-02-01,Basic,1,2025-02,0
658,2025-05-01,Basic,1,2025-05,0
659,2025-06-01,Pro,6,2025-06,0
660,2025-01-01,Pro,1,2025-01,0
661,2025-01-01,Pro,13,2025-01,1
662,2025-04-01,Pro,13,2025-04,1
663,2025-05-01,Basic,3,2025-05,0
664,2025-03-01,Pro,12,2025-03,1
665,2025-03-01,Pro,3,2025-03,0
666,2025-04-01,Basic,6,2025-04,0
667,2025-05-01,Basic,13,2025-05,1
668,2025-03-01,Pro,13,2025-03,1
669,2025-05-01,Pro,13,2025-05,1
670,2025-01-01,Pro,7,2025-01,1
671,2025-06-01,Basic,1,2025-06,0
672,2025-04-01,Basic,13,2025-04,1
673,2025-06-01,Pro,13,2025-06,1
674,2025-04-01,Basic,2,2025-04,0
675,2025-01-01,Basic,2,2025-01,0
676,2025-03-01,Pro,13,2025-03,1
677,2025-05-01,Pro,13,2025-05,1
678,2025-02-01,Pro,13,2025-02,1
679,2025-02-01,Basic,4,2025-02,0
680,2025-03-01,Pro,12,2025-03,1
681,2025-02-01,Pro,13,2025-02,1
682,2025-02-01,Pro,12,2025-02,1
683,2025-03-01,Basic,3,2025-03,0
684,2025-03-01,Pro,6,2025-03,0
685,2025-04-01,Basic,11,2025-04,1
686,2025-02-01,Pro,3,2025-02,0
687,2025-02-01,Basic,11,2025-02,1
688,2025-05-01,Pro,8,2025-05,1
689,2025-03-01,Basic,3,2025-03,0
690,2025-03-01,Basic,13,2025-03,1
691,2025-04-01,Pro,8,2025-04,1
692,2025-04-01,Basic,7,2025-04,1
693,2025-01-01,Pro,5,2025-01,0
694,2025-02-01,Pro,10,2025-02,1
695,2025-04-01,Basic,6,2025-04,0
696,2025-04-01,Pro,13,2025-04,1
697,2025-03-01,Basic,2,2025-03,0
698,2025-05-01,Basic,10,2025-05,1
699,2025-04-01,Basic,7,2025-04,1
700,2025-02-01,Basic,1,2025-02,0
701,2025-01-01,Basic,8,2025-01,1
702,2025-06-01,Basic,7,2025-06,1
703,2025-03-01,Pro,2,2025-03,0
704,2025-01-01,Pro,13,2025-01,1
705,2025-05-01,Basic,10,2025-05,1
706,2025-01-01,Pro,13,2025-01,1
707,2025-01-01,Pro,6,2025-01,0
708,2025-04-01,Basic,1,2025-04,0
709,2025-03-01,Pro,13,2025-03,1
710,2025-01-01,Basic,13,2025-01,1
711,2025-05-01,Basic,1,2025-05,0
712,2025-03-01,Basic,1,2025-03,0
713,2025-04-01,Basic,7,2025-04,1
714,2025-05-01,Pro,7,2025-05,1
715,2025-04-01,Pro,1,2025-04,0
716,2025-05-01,Pro,12,2025-05,1
717,2025-02-01,Basic,4,2025-02,0
718,2025-01-01,Basic,3,2025-01,0
719,2025-05-01,Basic,5,2025-05,0
720,2025-04-01,Basic,8,2025-04,1
721,2025-06-01,Pro,13,2025-06,1
722,2025-04-01,Basic,11,2025-04,1
723,2025-02-01,Basic,1,2025-02,0
724,2025-05-01,Basic,6,2025-05,0
725,2025-06-01,Pro,13,2025-06,1
726,2025-05-01,Basic,7,2025-05,1
727,2025-01-01,Pro,4,2025-01,0
728,2025-04-01,Basic,2,2025-04,0
729,2025-05-01,Pro,13,2025-05,1
730,2025-06-01,Pro,3,2025-06,0
731,2025-04-01,Pro,13,2025-04,1
732,2025-02-01,Basic,8,2025-02,1
733,2025-05-01,Pro,13,2025-05,1
734,2025-02-01,Basic,6,2025-02,0
735,2025-06-01,Basic,5,2025-06,0
736,2025-04-01,Basic,13,2025-04,1
737,2025-06-01,Pro,7,2025-06,1
738,2025-04-01,Pro,13,2025-04,1
739,2025-06-01,Basic,13,2025-06,1
740,2025-06-01,Basic,3,2025-06,0
741,2025-01-01,Pro,13,2025-01,1
742,2025-04-01,Basic,8,2025-04,1
743,2025-05-01,Pro,4,2025-05,0
744,2025-03-01,Basic,3,2025-03,0
745,2025-02-01,Pro,13,2025-02,1
746,2025-06-01,Pro,13,2025-06,1
747,2025-04-01,Pro,1,2025-04,0
748,2025-05-01,Pro,3,2025-05,0
749,2025-06-01,Pro,13,2025-06,1
750,2025-03-01,Pro,6,2025-03,0
751,2025-06-01,Basic,13,2025-06,1
752,2025-02-01,Basic,11,2025-02,1
753,2025-04-01,Pro,4,2025-04,0
754,2025-06-01,Pro,7,2025-06,1
755,2025-06-01,Pro,5,2025-06,0
756,2025-02-01,Pro,13,2025-02,1
757,2025-06-01,Basic,10,2025-06,1
758,2025-06-01,Basic,13,2025-06,1
759,2025-05-01,Pro,11,2025-05,1
760,2025-05-01,Pro,8,2025-05,1
761,2025-06-01,Basic,8,2025-06,1
762,2025-01-01,Basic,13,2025-01,1
763,2025-01-01,Basic,4,2025-01,0
764,2025-06-01,Basic,1,2025-06,0
765,2025-02-01,Basic,4,2025-02,0
766,2025-04-01,Pro,13,2025-04,1
767,2025-01-01,Basic,2,2025-01,0
768,2025-01-01,Basic,2,2025-01,0
769,2025-03-01,Pro,12,2025-03,1
770,2025-05-01,Basic,10,2025-05,1
771,2025-03-01,Pro,4,2025-03,0
772,2025-03-01,Pro,13,2025-03,1
773,2025-02-01,Basic,7,2025-02,1
774,2025-03-01,Basic,1,2025-03,0
775,2025-01-01,Basic,8,2025-01,1
776,2025-03-01,Pro,9,2025-03,1
777,2025-02-01,Pro,7,2025-02,1
778,2025-05-01,Pro,3,2025-05,0
779,2025-01-01,Pro,8,2025-01,1
780,2025-01-01,Basic,13,2025-01,1
781,2025-03-01,Basic,13,2025-03,1
782,2025-01-01,Basic,4,2025-01,0
783,2025-06-01,Pro,8,2025-06,1
784,2025-01-01,Pro,5,2025-01,0
785,2025-06-01,Pro,13,2025-06,1
786,2025-06-01,Pro,13,2025-06,1
787,2025-03-01,Pro,5,2025-03,0
788,2025-01-01,Basic,3,2025-01,0
789,2025-05-01,Basic,4,2025-05,0
790,2025-06-01,Pro,13,2025-06,1
791,2025-01-01,Pro,13,2025-01,1
792,2025-06-01,Basic,9,2025-06,1
793,2025-05-01,Pro,6,2025-05,0
794,2025-03-01,Basic,4,2025-03,0
795,2025-01-01,Basic,1,2025-01,0
796,2025-01-01,Pro,8,2025-01,1
797,2025-02-01,Pro,6,2025-02,0
798,2025-03-01,Pro,4,2025-03,0
799,2025-02-01,Basic,13,2025-02,1
800,2025-05-01,Pro,8,2025-05,1
801,2025-05-01,Pro,5,2025-05,0
802,2025-04-01,Pro,13,2025-04,1
803,2025-02-01,Pro,2,2025-02,0
804,2025-06-01,Pro,13,2025-06,1
805,2025-06-01,Pro,8,2025-06,1
806,2025-01-01,Pro,13,2025-01,1
807,2025-02-01,Pro,4,2025-02,0
808,2025-04-01,Pro,13,2025-04,1
809,2025-05-01,Pro,4,2025-05,0
810,2025-01-01,Pro,1,2025-01,0
811,2025-02-01,Basic,13,2025-02,1
812,2025-01-01,Basic,4,2025-01,0
813,2025-04-01,Basic,13,2025-04,1
814,2025-02-01,Basic,1,2025-02,0
815,2025-06-01,Pro,12,2025-06,1
816,2025-05-01,Basic,1,2025-05,0
817,2025-05-01,Pro,1,2025-05,0
818,2025-04-01,Basic,11,2025-04,1
819,2025-02-01,Pro,3,2025-02,0
820,2025-02-01,Pro,5,2025-02,0
821,2025-03-01,Basic,10,2025-03,1
822,2025-05-01,Basic,9,2025-05,1
823,2025-06-01,Pro,9,2025-06,1
824,2025-05-01,Basic,2,2025-05,0
825,2025-01-01,Basic,6,2025-01,0
826,2025-03-01,Pro,6,2025-03,0
827,2025-03-01,Pro,13,2025-03,1
828,2025-04-01,Pro,4,2025-04,0
829,2025-05-01,Pro,4,2025-05,0
830,2025-01-01,Basic,12,2025-01,1
831,2025-01-01,Pro,4,2025-01,0
832,2025-02-01,Basic,8,2025-02,1
833,2025-06-01,Basic,5,2025-06,0
834,2025-03-01,Pro,13,2025-03,1
835,2025-03-01,Basic,13,2025-03,1
836,2025-02-01,Basic,5,2025-02,0
837,2025-02-01,Pro,12,2025-02,1
838,2025-01-01,Basic,9,2025-01,1
839,2025-02-01,Basic,12,2025-02,1
840,2025-04-01,Pro,13,2025-04,1
841,2025-06-01,Basic,13,2025-06,1
842,2025-02-01,Basic,12,2025-02,1
843,2025-01-01,Pro,13,2025-01,1
844,2025-03-01,Basic,1,2025-03,0
845,2025-02-01,Basic,2,2025-02,0
846,2025-02-01,Pro,13,2025-02,1
847,2025-01-01,Pro,2,2025-01,0
848,2025-01-01,Basic,13,2025-01,1
849,2025-04-01,Pro,6,2025-04,0
850,2025-01-01,Pro,13,2025-01,1
851,2025-05-01,Pro,13,2025-05,1
852,2025-01-01,Pro,4,2025-01,0
853,2025-01-01,Pro,13,2025-01,1
854,2025-02-01,Basic,12,2025-02,1
855,2025-05-01,Basic,2,2025-05,0
856,2025-05-01,Pro,3,2025-05,0
857,2025-01-01,Basic,3,2025-01,0
858,2025-03-01,Pro,9,2025-03,1
859,2025-01-01,Basic,13,2025-01,1
860,2025-05-01,Basic,13,2025-05,1
861,2025-03-01,Pro,4,2025-03,0
862,2025-04-01,Pro,13,2025-04,1
863,2025-05-01,Pro,6,2025-05,0
864,2025-01-01,Basic,6,2025-01,0
865,2025-06-01,Pro,8,2025-06,1
866,2025-04-01,Basic,7,2025-04,1
867,2025-01-01,Pro,3,2025-01,0
868,2025-01-01,Pro,6,2025-01,0
869,2025-06-01,Basic,4,2025-06,0
870,2025-03-01,Pro,13,2025-03,1
871,2025-03-01,Pro,10,2025-03,1
872,2025-04-01,Basic,13,2025-04,1
873,2025-04-01,Pro,6,2025-04,0
874,2025-05-01,Basic,10,2025-05,1
875,2025-04-01,Basic,11,2025-04,1
876,2025-02-01,Basic,5,2025-02,0
877,2025-05-01,Pro,8,2025-05,1
878,2025-06-01,Basic,11,2025-06,1
879,2025-02-01,Basic,13,2025-02,1
880,2025-02-01,Basic,5,2025-02,0
881,2025-04-01,Pro,13,2025-04,1
882,2025-03-01,Basic,1,2025-03,0
883,2025-01-01,Pro,13,2025-01,1
884,2025-02-01,Pro,2,2025-02,0
885,2025-03-01,Basic,13,2025-03,1
886,2025-06-01,Pro,1,2025-06,0
887,2025-01-01,Pro,4,2025-01,0
888,2025-05-01,Pro,12,2025-05,1
889,2025-06-01,Basic,1,2025-06,0
890,2025-03-01,Basic,6,2025-03,0
891,2025-05-01,Basic,13,2025-05,1
892,2025-04-01,Pro,9,2025-04,1
893,2025-06-01,Pro,13,2025-06,1
894,2025-03-01,Basic,2,2025-03,0
895,2025-02-01,Basic,13,2025-02,1
896,2025-01-01,Pro,2,2025-01,0
897,2025-06-01,Basic,7,2025-06,1
898,2025-02-01,Pro,6,2025-02,0
899,2025-04-01,Pro,3,2025-04,0
900,2025-03-01,Basic,13,2025-03,1
901,2025-06-01,Basic,9,2025-06,1
902,2025-01-01,Basic,4,2025-01,0
903,2025-01-01,Pro,4,2025-01,0
904,2025-01-01,Pro,13,2025-01,1
905,2025-01-01,Pro,8,2025-01,1
906,2025-01-01,Basic,11,2025-01,1
907,2025-03-01,Pro,4,2025-03,0
908,2025-01-01,Basic,8,2025-01,1
909,2025-01-01,Basic,13,2025-01,1
910,2025-02-01,Basic,13,2025-02,1
911,2025-05-01,Pro,4,2025-05,0
912,2025-03-01,Pro,6,2025-03,0
913,2025-05-01,Pro,8,2025-05,1
914,2025-03-01,Pro,13,2025-03,1
915,2025-02-01,Basic,1,2025-02,0
916,2025-05-01,Basic,13,2025-05,1
917,2025-05-01,Basic,2,2025-05,0
918,2025-06-01,Basic,5,2025-06,0
919,2025-01-01,Basic,12,2025-01,1
920,2025-04-01,Basic,4,2025-04,0
921,2025-01-01,Basic,9,2025-01,1
922,2025-04-01,Basic,13,2025-04,1
923,2025-03-01,Pro,13,2025-03,1
924,2025-02-01,Basic,13,2025-02,1
925,2025-03-01,Basic,9,2025-03,1
926,2025-03-01,Basic,2,2025-03,0
927,2025-01-01,Pro,13,2025-01,1
928,2025-05-01,Pro,6,2025-05,0
929,2025-03-01,Pro,3,2025-03,0
930,2025-05-01,Basic,13,2025-05,1
931,2025-04-01,Pro,12,2025-04,1
932,2025-01-01,Pro,13,2025-01,1
933,2025-02-01,Pro,3,2025-02,0
934,2025-02-01,Basic,6,2025-02,0
935,2025-01-01,Basic,13,2025-01,1
936,2025-05-01,Pro,8,2025-05,1
937,2025-03-01,Pro,8,2025-03,1
938,2025-06-01,Pro,13,2025-06,1
939,2025-01-01,Basic,5,2025-01,0
940,2025-05-01,Pro,13,2025-05,1
941,2025-01-01,Basic,5,2025-01,0
942,2025-02-01,Basic,13,2025-02,1
943,2025-03-01,Basic,4,2025-03,0
944,2025-03-01,Pro,4,2025-03,0
945,2025-06-01,Basic,1,2025-06,0
946,2025-04-01,Pro,6,2025-04,0
947,2025-04-01,Basic,1,2025-04,0
948,2025-05-01,Basic,10,2025-05,1
949,2025-01-01,Pro,13,2025-01,1
950,2025-03-01,Basic,1,2025-03,0
951,2025-04-01,Pro,9,2025-04,1
952,2025-05-01,Basic,4,2025-05,0
953,2025-06-01,Basic,7,2025-06,1
954,2025-04-01,Basic,1,2025-04,0
955,2025-06-01,Pro,6,2025-06,0
956,2025-02-01,Basic,1,2025-02,0
957,2025-01-01,Basic,13,2025-01,1
958,2025-02-01,Basic,1,2025-02,0
959,2025-02-01,Basic,3,2025-02,0
960,2025-02-01,Pro,3,2025-02,0
961,2025-02-01,Pro,13,2025-02,1
962,2025-01-01,Pro,13,2025-01,1
963,2025-04-01,Pro,13,2025-04,1
964,2025-02-01,Pro,13,2025-02,1
965,2025-05-01,Pro,6,2025-05,0
966,2025-06-01,Basic,1,2025-06,0
967,2025-02-01,Basic,9,2025-02,1
968,2025-01-01,Pro,12,2025-01,1
969,2025-04-01,Pro,4,2025-04,0
970,2025-04-01,Pro,13,2025-04,1
971,2025-03-01,Basic,5,2025-03,0
972,2025-03-01,Basic,13,2025-03,1
973,2025-05-01,Basic,4,2025-05,0
974,2025-02-01,Pro,13,2025-02,1
975,2025-01-01,Pro,6,2025-01,0
976,2025-01-01,Pro,5,2025-01,0
977,2025-01-01,Pro,12,2025-01,1
978,2025-04-01,Basic,2,2025-04,0
979,2025-04-01,Basic,1,2025-04,0
980,2025-04-01,Pro,7,2025-04,1
981,2025-04-01,Pro,13,2025-04,1
982,2025-06-01,Pro,3,2025-06,0
983,2025-06-01,Basic,5,2025-06,0
984,2025-03-01,Basic,10,2025-03,1
985,2025-06-01,Pro,2,2025-06,0
986,2025-02-01,Basic,5,2025-02,0
987,2025-06-01,Pro,1,2025-06,0
988,2025-06-01,Pro,11,2025-06,1
989,2025-05-01,Pro,3,2025-05,0
990,2025-02-01,Basic,13,2025-02,1
991,2025-05-01,Pro,11,2025-05,1
992,2025-03-01,Basic,6,2025-03,0
993,2025-05-01,Basic,7,2025-05,1
994,2025-04-01,Basic,13,2025-04,1
995,2025-01-01,Basic,3,2025-01,0
996,2025-06-01,Basic,2,2025-06,0
997,2025-03-01,Basic,3,2025-03,0
998,2025-05-01,Pro,3,2025-05,0
999,2025-06-01,Pro,13,2025-06,1
1000,2025-03-01,Pro,7,2025-03,1
1001,2025-04-01,Basic,2,2025-04,0
1002,2025-06-01,Pro,5,2025-06,0
1003,2025-06-01,Pro,7,2025-06,1
1004,2025-06-01,Pro,2,2025-06,0
1005,2025-02-01,Basic,5,2025-02,0
1006,2025-05-01,Basic,9,2025-05,1
1007,2025-05-01,Pro,13,2025-05,1
1008,2025-01-01,Basic,4,2025-01,0
1009,2025-04-01,Basic,10,2025-04,1
1010,2025-03-01,Basic,6,2025-03,0
1011,2025-06-01,Pro,9,2025-06,1
1012,2025-06-01,Basic,6,2025-06,0
1013,2025-01-01,Pro,13,2025-01,1
1014,2025-04-01,Basic,13,2025-04,1
1015,2025-02-01,Pro,3,2025-02,0
1016,2025-01-01,Pro,9,2025-01,1
1017,2025-04-01,Pro,13,2025-04,1
1018,2025-04-01,Pro,1,2025-04,0
1019,2025-05-01,Pro,13,2025-05,1
1020,2025-02-01,Pro,13,2025-02,1
1021,2025-04-01,Basic,3,2025-04,0
1022,2025-04-01,Basic,6,2025-04,0
1023,2025-06-01,Basic,5,2025-06,0
1024,2025-04-01,Pro,2,2025-04,0
1025,2025-05-01,Basic,4,2025-05,0
1026,2025-01-01,Pro,12,2025-01,1
1027,2025-04-01,Basic,2,2025-04,0
1028,2025-05-01,Basic,5,2025-05,0
1029,2025-04-01,Pro,12,2025-04,1
1030,2025-03-01,Pro,13,2025-03,1
1031,2025-06-01,Pro,13,2025-06,1
1032,2025-05-01,Basic,2,2025-05,0
1033,2025-01-01,Pro,13,2025-01,1
1034,2025-06-01,Pro,13,2025-06,1
1035,2025-03-01,Pro,9,2025-03,1
1036,2025-02-01,Pro,10,2025-02,1
1037,2025-02-01,Pro,5,2025-02,0
1038,2025-03-01,Pro,1,2025-03,0
1039,2025-04-01,Basic,4,2025-04,0
1040,2025-03-01,Pro,3,2025-03,0
1041,2025-01-01,Pro,8,2025-01,1
1042,2025-06-01,Basic,13,2025-06,1
1043,2025-04-01,Pro,13,2025-04,1
1044,2025-06-01,Pro,4,2025-06,0
1045,2025-01-01,Basic,3,2025-01,0
1046,2025-01-01,Pro,1,2025-01,0
1047,2025-03-01,Basic,3,2025-03,0
1048,2025-05-01,Basic,8,2025-05,1
1049,2025-05-01,Basic,4,2025-05,0
1050,2025-04-01,Basic,3,2025-04,0
1051,2025-06-01,Pro,13,2025-06,1
1052,2025-05-01,Basic,6,2025-05,0
1053,2025-06-01,Pro,10,2025-06,1
1054,2025-06-01,Basic,13,2025-06,1
1055,2025-01-01,Pro,2,2025-01,0
1056,2025-02-01,Pro,13,2025-02,1
1057,2025-05-01,Basic,13,2025-05,1
1058,2025-02-01,Pro,3,2025-02,0
1059,2025-06-01,Pro,13,2025-06,1
1060,2025-03-01,Pro,11,2025-03,1
1061,2025-05-01,Pro,12,2025-05,1
1062,2025-03-01,Basic,13,2025-03,1
1063,2025-06-01,Pro,13,2025-06,1
1064,2025-02-01,Basic,1,2025-02,0
1065,2025-03-01,Pro,13,2025-03,1
1066,2025-01-01,Basic,1,2025-01,0
1067,2025-01-01,Pro,10,2025-01,1
1068,2025-01-01,Basic,7,2025-01,1
1069,2025-04-01,Basic,3,2025-04,0
1070,2025-01-01,Pro,8,2025-01,1
1071,2025-06-01,Basic,1,2025-06,0
1072,2025-01-01,Pro,6,2025-01,0
1073,2025-05-01,Pro,10,2025-05,1
1074,2025-01-01,Pro,11,2025-01,1
1075,2025-04-01,Basic,1,2025-04,0
1076,2025-01-01,Pro,3,2025-01,0
1077,2025-04-01,Basic,11,2025-04,1
1078,2025-01-01,Pro,6,2025-01,0
1079,2025-04-01,Basic,2,2025-04,0
1080,2025-04-01,Pro,13,2025-04,1
1081,2025-01-01,Basic,13,2025-01,1
1082,2025-01-01,Basic,3,2025-01,0
1083,2025-02-01,Basic,13,2025-02,1
1084,2025-01-01,Pro,7,2025-01,1
1085,2025-02-01,Pro,10,2025-02,1
1086,2025-01-01,Basic,1,2025-01,0
1087,2025-02-01,Basic,13,2025-02,1
1088,2025-01-01,Pro,7,2025-01,1
1089,2025-01-01,Basic,3,2025-01,0
1090,2025-03-01,Basic,3,2025-03,0
1091,2025-06-01,Pro,6,2025-06,0
1092,2025-04-01,Pro,13,2025-04,1
1093,2025-05-01,Basic,1,2025-05,0
1094,2025-03-01,Basic,4,2025-03,0
1095,2025-03-01,Basic,5,2025-03,0
1096,2025-04-01,Pro,1,2025-04,0
1097,2025-04-01,Basic,3,2025-04,0
1098,2025-03-01,Basic,6,2025-03,0
1099,2025-02-01,Pro,4,2025-02,0
1100,2025-06-01,Basic,1,2025-06,0
1101,2025-03-01,Basic,13,2025-03,1
1102,2025-04-01,Pro,13,2025-04,1
1103,2025-01-01,Basic,1,2025-01,0
1104,2025-05-01,Pro,13,2025-05,1
1105,2025-04-01,Basic,8,2025-04,1
1106,2025-05-01,Basic,1,2025-05,0
1107,2025-06-01,Basic,2,2025-06,0
1108,2025-03-01,Basic,2,2025-03,0
1109,2025-02-01,Basic,2,2025-02,0
1110,2025-03-01,Basic,2,2025-03,0
1111,2025-05-01,Pro,4,2025-05,0
1112,2025-05-01,Basic,13,2025-05,1
1113,2025-03-01,Pro,13,2025-03,1
1114,2025-04-01,Basic,13,2025-04,1
1115,2025-03-01,Basic,13,2025-03,1
1116,2025-02-01,Basic,13,2025-02,1
1117,2025-06-01,Basic,7,2025-06,1
1118,2025-01-01,Pro,13,2025-01,1
1119,2025-03-01,Pro,2,2025-03,0
1120,2025-02-01,Pro,13,2025-02,1
1121,2025-02-01,Pro,13,2025-02,1
1122,2025-06-01,Basic,7,2025-06,1
1123,2025-06-01,Basic,3,2025-06,0
1124,2025-04-01,Basic,2,2025-04,0
1125,2025-06-01,Basic,4,2025-06,0
1126,2025-04-01,Pro,13,2025-04,1
1127,2025-02-01,Pro,3,2025-02,0
1128,2025-03-01,Pro,4,2025-03,0
1129,2025-03-01,Basic,13,2025-03,1
1130,2025-02-01,Basic,2,2025-02,0
1131,2025-05-01,Basic,1,2025-05,0
1132,2025-03-01,Pro,9,2025-03,1
1133,2025-06-01,Basic,2,2025-06,0
1134,2025-01-01,Pro,13,2025-01,1
1135,2025-05-01,Basic,12,2025-05,1
1136,2025-02-01,Basic,3,2025-02,0
1137,2025-03-01,Pro,13,2025-03,1
1138,2025-01-01,Basic,1,2025-01,0
1139,2025-01-01,Basic,4,2025-01,0
1140,2025-04-01,Pro,3,2025-04,0
1141,2025-03-01,Pro,9,2025-03,1
1142,2025-04-01,Pro,2,2025-04,0
1143,2025-06-01,Pro,6,2025-06,0
1144,2025-05-01,Basic,5,2025-05,0
1145,2025-05-01,Basic,5,2025-05,0
1146,2025-03-01,Pro,6,2025-03,0
1147,2025-02-01,Basic,2,2025-02,0
1148,2025-06-01,Basic,6,2025-06,0
1149,2025-03-01,Pro,13,2025-03,1
1150,2025-02-01,Pro,10,2025-02,1
1151,2025-04-01,Pro,7,2025-04,1
1152,2025-06-01,Pro,3,2025-06,0
1153,2025-02-01,Basic,1,2025-02,0
1154,2025-03-01,Pro,13,2025-03,1
1155,2025-06-01,Basic,13,2025-06,1
1156,2025-06-01,Pro,13,2025-06,1
1157,2025-05-01,Pro,13,2025-05,1
1158,2025-03-01,Basic,2,2025-03,0
1159,2025-01-01,Basic,8,2025-01,1
1160,2025-01-01,Basic,13,2025-01,1
1161,2025-01-01,Basic,2,2025-01,0
1162,2025-06-01,Pro,13,2025-06,1
1163,2025-01-01,Basic,1,2025-01,0
1164,2025-05-01,Pro,6,2025-05,0
1165,2025-04-01,Pro,13,2025-04,1
1166,2025-06-01,Pro,8,2025-06,1
1167,2025-03-01,Basic,5,2025-03,0
1168,2025-03-01,Pro,2,2025-03,0
1169,2025-02-01,Basic,13,2025-02,1
1170,2025-03-01,Basic,4,2025-03,0
1171,2025-02-01,Basic,1,2025-02,0
1172,2025-05-01,Pro,13,2025-05,1
1173,2025-02-01,Pro,2,2025-02,0
1174,2025-06-01,Basic,10,2025-06,1
1175,2025-05-01,Basic,6,2025-05,0
1176,2025-05-01,Basic,6,2025-05,0
1177,2025-01-01,Pro,13,2025-01,1
1178,2025-01-01,Basic,7,2025-01,1
1179,2025-05-01,Basic,4,2025-05,0
1180,2025-05-01,Basic,1,2025-05,0
1181,2025-03-01,Basic,1,2025-03,0
1182,2025-03-01,Basic,13,2025-03,1
1183,2025-03-01,Basic,5,2025-03,0
1184,2025-04-01,Basic,10,2025-04,1
1185,2025-02-01,Pro,13,2025-02,1
1186,2025-01-01,Basic,11,2025-01,1
1187,2025-06-01,Basic,5,2025-06,0
1188,2025-06-01,Basic,13,2025-06,1
1189,2025-06-01,Pro,13,2025-06,1
1190,2025-04-01,Basic,4,2025-04,0
1191,2025-01-01,Basic,3,2025-01,0
1192,2025-02-01,Basic,9,2025-02,1
1193,2025-01-01,Pro,9,2025-01,1
1194,2025-06-01,Basic,11,2025-06,1
1195,2025-02-01,Pro,8,2025-02,1
1196,2025-02-01,Basic,10,2025-02,1
1197,2025-03-01,Pro,1,2025-03,0
1198,2025-03-01,Pro,8,2025-03,1
1199,2025-03-01,Basic,5,2025-03,0
1200,2025-02-01,Pro,13,2025-02,1
1201,2025-03-01,Basic,13,2025-03,1
1202,2025-01-01,Basic,10,2025-01,1
1203,2025-04-01,Pro,6,2025-04,0
1204,2025-04-01,Basic,13,2025-04,1
1205,2025-05-01,Pro,13,2025-05,1
1206,2025-02-01,Pro,13,2025-02,1
1207,2025-05-01,Basic,4,2025-05,0
1208,2025-06-01,Pro,13,2025-06,1
1209,2025-02-01,Basic,4,2025-02,0
1210,2025-02-01,Basic,4,2025-02,0
1211,2025-01-01,Pro,13,2025-01,1
1212,2025-04-01,Pro,3,2025-04,0
1213,2025-05-01,Pro,4,2025-05,0
1214,2025-01-01,Basic,3,2025-01,0
1215,2025-03-01,Pro,6,2025-03,0
1216,2025-04-01,Pro,5,2025-04,0
1217,2025-04-01,Basic,5,2025-04,0
1218,2025-02-01,Pro,13,2025-02,1
1219,2025-06-01,Pro,13,2025-06,1
1220,2025-01-01,Basic,6,2025-01,0
1221,2025-06-01,Pro,4,2025-06,0
1222,2025-03-01,Basic,2,2025-03,0
1223,2025-03-01,Basic,4,2025-03,0
1224,2025-01-01,Pro,3,2025-01,0
1225,2025-03-01,Pro,13,2025-03,1
1226,2025-03-01,Basic,10,2025-03,1
1227,2025-05-01,Pro,13,2025-05,1
1228,2025-05-01,Basic,1,2025-05,0
1229,2025-05-01,Basic,7,2025-05,1
1230,2025-06-01,Basic,6,2025-06,0
1231,2025-01-01,Basic,12,2025-01,1
1232,2025-05-01,Basic,7,2025-05,1
1233,2025-01-01,Pro,13,2025-01,1
1234,2025-02-01,Pro,1,2025-02,0
1235,2025-06-01,Pro,13,2025-06,1
1236,2025-01-01,Pro,11,2025-01,1
1237,2025-03-01,Basic,8,2025-03,1
1238,2025-01-01,Basic,4,2025-01,0
1239,2025-03-01,Pro,10,2025-03,1
1240,2025-03-01,Basic,12,2025-03,1
1241,2025-03-01,Pro,4,2025-03,0
1242,2025-04-01,Pro,7,2025-04,1
1243,2025-01-01,Pro,1,2025-01,0
1244,2025-01-01,Pro,5,2025-01,0
1245,2025-02-01,Basic,3,2025-02,0
1246,2025-05-01,Basic,8,2025-05,1
1247,2025-03-01,Basic,3,2025-03,0
1248,2025-06-01,Basic,8,2025-06,1
1249,2025-02-01,Basic,6,2025-02,0
1250,2025-02-01,Basic,1,2025-02,0
1251,2025-04-01,Pro,13,2025-04,1
1252,2025-06-01,Basic,3,2025-06,0
1253,2025-01-01,Basic,2,2025-01,0
1254,2025-01-01,Pro,13,2025-01,1
1255,2025-05-01,Pro,13,2025-05,1
1256,2025-04-01,Basic,13,2025-04,1
1257,2025-02-01,Basic,13,2025-02,1
1258,2025-04-01,Basic,13,2025-04,1
1259,2025-05-01,Basic,5,2025-05,0
1260,2025-04-01,Pro,2,2025-04,0
1261,2025-03-01,Pro,6,2025-03,0
1262,2025-03-01,Pro,3,2025-03,0
1263,2025-05-01,Pro,7,2025-05,1
1264,2025-06-01,Basic,6,2025-06,0
1265,2025-02-01,Pro,7,2025-02,1
1266,2025-03-01,Basic,2,2025-03,0
1267,2025-04-01,Basic,2,2025-04,0
1268,2025-04-01,Pro,13,2025-04,1
1269,2025-01-01,Pro,9,2025-01,1
1270,2025-03-01,Pro,13,2025-03,1
1271,2025-03-01,Pro,3,2025-03,0
1272,2025-04-01,Basic,13,2025-04,1
1273,2025-02-01,Pro,1,2025-02,0
1274,2025-05-01,Pro,1,2025-05,0
1275,2025-03-01,Basic,1,2025-03,0
1276,2025-02-01,Basic,6,2025-02,0
1277,2025-01-01,Basic,9,2025-01,1
1278,2025-03-01,Basic,13,2025-03,1
1279,2025-02-01,Basic,5,2025-02,0
1280,2025-05-01,Basic,1,2025-05,0
1281,2025-01-01,Pro,5,2025-01,0
1282,2025-02-01,Pro,2,2025-02,0
1283,2025-06-01,Pro,12,2025-06,1
1284,2025-05-01,Basic,3,2025-05,0
1285,2025-02-01,Basic,11,2025-02,1
1286,2025-05-01,Pro,10,2025-05,1
1287,2025-02-01,Pro,13,2025-02,1
1288,2025-01-01,Basic,13,2025-01,1
1289,2025-04-01,Basic,9,2025-04,1
1290,2025-04-01,Basic,8,2025-04,1
1291,2025-05-01,Pro,3,2025-05,0
1292,2025-01-01,Pro,7,2025-01,1
1293,2025-06-01,Pro,13,2025-06,1
1294,2025-02-01,Pro,13,2025-02,1
1295,2025-02-01,Basic,6,2025-02,0
1296,2025-02-01,Basic,6,2025-02,0
1297,2025-06-01,Pro,6,2025-06,0
1298,2025-05-01,Pro,5,2025-05,0
1299,2025-01-01,Pro,10,2025-01,1
1300,2025-06-01,Basic,13,2025-06,1
1301,2025-02-01,Pro,13,2025-02,1
1302,2025-03-01,Basic,6,2025-03,0
1303,2025-05-01,Basic,2,2025-05,0
1304,2025-04-01,Basic,2,2025-04,0
1305,2025-01-01,Pro,1,2025-01,0
1306,2025-02-01,Basic,4,2025-02,0
1307,2025-02-01,Basic,13,2025-02,1
1308,2025-01-01,Pro,2,2025-01,0
1309,2025-04-01,Basic,4,2025-04,0
1310,2025-04-01,Basic,6,2025-04,0
1311,2025-01-01,Pro,6,2025-01,0
1312,2025-02-01,Basic,4,2025-02,0
1313,2025-05-01,Basic,3,2025-05,0
1314,2025-03-01,Pro,13,2025-03,1
1315,2025-03-01,Pro,1,2025-03,0
1316,2025-06-01,Pro,6,2025-06,0
1317,2025-04-01,Pro,13,2025-04,1
1318,2025-01-01,Pro,4,2025-01,0
1319,2025-02-01,Pro,2,2025-02,0
1320,2025-01-01,Pro,7,2025-01,1
1321,2025-05-01,Pro,10,2025-05,1
1322,2025-03-01,Basic,12,2025-03,1
1323,2025-06-01,Basic,1,2025-06,0
1324,2025-05-01,Pro,7,2025-05,1
1325,2025-02-01,Pro,13,2025-02,1
1326,2025-06-01,Basic,13,2025-06,1
1327,2025-01-01,Pro,13,2025-01,1
1328,2025-06-01,Pro,8,2025-06,1
1329,2025-04-01,Pro,13,2025-04,1
1330,2025-02-01,Basic,1,2025-02,0
1331,2025-06-01,Pro,3,2025-06,0
1332,2025-01-01,Basic,5,2025-01,0
1333,2025-03-01,Pro,6,2025-03,0
1334,2025-04-01,Basic,6,2025-04,0
1335,2025-04-01,Pro,13,2025-04,1
1336,2025-03-01,Basic,1,2025-03,0
1337,2025-06-01,Pro,11,2025-06,1
1338,2025-05-01,Basic,1,2025-05,0
1339,2025-03-01,Basic,9,2025-03,1
1340,2025-04-01,Basic,3,2025-04,0
1341,2025-03-01,Pro,4,2025-03,0
1342,2025-06-01,Basic,13,2025-06,1
1343,2025-04-01,Pro,4,2025-04,0
1344,2025-04-01,Pro,6,2025-04,0
1345,2025-06-01,Basic,3,2025-06,0
1346,2025-02-01,Pro,9,2025-02,1
1347,2025-02-01,Pro,3,2025-02,0
1348,2025-01-01,Pro,10,2025-01,1
1349,2025-06-01,Pro,4,2025-06,0
1350,2025-01-01,Basic,10,2025-01,1
1351,2025-06-01,Basic,2,2025-06,0
1352,2025-06-01,Pro,4,2025-06,0
1353,2025-06-01,Basic,3,2025-06,0
1354,2025-01-01,Pro,13,2025-01,1
1355,2025-02-01,Pro,1,2025-02,0
1356,2025-03-01,Pro,13,2025-03,1
1357,2025-04-01,Pro,12,2025-04,1
1358,2025-06-01,Basic,13,2025-06,1
1359,2025-03-01,Basic,1,2025-03,0
1360,2025-03-01,Basic,12,2025-03,1
1361,2025-06-01,Pro,8,2025-06,1
1362,2025-01-01,Basic,10,2025-01,1
1363,2025-01-01,Pro,13,2025-01,1
1364,2025-01-01,Basic,13,2025-01,1
1365,2025-04-01,Pro,13,2025-04,1
1366,2025-06-01,Basic,13,2025-06,1
1367,2025-04-01,Basic,10,2025-04,1
1368,2025-02-01,Basic,1,2025-02,0
1369,2025-05-01,Pro,13,2025-05,1
1370,2025-06-01,Basic,13,2025-06,1
1371,2025-03-01,Basic,1,2025-03,0
1372,2025-01-01,Basic,4,2025-01,0
1373,2025-02-01,Basic,2,2025-02,0
1374,2025-06-01,Pro,8,2025-06,1
1375,2025-06-01,Pro,5,2025-06,0
1376,2025-05-01,Basic,8,2025-05,1
1377,2025-05-01,Pro,2,2025-05,0
1378,2025-06-01,Basic,13,2025-06,1
1379,2025-03-01,Pro,7,2025-03,1
1380,2025-01-01,Basic,13,2025-01,1
1381,2025-02-01,Basic,1,2025-02,0
1382,2025-06-01,Basic,3,2025-06,0
1383,2025-01-01,Pro,12,2025-01,1
1384,2025-03-01,Pro,3,2025-03,0
1385,2025-01-01,Pro,8,2025-01,1
1386,2025-01-01,Pro,13,2025-01,1
1387,2025-01-01,Basic,13,2025-01,1
1388,2025-04-01,Pro,2,2025-04,0
1389,2025-04-01,Pro,5,2025-04,0
1390,2025-05-01,Basic,6,2025-05,0
1391,2025-02-01,Pro,7,2025-02,1
1392,2025-04-01,Pro,6,2025-04,0
1393,2025-01-01,Pro,13,2025-01,1
1394,2025-01-01,Basic,11,2025-01,1
1395,2025-03-01,Pro,6,2025-03,0
1396,2025-03-01,Pro,3,2025-03,0
1397,2025-01-01,Basic,3,2025-01,0
1398,2025-02-01,Pro,2,2025-02,0
1399,2025-04-01,Pro,13,2025-04,1
1400,2025-04-01,Pro,3,2025-04,0
1401,2025-01-01,Pro,8,2025-01,1
1402,2025-04-01,Pro,2,2025-04,0
1403,2025-01-01,Basic,4,2025-01,0
1404,2025-01-01,Basic,4,2025-01,0
1405,2025-01-01,Pro,11,2025-01,1
1406,2025-03-01,Basic,4,2025-03,0
1407,2025-04-01,Pro,1,2025-04,0
1408,2025-05-01,Basic,2,2025-05,0
1409,2025-03-01,Basic,3,2025-03,0
1410,2025-06-01,Pro,13,2025-06,1
1411,2025-03-01,Pro,13,2025-03,1
1412,2025-04-01,Pro,4,2025-04,0
1413,2025-05-01,Pro,13,2025-05,1
1414,2025-05-01,Basic,9,2025-05,1
1415,2025-02-01,Basic,2,2025-02,0
1416,2025-01-01,Pro,13,2025-01,1
1417,2025-03-01,Pro,10,2025-03,1
1418,2025-05-01,Pro,3,2025-05,0
1419,2025-05-01,Basic,2,2025-05,0
1420,2025-03-01,Pro,3,2025-03,0
1421,2025-01-01,Pro,6,2025-01,0
1422,2025-03-01,Pro,13,2025-03,1
1423,2025-03-01,Basic,3,2025-03,0
1424,2025-05-01,Basic,13,2025-05,1
1425,2025-05-01,Basic,2,2025-05,0
1426,2025-01-01,Basic,2,2025-01,0
1427,2025-03-01,Basic,1,2025-03,0
1428,2025-05-01,Basic,13,2025-05,1
1429,2025-06-01,Pro,13,2025-06,1
1430,2025-01-01,Basic,3,2025-01,0
1431,2025-02-01,Basic,10,2025-02,1
1432,2025-04-01,Pro,13,2025-04,1
1433,2025-03-01,Basic,13,2025-03,1
1434,2025-01-01,Basic,1,2025-01,0
1435,2025-02-01,Pro,13,2025-02,1
1436,2025-03-01,Basic,7,2025-03,1
1437,2025-03-01,Basic,3,2025-03,0
1438,2025-02-01,Basic,1,2025-02,0
1439,2025-04-01,Pro,10,2025-04,1
1440,2025-02-01,Pro,1,2025-02,0
1441,2025-04-01,Basic,13,2025-04,1
1442,2025-03-01,Basic,4,2025-03,0
1443,2025-05-01,Basic,7,2025-05,1
1444,2025-06-01,Basic,4,2025-06,0
1445,2025-01-01,Pro,3,2025-01,0
1446,2025-05-01,Pro,9,2025-05,1
1447,2025-03-01,Pro,9,2025-03,1
1448,2025-06-01,Pro,13,2025-06,1
1449,2025-04-01,Basic,11,2025-04,1
1450,2025-03-01,Basic,13,2025-03,1
1451,2025-04-01,Pro,5,2025-04,0
1452,2025-03-01,Pro,1,2025-03,0
1453,2025-03-01,Pro,13,2025-03,1
1454,2025-04-01,Basic,5,2025-04,0
1455,2025-01-01,Basic,4,2025-01,0
1456,2025-01-01,Basic,13,2025-01,1
1457,2025-05-01,Basic,5,2025-05,0
1458,2025-03-01,Basic,13,2025-03,1
1459,2025-02-01,Pro,1,2025-02,0
1460,2025-02-01,Basic,4,2025-02,0
1461,2025-04-01,Pro,8,2025-04,1
1462,2025-03-01,Basic,2,2025-03,0
1463,2025-01-01,Pro,13,2025-01,1
1464,2025-03-01,Pro,13,2025-03,1
1465,2025-04-01,Pro,13,2025-04,1
1466,2025-06-01,Basic,11,2025-06,1
1467,2025-06-01,Basic,7,2025-06,1
1468,2025-01-01,Pro,13,2025-01,1
1469,2025-04-01,Pro,7,2025-04,1
1470,2025-04-01,Pro,5,2025-04,0
1471,2025-06-01,Basic,8,2025-06,1
1472,2025-01-01,Pro,2,2025-01,0
1473,2025-02-01,Basic,4,2025-02,0
1474,2025-05-01,Basic,13,2025-05,1
1475,2025-01-01,Pro,13,2025-01,1
1476,2025-01-01,Basic,1,2025-01,0
1477,2025-06-01,Pro,4,2025-06,0
1478,2025-04-01,Pro,11,2025-04,1
1479,2025-02-01,Basic,13,2025-02,1
1480,2025-06-01,Basic,12,2025-06,1
1481,2025-04-01,Basic,1,2025-04,0
1482,2025-04-01,Pro,2,2025-04,0
1483,2025-01-01,Pro,13,2025-01,1
1484,2025-03-01,Pro,13,2025-03,1
1485,2025-04-01,Basic,2,2025-04,0
1486,2025-01-01,Basic,4,2025-01,0
1487,2025-01-01,Basic,1,2025-01,0
1488,2025-02-01,Pro,13,2025-02,1
1489,2025-02-01,Pro,13,2025-02,1
1490,2025-01-01,Pro,10,2025-01,1
1491,2025-05-01,Basic,3,2025-05,0
1492,2025-06-01,Pro,13,2025-06,1
1493,2025-06-01,Basic,6,2025-06,0
1494,2025-03-01,Basic,2,2025-03,0
1495,2025-06-01,Basic,13,2025-06,1
1496,2025-03-01,Basic,13,2025-03,1
1497,2025-04-01,Pro,13,2025-04,1
1498,2025-02-01,Basic,2,2025-02,0
1499,2025-02-01,Pro,7,2025-02,1
1500,2025-06-01,Pro,10,2025-06,1
1501,2025-06-01,Pro,13,2025-06,1
1502,2025-03-01,Pro,13,2025-03,1
1503,2025-06-01,Basic,12,2025-06,1
1504,2025-06-01,Basic,5,2025-06,0
1505,2025-06-01,Pro,13,2025-06,1
1506,2025-06-01,Pro,13,2025-06,1
1507,2025-06-01,Basic,3,2025-06,0
1508,2025-06-01,Basic,3,2025-06,0
1509,2025-02-01,Pro,2,2025-02,0
1510,2025-03-01,Pro,8,2025-03,1
1511,2025-03-01,Pro,2,2025-03,0
1512,2025-05-01,Pro,13,2025-05,1
1513,2025-04-01,Basic,10,2025-04,1
1514,2025-03-01,Pro,13,2025-03,1
1515,2025-03-01,Basic,1,2025-03,0
1516,2025-05-01,Basic,13,2025-05,1
1517,2025-03-01,Basic,13,2025-03,1
1518,2025-01-01,Basic,9,2025-01,1
1519,2025-02-01,Pro,13,2025-02,1
1520,2025-06-01,Pro,5,2025-06,0
1521,2025-04-01,Basic,5,2025-04,0
1522,2025-03-01,Pro,13,2025-03,1
1523,2025-02-01,Pro,13,2025-02,1
1524,2025-02-01,Basic,13,2025-02,1
1525,2025-02-01,Pro,13,2025-02,1
1526,2025-01-01,Basic,3,2025-01,0
1527,2025-03-01,Basic,2,2025-03,0
1528,2025-02-01,Basic,1,2025-02,0
1529,2025-06-01,Pro,8,2025-06,1
1530,2025-06-01,Pro,5,2025-06,0
1531,2025-06-01,Basic,5,2025-06,0
1532,2025-01-01,Pro,2,2025-01,0
1533,2025-04-01,Basic,1,2025-04,0
1534,2025-05-01,Pro,13,2025-05,1
1535,2025-02-01,Basic,1,2025-02,0
1536,2025-02-01,Pro,1,2025-02,0
1537,2025-01-01,Pro,2,2025-01,0
1538,2025-01-01,Pro,13,2025-01,1
1539,2025-02-01,Basic,9,2025-02,1
1540,2025-01-01,Pro,13,2025-01,1
1541,2025-01-01,Pro,3,2025-01,0
1542,2025-05-01,Basic,7,2025-05,1
1543,2025-04-01,Basic,6,2025-04,0
1544,2025-04-01,Basic,1,2025-04,0
1545,2025-02-01,Basic,8,2025-02,1
1546,2025-01-01,Basic,5,2025-01,0
1547,2025-06-01,Basic,3,2025-06,0
1548,2025-01-01,Pro,13,2025-01,1
1549,2025-06-01,Basic,4,2025-06,0
1550,2025-06-01,Pro,13,2025-06,1
1551,2025-04-01,Basic,4,2025-04,0
1552,2025-01-01,Basic,9,2025-01,1
1553,2025-06-01,Basic,13,2025-06,1
1554,2025-05-01,Pro,8,2025-05,1
1555,2025-01-01,Basic,10,2025-01,1
1556,2025-03-01,Basic,1,2025-03,0
1557,2025-03-01,Basic,13,2025-03,1
1558,2025-01-01,Basic,3,2025-01,0
1559,2025-03-01,Basic,13,2025-03,1
1560,2025-03-01,Basic,8,2025-03,1
1561,2025-05-01,Pro,13,2025-05,1
1562,2025-05-01,Basic,1,2025-05,0
1563,2025-03-01,Basic,6,2025-03,0
1564,2025-01-01,Pro,13,2025-01,1
1565,2025-02-01,Basic,6,2025-02,0
1566,2025-06-01,Pro,8,2025-06,1
1567,2025-05-01,Pro,7,2025-05,1
1568,2025-01-01,Pro,13,2025-01,1
1569,2025-04-01,Basic,8,2025-04,1
1570,2025-01-01,Pro,5,2025-01,0
1571,2025-03-01,Pro,6,2025-03,0
1572,2025-02-01,Pro,8,2025-02,1
1573,2025-03-01,Pro,13,2025-03,1
1574,2025-03-01,Basic,1,2025-03,0
1575,2025-02-01,Pro,8,2025-02,1
1576,2025-01-01,Basic,1,2025-01,0
1577,2025-05-01,Pro,7,2025-05,1
1578,2025-06-01,Pro,6,2025-06,0
1579,2025-01-01,Pro,1,2025-01,0
1580,2025-05-01,Basic,4,2025-05,0
1581,2025-01-01,Pro,13,2025-01,1
1582,2025-05-01,Basic,13,2025-05,1
1583,2025-03-01,Basic,7,2025-03,1
1584,2025-04-01,Basic,13,2025-04,1
1585,2025-05-01,Pro,13,2025-05,1
1586,2025-06-01,Pro,13,2025-06,1
1587,2025-06-01,Pro,4,2025-06,0
1588,2025-01-01,Pro,1,2025-01,0
1589,2025-06-01,Basic,7,2025-06,1
1590,2025-03-01,Basic,2,2025-03,0
1591,2025-06-01,Basic,9,2025-06,1
1592,2025-06-01,Pro,13,2025-06,1
1593,2025-02-01,Basic,12,2025-02,1
1594,2025-04-01,Pro,13,2025-04,1
1595,2025-04-01,Basic,1,2025-04,0
1596,2025-03-01,Basic,4,2025-03,0
1597,2025-03-01,Basic,3,2025-03,0
1598,2025-01-01,Basic,2,2025-01,0
1599,2025-01-01,Basic,12,2025-01,1
1600,2025-05-01,Basic,3,2025-05,0
1601,2025-01-01,Basic,11,2025-01,1
1602,2025-03-01,Pro,1,2025-03,0
1603,2025-03-01,Pro,1,2025-03,0
1604,2025-01-01,Pro,13,2025-01,1
1605,2025-05-01,Basic,6,2025-05,0
1606,2025-04-01,Pro,1,2025-04,0
1607,2025-02-01,Pro,2,2025-02,0
1608,2025-06-01,Pro,9,2025-06,1
1609,2025-03-01,Basic,13,2025-03,1
1610,2025-02-01,Basic,6,2025-02,0
1611,2025-05-01,Pro,8,2025-05,1
1612,2025-04-01,Basic,1,2025-04,0
1613,2025-01-01,Pro,13,2025-01,1
1614,2025-02-01,Basic,4,2025-02,0
1615,2025-06-01,Basic,1,2025-06,0
1616,2025-04-01,Pro,13,2025-04,1
1617,2025-04-01,Basic,5,2025-04,0
1618,2025-04-01,Pro,7,2025-04,1
1619,2025-06-01,Basic,6,2025-06,0
1620,2025-05-01,Basic,4,2025-05,0
1621,2025-04-01,Basic,13,2025-04,1
1622,2025-06-01,Pro,13,2025-06,1
1623,2025-02-01,Pro,8,2025-02,1
1624,2025-01-01,Pro,5,2025-01,0
1625,2025-06-01,Basic,1,2025-06,0
1626,2025-03-01,Pro,10,2025-03,1
1627,2025-01-01,Pro,10,2025-01,1
1628,2025-04-01,Basic,12,2025-04,1
1629,2025-04-01,Basic,1,2025-04,0
1630,2025-01-01,Pro,2,2025-01,0
1631,2025-01-01,Pro,1,2025-01,0
1632,2025-02-01,Pro,13,2025-02,1
1633,2025-02-01,Basic,5,2025-02,0
1634,2025-04-01,Basic,13,2025-04,1
1635,2025-01-01,Basic,13,2025-01,1
1636,2025-05-01,Basic,3,2025-05,0
1637,2025-04-01,Pro,13,2025-04,1
1638,2025-01-01,Pro,13,2025-01,1
1639,2025-05-01,Pro,7,2025-05,1
1640,2025-01-01,Basic,5,2025-01,0
1641,2025-06-01,Pro,13,2025-06,1
1642,2025-05-01,Basic,1,2025-05,0
1643,2025-05-01,Basic,8,2025-05,1
1644,2025-03-01,Pro,11,2025-03,1
1645,2025-04-01,Basic,3,2025-04,0
1646,2025-01-01,Basic,1,2025-01,0
1647,2025-04-01,Basic,7,2025-04,1
1648,2025-02-01,Basic,5,2025-02,0
1649,2025-02-01,Pro,13,2025-02,1
1650,2025-03-01,Basic,13,2025-03,1
1651,2025-06-01,Pro,1,2025-06,0
1652,2025-06-01,Basic,1,2025-06,0
1653,2025-01-01,Basic,5,2025-01,0
1654,2025-06-01,Pro,13,2025-06,1
1655,2025-02-01,Pro,2,2025-02,0
1656,2025-03-01,Pro,11,2025-03,1
1657,2025-05-01,Basic,8,2025-05,1
1658,2025-05-01,Basic,4,2025-05,0
1659,2025-04-01,Basic,1,2025-04,0
1660,2025-04-01,Pro,13,2025-04,1
1661,2025-02-01,Pro,1,2025-02,0
1662,2025-01-01,Pro,13,2025-01,1
1663,2025-04-01,Basic,4,2025-04,0
1664,2025-02-01,Pro,13,2025-02,1
1665,2025-05-01,Pro,13,2025-05,1
1666,2025-06-01,Pro,8,2025-06,1
1667,2025-01-01,Basic,1,2025-01,0
1668,2025-04-01,Pro,2,2025-04,0
1669,2025-02-01,Basic,8,2025-02,1
1670,2025-01-01,Basic,13,2025-01,1
1671,2025-03-01,Basic,13,2025-03,1
1672,2025-02-01,Basic,1,2025-02,0
1673,2025-01-01,Pro,1,2025-01,0
1674,2025-05-01,Basic,11,2025-05,1
1675,2025-05-01,Basic,8,2025-05,1
1676,2025-05-01,Basic,7,2025-05,1
1677,2025-06-01,Pro,1,2025-06,0
1678,2025-06-01,Basic,4,2025-06,0
1679,2025-02-01,Basic,6,2025-02,0
1680,2025-04-01,Basic,5,2025-04,0
1681,2025-04-01,Basic,13,2025-04,1
1682,2025-04-01,Pro,2,2025-04,0
1683,2025-03-01,Pro,3,2025-03,0
1684,2025-02-01,Basic,5,2025-02,0
1685,2025-06-01,Pro,3,2025-06,0
1686,2025-03-01,Basic,7,2025-03,1
1687,2025-01-01,Pro,13,2025-01,1
1688,2025-05-01,Pro,11,2025-05,1
1689,2025-01-01,Pro,13,2025-01,1
1690,2025-01-01,Pro,2,2025-01,0
1691,2025-03-01,Basic,12,2025-03,1
1692,2025-05-01,Basic,3,2025-05,0
1693,2025-01-01,Basic,9,2025-01,1
1694,2025-03-01,Pro,13,2025-03,1
1695,2025-03-01,Pro,9,2025-03,1
1696,2025-01-01,Basic,2,2025-01,0
1697,2025-05-01,Pro,13,2025-05,1
1698,2025-02-01,Basic,8,2025-02,1
1699,2025-03-01,Basic,1,2025-03,0
1700,2025-04-01,Basic,4,2025-04,0
1701,2025-06-01,Pro,13,2025-06,1
1702,2025-06-01,Basic,4,2025-06,0
1703,2025-02-01,Basic,3,2025-02,0
1704,2025-06-01,Basic,2,2025-06,0
1705,2025-06-01,Pro,3,2025-06,0
1706,2025-06-01,Pro,13,2025-06,1
1707,2025-02-01,Basic,9,2025-02,1
1708,2025-05-01,Basic,3,2025-05,0
1709,2025-01-01,Basic,10,2025-01,1
1710,2025-01-01,Pro,9,2025-01,1
1711,2025-04-01,Pro,13,2025-04,1
1712,2025-01-01,Basic,13,2025-01,1
1713,2025-02-01,Pro,13,2025-02,1
1714,2025-05-01,Pro,7,2025-05,1
1715,2025-01-01,Basic,11,2025-01,1
1716,2025-03-01,Pro,13,2025-03,1
1717,2025-03-01,Pro,4,2025-03,0
1718,2025-04-01,Pro,1,2025-04,0
1719,2025-01-01,Pro,13,2025-01,1
1720,2025-04-01,Basic,13,2025-04,1
1721,2025-02-01,Pro,2,2025-02,0
1722,2025-03-01,Basic,13,2025-03,1
1723,2025-05-01,Basic,2,2025-05,0
1724,2025-05-01,Basic,13,2025-05,1
1725,2025-01-01,Pro,3,2025-01,0
1726,2025-01-01,Pro,7,2025-01,1
1727,2025-05-01,Basic,13,2025-05,1
1728,2025-05-01,Pro,5,2025-05,0
1729,2025-03-01,Basic,13,2025-03,1
1730,2025-01-01,Pro,1,2025-01,0
1731,2025-02-01,Basic,6,2025-02,0
1732,2025-04-01,Pro,13,2025-04,1
1733,2025-04-01,Pro,13,2025-04,1
1734,2025-05-01,Basic,13,2025-05,1
1735,2025-02-01,Basic,13,2025-02,1
1736,2025-05-01,Basic,13,2025-05,1
1737,2025-03-01,Pro,1,2025-03,0
1738,2025-05-01,Pro,13,2025-05,1
1739,2025-05-01,Pro,6,2025-05,0
1740,2025-05-01,Basic,13,2025-05,1
1741,2025-03-01,Basic,5,2025-03,0
1742,2025-05-01,Basic,5,2025-05,0
1743,2025-04-01,Basic,13,2025-04,1
1744,2025-04-01,Pro,5,2025-04,0
1745,2025-04-01,Basic,2,2025-04,0
1746,2025-02-01,Pro,13,2025-02,1
1747,2025-04-01,Pro,4,2025-04,0
1748,2025-01-01,Pro,4,2025-01,0
1749,2025-04-01,Basic,1,2025-04,0
1750,2025-06-01,Basic,6,2025-06,0
1751,2025-05-01,Pro,9,2025-05,1
1752,2025-01-01,Pro,8,2025-01,1
1753,2025-02-01,Pro,5,2025-02,0
1754,2025-05-01,Pro,1,2025-05,0
1755,2025-04-01,Basic,9,2025-04,1
1756,2025-05-01,Basic,7,2025-05,1
1757,2025-01-01,Basic,3,2025-01,0
1758,2025-02-01,Basic,6,2025-02,0
1759,2025-05-01,Basic,5,2025-05,0
1760,2025-04-01,Basic,5,2025-04,0
1761,2025-05-01,Pro,10,2025-05,1
1762,2025-04-01,Basic,2,2025-04,0
1763,2025-03-01,Pro,4,2025-03,0
1764,2025-03-01,Basic,9,2025-03,1
1765,2025-06-01,Basic,3,2025-06,0
1766,2025-06-01,Pro,3,2025-06,0
1767,2025-01-01,Basic,5,2025-01,0
1768,2025-06-01,Basic,13,2025-06,1
1769,2025-03-01,Basic,11,2025-03,1
1770,2025-05-01,Pro,11,2025-05,1
1771,2025-01-01,Basic,13,2025-01,1
1772,2025-02-01,Pro,2,2025-02,0
1773,2025-01-01,Pro,1,2025-01,0
1774,2025-03-01,Pro,2,2025-03,0
1775,2025-01-01,Basic,8,2025-01,1
1776,2025-06-01,Pro,13,2025-06,1
1777,2025-02-01,Pro,5,2025-02,0
1778,2025-02-01,Pro,13,2025-02,1
1779,2025-03-01,Basic,2,2025-03,0
1780,2025-03-01,Pro,13,2025-03,1
1781,2025-01-01,Basic,10,2025-01,1
1782,2025-02-01,Basic,7,2025-02,1
1783,2025-02-01,Basic,6,2025-02,0
1784,2025-03-01,Pro,13,2025-03,1
1785,2025-05-01,Basic,6,2025-05,0
1786,2025-06-01,Pro,1,2025-06,0
1787,2025-06-01,Basic,9,2025-06,1
1788,2025-05-01,Basic,7,2025-05,1
1789,2025-02-01,Basic,11,2025-02,1
1790,2025-02-01,Basic,7,2025-02,1
1791,2025-05-01,Basic,2,2025-05,0
1792,2025-04-01,Pro,3,2025-04,0
1793,2025-01-01,Pro,6,2025-01,0
1794,2025-04-01,Pro,2,2025-04,0
1795,2025-03-01,Basic,1,2025-03,0
1796,2025-05-01,Basic,10,2025-05,1
1797,2025-01-01,Basic,13,2025-01,1
1798,2025-06-01,Pro,7,2025-06,1
1799,2025-04-01,Basic,11,2025-04,1
1800,2025-01-01,Basic,9,2025-01,1
1801,2025-06-01,Basic,13,2025-06,1
1802,2025-06-01,Basic,3,2025-06,0
1803,2025-01-01,Basic,1,2025-01,0
1804,2025-06-01,Basic,13,2025-06,1
1805,2025-02-01,Pro,13,2025-02,1
1806,2025-03-01,Pro,7,2025-03,1
1807,2025-03-01,Basic,11,2025-03,1
1808,2025-05-01,Basic,8,2025-05,1
1809,2025-04-01,Basic,1,2025-04,0
1810,2025-04-01,Basic,8,2025-04,1
1811,2025-04-01,Pro,13,2025-04,1
1812,2025-05-01,Pro,13,2025-05,1
1813,2025-01-01,Pro,10,2025-01,1
1814,2025-01-01,Pro,12,2025-01,1
1815,2025-06-01,Pro,2,2025-06,0
1816,2025-05-01,Pro,13,2025-05,1
1817,2025-06-01,Pro,3,2025-06,0
1818,2025-04-01,Basic,2,2025-04,0
1819,2025-02-01,Basic,2,2025-02,0
1820,2025-02-01,Pro,2,2025-02,0
1821,2025-06-01,Basic,8,2025-06,1
1822,2025-01-01,Pro,9,2025-01,1
1823,2025-06-01,Basic,3,2025-06,0
1824,2025-01-01,Pro,13,2025-01,1
1825,2025-04-01,Basic,2,2025-04,0
1826,2025-02-01,Pro,1,2025-02,0
1827,2025-05-01,Basic,13,2025-05,1
1828,2025-05-01,Pro,4,2025-05,0
1829,2025-06-01,Basic,7,2025-06,1
1830,2025-02-01,Pro,1,2025-02,0
1831,2025-01-01,Pro,13,2025-01,1
1832,2025-05-01,Pro,11,2025-05,1
1833,2025-04-01,Pro,2,2025-04,0
1834,2025-04-01,Basic,13,2025-04,1
1835,2025-05-01,Basic,10,2025-05,1
1836,2025-02-01,Basic,7,2025-02,1
1837,2025-06-01,Basic,3,2025-06,0
1838,2025-01-01,Basic,8,2025-01,1
1839,2025-01-01,Pro,13,2025-01,1
1840,2025-01-01,Pro,5,2025-01,0
1841,2025-01-01,Basic,13,2025-01,1
1842,2025-04-01,Pro,8,2025-04,1
1843,2025-06-01,Pro,9,2025-06,1
1844,2025-02-01,Basic,13,2025-02,1
1845,2025-06-01,Basic,6,2025-06,0
1846,2025-06-01,Basic,7,2025-06,1
1847,2025-04-01,Basic,5,2025-04,0
1848,2025-06-01,Basic,10,2025-06,1
1849,2025-06-01,Basic,13,2025-06,1
1850,2025-03-01,Pro,13,2025-03,1
1851,2025-03-01,Pro,13,2025-03,1
1852,2025-01-01,Pro,13,2025-01,1
1853,2025-04-01,Basic,2,2025-04,0
1854,2025-01-01,Basic,13,2025-01,1
1855,2025-02-01,Basic,13,2025-02,1
1856,2025-03-01,Basic,3,2025-03,0
1857,2025-06-01,Basic,13,2025-06,1
1858,2025-04-01,Pro,2,2025-04,0
1859,2025-03-01,Basic,13,2025-03,1
1860,2025-04-01,Basic,1,2025-04,0
1861,2025-01-01,Pro,13,2025-01,1
1862,2025-03-01,Pro,5,2025-03,0
1863,2025-01-01,Pro,1,2025-01,0
1864,2025-02-01,Pro,13,2025-02,1
1865,2025-03-01,Pro,13,2025-03,1
1866,2025-04-01,Basic,11,2025-04,1
1867,2025-03-01,Basic,1,2025-03,0
1868,2025-03-01,Basic,13,2025-03,1
1869,2025-06-01,Basic,6,2025-06,0
1870,2025-05-01,Pro,13,2025-05,1
1871,2025-01-01,Pro,13,2025-01,1
1872,2025-03-01,Pro,13,2025-03,1
1873,2025-05-01,Pro,13,2025-05,1
1874,2025-04-01,Basic,7,2025-04,1
1875,2025-04-01,Pro,6,2025-04,0
1876,2025-02-01,Basic,3,2025-02,0
1877,2025-02-01,Pro,11,2025-02,1
1878,2025-05-01,Basic,10,2025-05,1
1879,2025-01-01,Basic,1,2025-01,0
1880,2025-04-01,Basic,7,2025-04,1
1881,2025-04-01,Pro,13,2025-04,1
1882,2025-01-01,Basic,3,2025-01,0
1883,2025-03-01,Basic,1,2025-03,0
1884,2025-05-01,Basic,12,2025-05,1
1885,2025-06-01,Pro,3,2025-06,0
1886,2025-03-01,Pro,6,2025-03,0
1887,2025-03-01,Basic,13,2025-03,1
1888,2025-04-01,Pro,13,2025-04,1
1889,2025-03-01,Basic,3,2025-03,0
1890,2025-06-01,Pro,5,2025-06,0
1891,2025-02-01,Basic,8,2025-02,1
1892,2025-06-01,Pro,13,2025-06,1
1893,2025-06-01,Pro,13,2025-06,1
1894,2025-04-01,Basic,10,2025-04,1
1895,2025-02-01,Pro,8,2025-02,1
1896,2025-01-01,Basic,2,2025-01,0
1897,2025-04-01,Pro,13,2025-04,1
1898,2025-04-01,Pro,13,2025-04,1
1899,2025-03-01,Basic,1,2025-03,0
1900,2025-01-01,Pro,13,2025-01,1
1901,2025-03-01,Basic,13,2025-03,1
1902,2025-02-01,Pro,10,2025-02,1
1903,2025-01-01,Pro,3,2025-01,0
1904,2025-01-01,Basic,13,2025-01,1
1905,2025-03-01,Pro,7,2025-03,1
1906,2025-06-01,Pro,13,2025-06,1
1907,2025-06-01,Basic,1,2025-06,0
1908,2025-01-01,Pro,13,2025-01,1
1909,2025-05-01,Pro,10,2025-05,1
1910,2025-05-01,Basic,3,2025-05,0
1911,2025-02-01,Basic,2,2025-02,0
1912,2025-01-01,Pro,7,2025-01,1
1913,2025-05-01,Basic,13,2025-05,1
1914,2025-03-01,Basic,13,2025-03,1
1915,2025-04-01,Pro,13,2025-04,1
1916,2025-05-01,Basic,2,2025-05,0
1917,2025-04-01,Pro,5,2025-04,0
1918,2025-03-01,Pro,1,2025-03,0
1919,2025-02-01,Pro,10,2025-02,1
1920,2025-02-01,Pro,13,2025-02,1
1921,2025-04-01,Basic,8,2025-04,1
1922,2025-06-01,Basic,13,2025-06,1
1923,2025-06-01,Basic,8,2025-06,1
1924,2025-01-01,Pro,1,2025-01,0
1925,2025-02-01,Pro,2,2025-02,0
1926,2025-04-01,Basic,5,2025-04,0
1927,2025-04-01,Pro,13,2025-04,1
1928,2025-05-01,Pro,1,2025-05,0
1929,2025-01-01,Pro,12,2025-01,1
1930,2025-01-01,Basic,7,2025-01,1
1931,2025-01-01,Pro,13,2025-01,1
1932,2025-06-01,Pro,4,2025-06,0
1933,2025-01-01,Pro,13,2025-01,1
1934,2025-02-01,Basic,7,2025-02,1
1935,2025-01-01,Pro,8,2025-01,1
1936,2025-03-01,Basic,4,2025-03,0
1937,2025-03-01,Basic,13,2025-03,1
1938,2025-05-01,Pro,12,2025-05,1
1939,2025-06-01,Basic,11,2025-06,1
1940,2025-02-01,Pro,13,2025-02,1
1941,2025-05-01,Pro,13,2025-05,1
1942,2025-03-01,Pro,1,2025-03,0
1943,2025-03-01,Pro,11,2025-03,1
1944,2025-04-01,Basic,1,2025-04,0
1945,2025-05-01,Pro,13,2025-05,1
1946,2025-04-01,Basic,5,2025-04,0
1947,2025-01-01,Basic,11,2025-01,1
1948,2025-02-01,Pro,12,2025-02,1
1949,2025-04-01,Basic,4,2025-04,0
1950,2025-04-01,Pro,13,2025-04,1
1951,2025-05-01,Pro,13,2025-05,1
1952,2025-01-01,Pro,2,2025-01,0
1953,2025-05-01,Pro,2,2025-05,0
1954,2025-02-01,Basic,1,2025-02,0
1955,2025-02-01,Pro,13,2025-02,1
1956,2025-05-01,Basic,2,2025-05,0
1957,2025-03-01,Basic,3,2025-03,0
1958,2025-06-01,Pro,11,2025-06,1
1959,2025-01-01,Basic,10,2025-01,1
1960,2025-01-01,Basic,2,2025-01,0
1961,2025-06-01,Pro,5,2025-06,0
1962,2025-04-01,Pro,5,2025-04,0
1963,2025-06-01,Basic,4,2025-06,0
1964,2025-04-01,Pro,13,2025-04,1
1965,2025-03-01,Basic,2,2025-03,0
1966,2025-06-01,Pro,13,2025-06,1
1967,2025-03-01,Pro,11,2025-03,1
1968,2025-06-01,Basic,4,2025-06,0
1969,2025-05-01,Pro,10,2025-05,1
1970,2025-01-01,Basic,12,2025-01,1
1971,2025-06-01,Pro,13,2025-06,1
1972,2025-02-01,Basic,2,2025-02,0
1973,2025-04-01,Pro,13,2025-04,1
1974,2025-01-01,Pro,9,2025-01,1
1975,2025-04-01,Pro,7,2025-04,1
1976,2025-03-01,Basic,3,2025-03,0
1977,2025-06-01,Pro,4,2025-06,0
1978,2025-05-01,Basic,1,2025-05,0
1979,2025-05-01,Pro,13,2025-05,1
1980,2025-01-01,Basic,2,2025-01,0
1981,2025-04-01,Pro,6,2025-04,0
1982,2025-01-01,Pro,10,2025-01,1
1983,2025-04-01,Basic,4,2025-04,0
1984,2025-05-01,Basic,2,2025-05,0
1985,2025-02-01,Pro,13,2025-02,1
1986,2025-05-01,Pro,9,2025-05,1
1987,2025-03-01,Pro,4,2025-03,0
1988,2025-04-01,Pro,3,2025-04,0
1989,2025-06-01,Basic,1,2025-06,0
1990,2025-04-01,Pro,4,2025-04,0
1991,2025-03-01,Basic,6,2025-03,0
1992,2025-03-01,Pro,2,2025-03,0
1993,2025-04-01,Pro,13,2025-04,1
1994,2025-05-01,Pro,6,2025-05,0
1995,2025-01-01,Pro,12,2025-01,1
1996,2025-05-01,Pro,1,2025-05,0
1997,2025-02-01,Basic,3,2025-02,0
1998,2025-04-01,Basic,13,2025-04,1
1999,2025-02-01,Basic,5,2025-02,0
2000,2025-01-01,Basic,2,2025-01,0
2001,2025-03-01,Basic,1,2025-03,0
2002,2025-04-01,Pro,13,2025-04,1
2003,2025-03-01,Pro,13,2025-03,1
2004,2025-02-01,Pro,6,2025-02,0
2005,2025-03-01,Pro,1,2025-03,0
2006,2025-02-01,Basic,2,2025-02,0
2007,2025-04-01,Pro,13,2025-04,1
2008,2025-04-01,Pro,13,2025-04,1
2009,2025-04-01,Basic,11,2025-04,1
2010,2025-06-01,Pro,8,2025-06,1
2011,2025-04-01,Pro,2,2025-04,0
2012,2025-03-01,Pro,12,2025-03,1
2013,2025-06-01,Basic,1,2025-06,0
2014,2025-05-01,Pro,7,2025-05,1
2015,2025-04-01,Pro,13,2025-04,1
2016,2025-06-01,Pro,13,2025-06,1
2017,2025-05-01,Basic,11,2025-05,1
2018,2025-01-01,Pro,13,2025-01,1
2019,2025-05-01,Basic,3,2025-05,0
2020,2025-05-01,Pro,2,2025-05,0
2021,2025-03-01,Basic,2,2025-03,0
2022,2025-02-01,Pro,2,2025-02,0
2023,2025-01-01,Pro,4,2025-01,0
2024,2025-04-01,Pro,1,2025-04,0
2025,2025-03-01,Pro,1,2025-03,0
2026,2025-06-01,Basic,7,2025-06,1
2027,2025-01-01,Pro,1,2025-01,0
2028,2025-05-01,Basic,9,2025-05,1
2029,2025-03-01,Pro,8,2025-03,1
2030,2025-05-01,Basic,10,2025-05,1
2031,2025-04-01,Basic,4,2025-04,0
2032,2025-01-01,Basic,9,2025-01,1
2033,2025-04-01,Basic,13,2025-04,1
2034,2025-01-01,Pro,13,2025-01,1
2035,2025-01-01,Pro,13,2025-01,1
2036,2025-01-01,Pro,7,2025-01,1
2037,2025-04-01,Basic,1,2025-04,0
2038,2025-02-01,Basic,6,2025-02,0
2039,2025-04-01,Basic,13,2025-04,1
2040,2025-01-01,Basic,2,2025-01,0
2041,2025-04-01,Pro,13,2025-04,1
2042,2025-06-01,Basic,4,2025-06,0
2043,2025-01-01,Basic,13,2025-01,1
2044,2025-03-01,Pro,13,2025-03,1
2045,2025-06-01,Basic,1,2025-06,0
2046,2025-02-01,Pro,3,2025-02,0
2047,2025-03-01,Basic,4,2025-03,0
2048,2025-05-01,Pro,4,2025-05,0
2049,2025-02-01,Pro,3,2025-02,0
2050,2025-01-01,Pro,7,2025-01,1
2051,2025-03-01,Basic,4,2025-03,0
2052,2025-05-01,Pro,9,2025-05,1
2053,2025-03-01,Basic,1,2025-03,0
2054,2025-04-01,Basic,3,2025-04,0
2055,2025-04-01,Basic,4,2025-04,0
2056,2025-02-01,Pro,2,2025-02,0
2057,2025-04-01,Basic,13,2025-04,1
2058,2025-04-01,Pro,10,2025-04,1
2059,2025-05-01,Pro,6,2025-05,0
2060,2025-05-01,Pro,10,2025-05,1
2061,2025-03-01,Basic,6,2025-03,0
2062,2025-01-01,Basic,2,2025-01,0
2063,2025-01-01,Basic,3,2025-01,0
2064,2025-06-01,Pro,13,2025-06,1
2065,2025-04-01,Pro,3,2025-04,0
2066,2025-03-01,Basic,7,2025-03,1
2067,2025-06-01,Basic,13,2025-06,1
2068,2025-06-01,Basic,13,2025-06,1
2069,2025-02-01,Pro,2,2025-02,0
2070,2025-04-01,Pro,3,2025-04,0
2071,2025-01-01,Pro,13,2025-01,1
2072,2025-06-01,Pro,2,2025-06,0
2073,2025-06-01,Pro,13,2025-06,1
2074,2025-06-01,Basic,4,2025-06,0
2075,2025-06-01,Basic,5,2025-06,0
2076,2025-01-01,Basic,8,2025-01,1
2077,2025-06-01,Pro,1,2025-06,0
2078,2025-04-01,Basic,4,2025-04,0
2079,2025-02-01,Pro,13,2025-02,1
2080,2025-02-01,Pro,1,2025-02,0
2081,2025-03-01,Basic,6,2025-03,0
2082,2025-06-01,Basic,1,2025-06,0
2083,2025-06-01,Basic,1,2025-06,0
2084,2025-02-01,Pro,5,2025-02,0
2085,2025-01-01,Basic,4,2025-01,0
2086,2025-03-01,Basic,13,2025-03,1
2087,2025-05-01,Pro,6,2025-05,0
2088,2025-05-01,Basic,6,2025-05,0
2089,2025-01-01,Pro,4,2025-01,0
2090,2025-04-01,Basic,4,2025-04,0
2091,2025-05-01,Basic,13,2025-05,1
2092,2025-02-01,Pro,8,2025-02,1
2093,2025-02-01,Pro,5,2025-02,0
2094,2025-06-01,Basic,1,2025-06,0
2095,2025-02-01,Basic,3,2025-02,0
2096,2025-01-01,Pro,13,2025-01,1
2097,2025-05-01,Basic,3,2025-05,0
2098,2025-04-01,Basic,6,2025-04,0
2099,2025-05-01,Pro,13,2025-05,1
2100,2025-03-01,Pro,1,2025-03,0
2101,2025-03-01,Basic,1,2025-03,0
2102,2025-04-01,Pro,4,2025-04,0
2103,2025-03-01,Basic,1,2025-03,0
2104,2025-02-01,Pro,13,2025-02,1
2105,2025-06-01,Basic,1,2025-06,0
2106,2025-05-01,Pro,6,2025-05,0
2107,2025-06-01,Pro,8,2025-06,1
2108,2025-04-01,Pro,13,2025-04,1
2109,2025-05-01,Pro,4,2025-05,0
2110,2025-04-01,Basic,1,2025-04,0
2111,2025-03-01,Basic,1,2025-03,0
2112,2025-06-01,Basic,4,2025-06,0
2113,2025-02-01,Basic,2,2025-02,0
2114,2025-03-01,Basic,7,2025-03,1
2115,2025-01-01,Basic,5,2025-01,0
2116,2025-05-01,Basic,1,2025-05,0
2117,2025-06-01,Basic,13,2025-06,1
2118,2025-05-01,Pro,11,2025-05,1
2119,2025-03-01,Pro,5,2025-03,0
2120,2025-05-01,Pro,10,2025-05,1
2121,2025-03-01,Basic,3,2025-03,0
2122,2025-04-01,Pro,13,2025-04,1
2123,2025-05-01,Basic,6,2025-05,0
2124,2025-05-01,Pro,9,2025-05,1
2125,2025-02-01,Basic,6,2025-02,0
2126,2025-05-01,Basic,2,2025-05,0
2127,2025-04-01,Pro,13,2025-04,1
2128,2025-04-01,Pro,9,2025-04,1
2129,2025-06-01,Basic,12,2025-06,1
2130,2025-05-01,Basic,13,2025-05,1
2131,2025-04-01,Basic,7,2025-04,1
2132,2025-06-01,Basic,3,2025-06,0
2133,2025-05-01,Pro,11,2025-05,1
2134,2025-06-01,Pro,9,2025-06,1
2135,2025-03-01,Basic,5,2025-03,0
2136,2025-03-01,Basic,13,2025-03,1
2137,2025-01-01,Pro,2,2025-01,0
2138,2025-05-01,Pro,12,2025-05,1
2139,2025-02-01,Pro,3,2025-02,0
2140,2025-03-01,Basic,13,2025-03,1
2141,2025-06-01,Pro,9,2025-06,1
2142,2025-02-01,Basic,9,2025-02,1
2143,2025-06-01,Basic,13,2025-06,1
2144,2025-05-01,Basic,2,2025-05,0
2145,2025-04-01,Basic,3,2025-04,0
2146,2025-06-01,Basic,1,2025-06,0
2147,2025-03-01,Basic,2,2025-03,0
2148,2025-05-01,Pro,4,2025-05,0
2149,2025-02-01,Basic,8,2025-02,1
2150,2025-01-01,Basic,13,2025-01,1
2151,2025-03-01,Pro,2,2025-03,0
2152,2025-05-01,Pro,13,2025-05,1
2153,2025-01-01,Pro,13,2025-01,1
2154,2025-03-01,Pro,8,2025-03,1
2155,2025-06-01,Basic,12,2025-06,1
2156,2025-05-01,Basic,4,2025-05,0
2157,2025-03-01,Basic,8,2025-03,1
2158,2025-05-01,Pro,13,2025-05,1
2159,2025-01-01,Pro,6,2025-01,0
2160,2025-04-01,Pro,4,2025-04,0
2161,2025-06-01,Basic,1,2025-06,0
2162,2025-01-01,Pro,13,2025-01,1
2163,2025-03-01,Pro,6,2025-03,0
2164,2025-06-01,Basic,4,2025-06,0
2165,2025-03-01,Basic,13,2025-03,1
2166,2025-05-01,Pro,5,2025-05,0
2167,2025-04-01,Basic,1,2025-04,0
2168,2025-04-01,Pro,13,2025-04,1
2169,2025-05-01,Pro,1,2025-05,0
2170,2025-05-01,Pro,11,2025-05,1
2171,2025-06-01,Basic,2,2025-06,0
2172,2025-03-01,Pro,13,2025-03,1
2173,2025-05-01,Basic,13,2025-05,1
2174,2025-02-01,Basic,6,2025-02,0
2175,2025-01-01,Pro,4,2025-01,0
2176,2025-01-01,Pro,7,2025-01,1
2177,2025-04-01,Basic,10,2025-04,1
2178,2025-02-01,Basic,3,2025-02,0
2179,2025-04-01,Pro,13,2025-04,1
2180,2025-02-01,Pro,13,2025-02,1
2181,2025-01-01,Basic,13,2025-01,1
2182,2025-05-01,Pro,13,2025-05,1
2183,2025-05-01,Pro,6,2025-05,0
2184,2025-05-01,Pro,1,2025-05,0
2185,2025-03-01,Basic,5,2025-03,0
2186,2025-02-01,Pro,5,2025-02,0
2187,2025-04-01,Basic,13,2025-04,1
2188,2025-04-01,Pro,10,2025-04,1
2189,2025-06-01,Basic,7,2025-06,1
2190,2025-04-01,Basic,3,2025-04,0
2191,2025-01-01,Basic,3,2025-01,0
2192,2025-01-01,Basic,5,2025-01,0
2193,2025-05-01,Basic,1,2025-05,0
2194,2025-01-01,Basic,11,2025-01,1
2195,2025-06-01,Pro,7,2025-06,1
2196,2025-02-01,Pro,13,2025-02,1
2197,2025-05-01,Pro,13,2025-05,1
2198,2025-01-01,Pro,13,2025-01,1
2199,2025-02-01,Pro,5,2025-02,0
2200,2025-03-01,Pro,9,2025-03,1
