ticket_id,date,priority,first_response_hours,resolution_hours,csat,age_hours,sla_hours,sla_eligible,sla_met,open_ticket
1,2025-12-31 06:00:00,Low,13.35,,,18.0,24,True,1,1
8,2025-12-31 19:00:00,Low,1.97,,,5.0,24,True,1,1
15,2025-12-30 09:00:00,Medium,17.57,,,39.0,12,True,0,1
18,2025-12-31 16:00:00,Low,1.59,,,8.0,24,True,1,1
32,2025-12-30 14:00:00,Medium,7.51,,,34.0,12,True,1,1
47,2025-12-29 17:00:00,Medium,46.52,,,55.0,12,True,0,1
73,2025-12-28 01:00:00,Medium,0.51,,,95.0,12,True,1,1
90,2025-12-30 10:00:00,Medium,8.35,,,38.0,12,True,1,1
92,2025-12-27 04:00:00,High,6.63,,,116.0,4,True,0,1
97,2025-12-25 16:00:00,High,16.5,,,152.0,4,True,0,1
111,2025-12-22 09:00:00,High,0.15,,,231.0,4,True,1,1
128,2025-12-30 22:00:00,Medium,8.47,,,26.0,12,True,1,1
153,2025-12-30 02:00:00,High,16.28,,,46.0,4,True,0,1
165,2025-12-29 15:00:00,Medium,24.66,,,57.0,12,True,0,1
168,2025-12-20 12:00:00,High,10.02,,,276.0,4,True,0,1
186,2025-12-27 04:00:00,Medium,1.01,,,116.0,12,True,1,1
194,2025-12-28 13:00:00,High,2.63,,,83.0,4,True,1,1
204,2025-12-26 06:00:00,High,0.99,,,138.0,4,True,1,1
214,2025-12-31 12:00:00,Low,,,,12.0,24,False,0,1
215,2025-12-30 04:00:00,Medium,2.6,,,44.0,12,True,1,1
219,2025-12-30 11:00:00,Low,4.67,,,37.0,24,True,1,1
232,2025-12-31 20:00:00,High,,,,4.0,4,False,0,1
235,2025-12-29 05:00:00,Medium,31.66,,,67.0,12,True,0,1
267,2025-12-24 03:00:00,Medium,43.13,,,189.0,12,True,0,1
268,2025-12-29 09:00:00,Medium,13.87,,,63.0,12,True,0,1
270,2025-12-25 18:00:00,Medium,0.63,,,150.0,12,True,1,1
291,2025-12-31 21:00:00,Medium,,,,3.0,12,False,0,1
296,2025-12-31 03:00:00,Low,11.85,,,21.0,24,True,1,1
309,2025-12-23 18:00:00,High,0.69,,,198.0,4,True,1,1
321,2025-12-29 01:00:00,Medium,13.39,,,71.0,12,True,0,1
345,2025-12-28 07:00:00,Medium,16.88,,,89.0,12,True,0,1
349,2025-12-31 07:00:00,High,14.01,,,17.0,4,True,0,1
356,2025-12-28 07:00:00,Medium,19.96,,,89.0,12,True,0,1
361,2025-12-30 17:00:00,Medium,6.09,,,31.0,12,True,1,1
368,2025-12-31 01:00:00,Low,2.11,,,23.0,24,True,1,1
382,2025-12-30 19:00:00,Low,0.79,,,29.0,24,True,1,1
391,2025-12-25 13:00:00,Medium,15.05,,,155.0,12,True,0,1
400,2025-12-29 14:00:00,Medium,2.23,,,58.0,12,True,1,1
401,2025-12-27 12:00:00,High,23.3,,,108.0,4,True,0,1
403,2025-12-31 04:00:00,Medium,11.7,,,20.0,12,True,1,1
406,2025-12-30 11:00:00,Low,1.37,,,37.0,24,True,1,1
409,2025-12-23 20:00:00,Medium,9.19,,,196.0,12,True,1,1
419,2025-12-30 03:00:00,High,14.47,,,45.0,4,True,0,1
421,2025-12-31 14:00:00,Low,,,,10.0,24,False,0,1
422,2025-12-30 15:00:00,Medium,7.04,,,33.0,12,True,1,1
435,2025-12-29 11:00:00,High,0.19,,,61.0,4,True,1,1
436,2025-12-28 05:00:00,Medium,12.29,,,91.0,12,True,0,1
438,2025-12-28 11:00:00,Medium,14.32,,,85.0,12,True,0,1
453,2025-12-30 15:00:00,High,12.97,,,33.0,4,True,0,1
466,2025-12-29 11:00:00,Low,19.29,,,61.0,24,True,1,1
471,2025-12-20 22:00:00,High,5.83,,,266.0,4,True,0,1
478,2025-12-31 09:00:00,High,4.42,,,15.0,4,True,0,1
491,2025-12-31 10:00:00,Medium,1.99,,,14.0,12,True,1,1
497,2025-12-29 17:00:00,Low,33.0,,,55.0,24,True,0,1
498,2025-12-29 09:00:00,High,1.96,,,63.0,4,True,1,1
510,2025-12-31 20:00:00,Low,,,,4.0,24,False,0,1
511,2025-12-26 07:00:00,High,21.47,,,137.0,4,True,0,1
519,2025-12-29 05:00:00,Low,15.26,,,67.0,24,True,1,1
525,2025-12-25 00:00:00,Medium,6.56,,,168.0,12,True,1,1
549,2025-12-27 10:00:00,Low,8.37,,,110.0,24,True,1,1
550,2025-12-29 10:00:00,Medium,7.05,,,62.0,12,True,1,1
588,2025-12-27 00:00:00,High,2.45,,,120.0,4,True,1,1
607,2025-12-30 10:00:00,High,6.43,,,38.0,4,True,0,1
609,2025-12-31 11:00:00,High,4.25,,,13.0,4,True,0,1
612,2025-12-29 23:00:00,Medium,14.26,,,49.0,12,True,0,1
618,2025-12-31 05:00:00,High,,,,19.0,4,True,0,1
624,2025-12-28 16:00:00,High,4.89,,,80.0,4,True,0,1
626,2025-12-29 10:00:00,Medium,10.29,,,62.0,12,True,1,1
628,2025-12-30 20:00:00,Medium,3.71,,,28.0,12,True,1,1
637,2025-12-30 05:00:00,Low,4.28,,,43.0,24,True,1,1
638,2025-12-31 10:00:00,Medium,11.91,,,14.0,12,True,1,1
648,2025-12-30 01:00:00,Low,11.3,,,47.0,24,True,1,1
650,2025-12-25 05:00:00,High,5.24,,,163.0,4,True,0,1
651,2025-12-20 16:00:00,Low,5.56,,,272.0,24,True,1,1
654,2025-12-31 17:00:00,Low,,,,7.0,24,False,0,1
659,2025-12-28 21:00:00,Low,1.36,,,75.0,24,True,1,1
664,2025-12-30 04:00:00,High,8.3,,,44.0,4,True,0,1
667,2025-12-31 05:00:00,Low,1.93,,,19.0,24,True,1,1
674,2025-12-19 07:00:00,Medium,3.46,,,305.0,12,True,1,1
677,2025-12-28 18:00:00,High,4.29,,,78.0,4,True,0,1
683,2025-12-31 06:00:00,Medium,0.85,,,18.0,12,True,1,1
687,2025-12-29 19:00:00,High,2.4,,,53.0,4,True,1,1
691,2025-12-31 21:00:00,Low,2.62,,,3.0,24,True,1,1
696,2025-12-22 23:00:00,Medium,8.28,,,217.0,12,True,1,1
713,2025-12-31 20:00:00,Medium,,,,4.0,12,False,0,1
728,2025-12-24 22:00:00,Medium,4.8,,,170.0,12,True,1,1
731,2025-12-29 15:00:00,High,7.31,,,57.0,4,True,0,1
738,2025-12-30 15:00:00,Medium,15.74,,,33.0,12,True,0,1
755,2025-12-30 20:00:00,Medium,18.85,,,28.0,12,True,0,1
762,2025-12-31 18:00:00,Medium,,,,6.0,12,False,0,1
767,2025-12-30 09:00:00,Medium,1.36,,,39.0,12,True,1,1
768,2025-12-26 22:00:00,Medium,14.66,,,122.0,12,True,0,1
788,2025-12-27 03:00:00,Low,6.34,,,117.0,24,True,1,1
794,2025-12-24 11:00:00,Medium,15.93,,,181.0,12,True,0,1
795,2025-12-26 16:00:00,Low,6.37,,,128.0,24,True,1,1
799,2025-12-29 22:00:00,Medium,12.63,,,50.0,12,True,0,1
803,2025-12-28 08:00:00,Low,11.5,,,88.0,24,True,1,1
805,2025-12-28 07:00:00,Low,7.45,,,89.0,24,True,1,1
810,2025-12-31 07:00:00,Low,,,,17.0,24,False,0,1
815,2025-12-31 21:00:00,Low,,,,3.0,24,False,0,1
817,2025-12-26 21:00:00,High,15.99,,,123.0,4,True,0,1
825,2025-12-16 23:00:00,Medium,15.57,,,361.0,12,True,0,1
827,2025-12-28 18:00:00,Medium,8.73,,,78.0,12,True,1,1
841,2025-12-27 08:00:00,Low,2.44,,,112.0,24,True,1,1
842,2025-12-25 12:00:00,Medium,3.09,,,156.0,12,True,1,1
845,2025-12-29 17:00:00,Medium,6.69,,,55.0,12,True,1,1
847,2025-12-31 16:00:00,Low,,,,8.0,24,False,0,1
858,2025-12-25 14:00:00,Low,1.53,,,154.0,24,True,1,1
864,2025-12-26 07:00:00,Low,3.58,,,137.0,24,True,1,1
867,2025-12-26 10:00:00,Medium,0.99,,,134.0,12,True,1,1
879,2025-12-28 02:00:00,Medium,7.87,,,94.0,12,True,1,1
881,2025-12-30 14:00:00,Medium,10.12,,,34.0,12,True,1,1
884,2025-12-31 10:00:00,Low,,,,14.0,24,False,0,1
885,2025-12-31 10:00:00,Medium,7.26,,,14.0,12,True,1,1
900,2025-12-30 14:00:00,Medium,1.82,,,34.0,12,True,1,1
908,2025-12-30 12:00:00,Medium,0.33,,,36.0,12,True,1,1
913,2025-12-30 19:00:00,Medium,7.08,,,29.0,12,True,1,1
935,2025-12-27 14:00:00,Medium,20.09,,,106.0,12,True,0,1
937,2025-12-30 22:00:00,Medium,,,,26.0,12,True,0,1
938,2025-12-30 12:00:00,High,5.49,,,36.0,4,True,0,1
951,2025-12-30 09:00:00,High,5.26,,,39.0,4,True,0,1
956,2025-12-29 17:00:00,Low,6.11,,,55.0,24,True,1,1
960,2025-12-30 18:00:00,High,19.74,,,30.0,4,True,0,1
979,2025-12-29 00:00:00,Medium,5.66,,,72.0,12,True,1,1
1002,2025-12-30 04:00:00,High,13.25,,,44.0,4,True,0,1
1008,2025-12-26 15:00:00,Low,36.72,,,129.0,24,True,0,1
1014,2025-12-29 16:00:00,Medium,28.61,,,56.0,12,True,0,1
1015,2025-12-30 19:00:00,Low,9.25,,,29.0,24,True,1,1
1028,2025-12-31 18:00:00,Medium,,,,6.0,12,False,0,1
1032,2025-12-26 16:00:00,Medium,46.99,,,128.0,12,True,0,1
1046,2025-12-31 03:00:00,Medium,3.65,,,21.0,12,True,1,1
1052,2025-12-27 15:00:00,Medium,10.25,,,105.0,12,True,1,1
1059,2025-12-31 08:00:00,Low,3.06,,,16.0,24,True,1,1
1064,2025-12-15 11:00:00,Low,4.06,,,397.0,24,True,1,1
1080,2025-12-30 18:00:00,Medium,,,,30.0,12,True,0,1
1081,2025-12-27 20:00:00,High,23.83,,,100.0,4,True,0,1
1103,2025-12-28 23:00:00,Medium,0.98,,,73.0,12,True,1,1
1105,2025-12-27 16:00:00,Medium,1.08,,,104.0,12,True,1,1
1136,2025-12-30 11:00:00,Low,6.8,,,37.0,24,True,1,1
1166,2025-12-27 23:00:00,Low,4.97,,,97.0,24,True,1,1
1169,2025-12-24 22:00:00,Medium,3.7,,,170.0,12,True,1,1
1185,2025-12-30 07:00:00,Low,35.88,,,41.0,24,True,0,1
1188,2025-12-28 03:00:00,Medium,4.21,,,93.0,12,True,1,1
1215,2025-12-31 21:00:00,Low,,,,3.0,24,False,0,1
1249,2025-12-30 03:00:00,Medium,8.46,,,45.0,12,True,1,1
1254,2025-12-30 08:00:00,Medium,9.52,,,40.0,12,True,1,1
1259,2025-12-27 12:00:00,Low,10.15,,,108.0,24,True,1,1
1265,2025-12-31 06:00:00,Medium,4.35,,,18.0,12,True,1,1
1271,2025-12-31 10:00:00,Medium,,,,14.0,12,True,0,1
1275,2025-12-31 02:00:00,Medium,13.41,,,22.0,12,True,0,1
1276,2025-12-28 07:00:00,Low,4.44,,,89.0,24,True,1,1
1280,2025-12-26 22:00:00,Medium,9.99,,,122.0,12,True,1,1
1289,2025-12-31 18:00:00,Medium,5.68,,,6.0,12,True,1,1
1297,2025-12-30 22:00:00,High,13.38,,,26.0,4,True,0,1
1305,2025-12-31 03:00:00,Medium,1.18,,,21.0,12,True,1,1
1306,2025-12-31 22:00:00,Low,,,,2.0,24,False,0,1
1315,2025-12-26 23:00:00,Low,12.42,,,121.0,24,True,1,1
1320,2025-12-29 15:00:00,High,16.81,,,57.0,4,True,0,1
1325,2025-12-29 18:00:00,Medium,3.11,,,54.0,12,True,1,1
1330,2025-12-29 20:00:00,Medium,3.91,,,52.0,12,True,1,1
1334,2025-12-29 10:00:00,Medium,3.83,,,62.0,12,True,1,1
1344,2025-12-24 22:00:00,Medium,4.33,,,170.0,12,True,1,1
1347,2025-12-31 21:00:00,High,,,,3.0,4,False,0,1
1377,2025-12-25 11:00:00,Medium,11.43,,,157.0,12,True,1,1
1378,2025-12-27 19:00:00,High,30.97,,,101.0,4,True,0,1
1387,2025-12-28 23:00:00,Low,1.17,,,73.0,24,True,1,1
1389,2025-12-25 14:00:00,Medium,10.78,,,154.0,12,True,1,1
1400,2025-12-22 11:00:00,Medium,6.44,,,229.0,12,True,1,1
1407,2025-12-29 19:00:00,Medium,32.74,,,53.0,12,True,0,1
1411,2025-12-30 13:00:00,Medium,,,,35.0,12,True,0,1
1418,2025-12-17 23:00:00,Low,21.73,,,337.0,24,True,1,1
1425,2025-12-30 22:00:00,Medium,19.76,,,26.0,12,True,0,1
1433,2025-12-23 22:00:00,Medium,17.45,,,194.0,12,True,0,1
1478,2025-12-30 09:00:00,Medium,1.35,,,39.0,12,True,1,1
1488,2025-12-31 08:00:00,High,5.9,,,16.0,4,True,0,1
1496,2025-12-31 00:00:00,Medium,6.8,,,24.0,12,True,1,1
1503,2025-12-31 08:00:00,Low,3.18,,,16.0,24,True,1,1
1505,2025-12-29 17:00:00,High,16.85,,,55.0,4,True,0,1
1510,2025-12-31 11:00:00,Low,5.7,,,13.0,24,True,1,1
1512,2025-12-28 00:00:00,Low,1.22,,,96.0,24,True,1,1
1521,2025-12-30 15:00:00,Low,8.24,,,33.0,24,True,1,1
1530,2025-12-27 22:00:00,High,6.28,,,98.0,4,True,0,1
1536,2025-12-30 13:00:00,High,1.34,,,35.0,4,True,1,1
1551,2025-12-30 05:00:00,Medium,1.53,,,43.0,12,True,1,1
1560,2025-12-28 23:00:00,Medium,12.05,,,73.0,12,True,0,1
1566,2025-12-27 11:00:00,Medium,3.39,,,109.0,12,True,1,1
1568,2025-12-29 13:00:00,Low,7.13,,,59.0,24,True,1,1
1569,2025-12-30 13:00:00,Low,14.8,,,35.0,24,True,1,1
1591,2025-12-28 18:00:00,High,8.08,,,78.0,4,True,0,1
1605,2025-12-29 20:00:00,High,0.62,,,52.0,4,True,1,1
1608,2025-12-31 16:00:00,Medium,,,,8.0,12,False,0,1
1617,2025-12-31 21:00:00,High,1.97,,,3.0,4,True,1,1
1652,2025-12-29 20:00:00,High,1.17,,,52.0,4,True,1,1
1673,2025-12-30 19:00:00,Medium,3.56,,,29.0,12,True,1,1
1674,2025-12-30 16:00:00,High,1.05,,,32.0,4,True,1,1
1677,2025-12-29 03:00:00,High,16.16,,,69.0,4,True,0,1
1681,2025-12-20 05:00:00,Medium,3.43,,,283.0,12,True,1,1
1691,2025-12-27 10:00:00,Medium,4.92,,,110.0,12,True,1,1
1702,2025-12-31 08:00:00,Low,13.13,,,16.0,24,True,1,1
1704,2025-12-30 06:00:00,Low,2.55,,,42.0,24,True,1,1
1710,2025-12-29 15:00:00,Medium,4.74,,,57.0,12,True,1,1
1716,2025-12-29 11:00:00,Low,0.98,,,61.0,24,True,1,1
1724,2025-12-28 08:00:00,Medium,6.21,,,88.0,12,True,1,1
1736,2025-12-27 19:00:00,Low,3.89,,,101.0,24,True,1,1
1742,2025-12-27 15:00:00,Medium,5.23,,,105.0,12,True,1,1
1745,2025-12-31 16:00:00,High,,,,8.0,4,True,0,1
1747,2025-12-31 05:00:00,Medium,,,,19.0,12,True,0,1
1750,2025-12-31 18:00:00,Low,1.88,,,6.0,24,True,1,1
1751,2025-12-30 13:00:00,Low,,,,35.0,24,True,0,1
1752,2025-12-31 02:00:00,Low,,,,22.0,24,False,0,1
1777,2025-12-28 10:00:00,High,0.01,,,86.0,4,True,1,1
1799,2025-12-29 03:00:00,High,3.16,,,69.0,4,True,1,1
1814,2025-12-30 08:00:00,High,22.9,,,40.0,4,True,0,1
1816,2025-12-26 07:00:00,Medium,7.66,,,137.0,12,True,1,1
1825,2025-12-31 13:00:00,Low,6.92,,,11.0,24,True,1,1
1842,2025-12-30 07:00:00,Medium,19.49,,,41.0,12,True,0,1
1862,2025-12-31 16:00:00,Medium,,,,8.0,12,False,0,1
1878,2025-12-25 08:00:00,Medium,10.71,,,160.0,12,True,1,1
1882,2025-12-31 01:00:00,Medium,8.7,,,23.0,12,True,1,1
1884,2025-12-30 04:00:00,Medium,1.65,,,44.0,12,True,1,1
1902,2025-12-30 07:00:00,High,19.35,,,41.0,4,True,0,1
1915,2025-12-30 02:00:00,Medium,1.85,,,46.0,12,True,1,1
1916,2025-12-31 17:00:00,Medium,,,,7.0,12,False,0,1
1924,2025-12-30 07:00:00,Medium,23.49,,,41.0,12,True,0,1
1927,2025-12-26 08:00:00,Medium,10.83,,,136.0,12,True,1,1
1945,2025-12-23 07:00:00,Low,1.99,,,209.0,24,True,1,1
1960,2025-12-30 06:00:00,Low,0.51,,,42.0,24,True,1,1
1962,2025-12-30 04:00:00,Low,13.11,,,44.0,24,True,1,1
1966,2025-12-30 22:00:00,Medium,,,,26.0,12,True,0,1
1967,2025-12-31 21:00:00,Medium,,,,3.0,12,False,0,1
1980,2025-12-31 05:00:00,Low,2.8,,,19.0,24,True,1,1
1984,2025-12-31 20:00:00,Low,,,,4.0,24,False,0,1
1998,2025-12-26 22:00:00,Low,14.22,,,122.0,24,True,1,1
2010,2025-12-30 17:00:00,High,18.43,,,31.0,4,True,0,1
2019,2025-12-31 19:00:00,Low,,,,5.0,24,False,0,1
2024,2025-12-30 10:00:00,Low,4.51,,,38.0,24,True,1,1
2027,2025-12-30 19:00:00,High,13.61,,,29.0,4,True,0,1
2034,2025-12-29 05:00:00,Medium,10.88,,,67.0,12,True,1,1
2037,2025-12-30 16:00:00,Low,6.05,,,32.0,24,True,1,1
2060,2025-12-30 03:00:00,Medium,4.94,,,45.0,12,True,1,1
2062,2025-12-24 07:00:00,Medium,6.53,,,185.0,12,True,1,1
2080,2025-12-31 12:00:00,High,0.82,,,12.0,4,True,1,1
2082,2025-12-29 14:00:00,Low,10.76,,,58.0,24,True,1,1
2084,2025-12-31 17:00:00,Medium,2.09,,,7.0,12,True,1,1
2090,2025-12-31 15:00:00,Medium,8.9,,,9.0,12,True,1,1
2104,2025-12-28 03:00:00,Medium,16.5,,,93.0,12,True,0,1
2135,2025-12-26 12:00:00,Medium,24.62,,,132.0,12,True,0,1
2157,2025-12-28 12:00:00,High,45.36,,,84.0,4,True,0,1
2171,2025-12-27 19:00:00,High,21.21,,,101.0,4,True,0,1
2172,2025-12-30 20:00:00,Medium,12.8,,,28.0,12,True,0,1
2189,2025-12-29 18:00:00,Medium,2.51,,,54.0,12,True,1,1
2194,2025-12-30 09:00:00,High,1.15,,,39.0,4,True,1,1
2195,2025-12-25 23:00:00,Medium,20.6,,,145.0,12,True,0,1
2204,2025-12-28 12:00:00,Low,4.76,,,84.0,24,True,1,1
2209,2025-12-28 22:00:00,High,9.98,,,74.0,4,True,0,1
2228,2025-12-28 21:00:00,Low,9.23,,,75.0,24,True,1,1
2229,2025-12-31 03:00:00,High,2.85,,,21.0,4,True,1,1
2233,2025-12-29 10:00:00,High,6.35,,,62.0,4,True,0,1
2251,2025-12-28 23:00:00,Medium,1.93,,,73.0,12,True,1,1
2256,2025-12-31 11:00:00,Low,4.72,,,13.0,24,True,1,1
2257,2025-12-31 22:00:00,Medium,,,,2.0,12,False,0,1
2263,2025-12-28 19:00:00,Medium,5.46,,,77.0,12,True,1,1
2277,2025-12-30 12:00:00,High,6.05,,,36.0,4,True,0,1
2278,2025-12-27 16:00:00,Low,1.64,,,104.0,24,True,1,1
2285,2025-12-31 23:00:00,High,,,,1.0,4,False,0,1
2294,2025-12-29 02:00:00,Low,5.46,,,70.0,24,True,1,1
2302,2025-12-25 15:00:00,Low,4.59,,,153.0,24,True,1,1
2317,2025-12-29 02:00:00,Low,9.03,,,70.0,24,True,1,1
2328,2025-12-29 19:00:00,Low,6.41,,,53.0,24,True,1,1
2349,2025-12-28 17:00:00,Low,42.51,,,79.0,24,True,0,1
2361,2025-12-30 07:00:00,Medium,5.22,,,41.0,12,True,1,1
2366,2025-12-29 04:00:00,Medium,3.24,,,68.0,12,True,1,1
2373,2025-12-26 16:00:00,Medium,31.34,,,128.0,12,True,0,1
2375,2025-12-28 10:00:00,Low,1.0,,,86.0,24,True,1,1
2381,2025-12-31 13:00:00,Low,3.38,,,11.0,24,True,1,1
2394,2025-12-29 21:00:00,Low,4.65,,,51.0,24,True,1,1
2399,2025-12-30 22:00:00,Medium,1.27,,,26.0,12,True,1,1
2400,2025-12-31 14:00:00,Medium,0.8,,,10.0,12,True,1,1
2407,2025-12-31 17:00:00,Medium,,,,7.0,12,False,0,1
2409,2025-12-28 16:00:00,Medium,11.69,,,80.0,12,True,1,1
2413,2025-12-26 23:00:00,Low,19.74,,,121.0,24,True,1,1
2426,2025-12-29 01:00:00,Medium,8.68,,,71.0,12,True,1,1
2438,2025-12-30 12:00:00,Medium,2.42,,,36.0,12,True,1,1
2444,2025-12-28 17:00:00,Low,29.89,,,79.0,24,True,0,1
2449,2025-12-25 19:00:00,Medium,7.65,,,149.0,12,True,1,1
2464,2025-12-27 22:00:00,Low,2.67,,,98.0,24,True,1,1
2468,2025-12-28 09:00:00,Medium,8.47,,,87.0,12,True,1,1
2482,2025-12-28 06:00:00,Low,9.3,,,90.0,24,True,1,1
2495,2025-12-29 10:00:00,Medium,19.73,,,62.0,12,True,0,1
2508,2025-12-22 02:00:00,Medium,1.57,,,238.0,12,True,1,1
2528,2025-12-31 11:00:00,High,0.95,,,13.0,4,True,1,1
2539,2025-12-31 00:00:00,Medium,4.06,,,24.0,12,True,1,1
2563,2025-12-30 06:00:00,High,0.07,,,42.0,4,True,1,1
2592,2025-12-28 11:00:00,Medium,26.78,,,85.0,12,True,0,1
2607,2025-12-27 22:00:00,Low,9.64,,,98.0,24,True,1,1
2610,2025-12-29 16:00:00,Low,1.39,,,56.0,24,True,1,1
2613,2025-12-30 12:00:00,High,13.96,,,36.0,4,True,0,1
2618,2025-12-29 05:00:00,Medium,20.8,,,67.0,12,True,0,1
2632,2025-12-31 16:00:00,Medium,0.6,,,8.0,12,True,1,1
2638,2025-12-30 08:00:00,Medium,24.77,,,40.0,12,True,0,1
2655,2025-12-31 02:00:00,High,8.39,,,22.0,4,True,0,1
2662,2025-12-31 23:00:00,Medium,,,,1.0,12,False,0,1
2663,2025-12-31 15:00:00,Low,0.59,,,9.0,24,True,1,1
2687,2025-12-27 21:00:00,Medium,26.79,,,99.0,12,True,0,1
2692,2025-12-30 00:00:00,High,38.05,,,48.0,4,True,0,1
2701,2025-12-31 20:00:00,Medium,1.8,,,4.0,12,True,1,1
2712,2025-12-31 13:00:00,Medium,,,,11.0,12,False,0,1
2721,2025-12-29 20:00:00,High,12.35,,,52.0,4,True,0,1
2746,2025-12-31 16:00:00,High,2.91,,,8.0,4,True,1,1
2747,2025-12-23 04:00:00,Medium,6.42,,,212.0,12,True,1,1
2751,2025-12-31 12:00:00,Medium,,,,12.0,12,False,0,1
2763,2025-12-28 05:00:00,Medium,2.37,,,91.0,12,True,1,1
2769,2025-12-26 20:00:00,High,19.69,,,124.0,4,True,0,1
2771,2025-12-31 08:00:00,Low,15.74,,,16.0,24,True,1,1
2777,2025-12-22 23:00:00,Low,1.42,,,217.0,24,True,1,1
2781,2025-12-28 01:00:00,Medium,5.8,,,95.0,12,True,1,1
2788,2025-12-30 00:00:00,High,2.28,,,48.0,4,True,1,1
2790,2025-12-30 16:00:00,Medium,6.26,,,32.0,12,True,1,1
2791,2025-12-30 13:00:00,Medium,4.7,,,35.0,12,True,1,1
2793,2025-12-25 05:00:00,Low,5.31,,,163.0,24,True,1,1
2796,2025-12-28 10:00:00,Medium,8.24,,,86.0,12,True,1,1
2801,2025-12-31 17:00:00,Low,0.38,,,7.0,24,True,1,1
2812,2025-12-31 22:00:00,Medium,,,,2.0,12,False,0,1
2818,2025-12-25 22:00:00,Low,5.01,,,146.0,24,True,1,1
2833,2025-12-29 21:00:00,Medium,34.54,,,51.0,12,True,0,1
2847,2025-12-28 16:00:00,Low,1.9,,,80.0,24,True,1,1
2848,2025-12-31 10:00:00,Low,6.51,,,14.0,24,True,1,1
2851,2025-12-31 08:00:00,Low,4.18,,,16.0,24,True,1,1
2874,2025-12-27 04:00:00,Medium,2.26,,,116.0,12,True,1,1
2877,2025-12-31 11:00:00,Medium,,,,13.0,12,True,0,1
2884,2025-12-29 09:00:00,Low,14.76,,,63.0,24,True,1,1
2899,2025-12-31 09:00:00,Medium,3.14,,,15.0,12,True,1,1
2908,2025-12-30 05:00:00,Medium,12.41,,,43.0,12,True,0,1
2919,2025-12-30 10:00:00,Low,17.19,,,38.0,24,True,1,1
2922,2025-12-29 08:00:00,Medium,1.04,,,64.0,12,True,1,1
2924,2025-12-29 04:00:00,Medium,0.84,,,68.0,12,True,1,1
2926,2025-12-30 16:00:00,Low,9.16,,,32.0,24,True,1,1
2932,2025-12-27 06:00:00,Medium,13.69,,,114.0,12,True,0,1
2933,2025-12-27 23:00:00,Low,4.97,,,97.0,24,True,1,1
2944,2025-12-25 15:00:00,Medium,13.42,,,153.0,12,True,0,1
2946,2025-12-26 12:00:00,Medium,21.1,,,132.0,12,True,0,1
2947,2025-12-31 19:00:00,Low,,,,5.0,24,False,0,1
2949,2025-12-26 19:00:00,Low,0.25,,,125.0,24,True,1,1
2959,2025-12-26 13:00:00,Low,8.87,,,131.0,24,True,1,1
2963,2025-12-28 22:00:00,Medium,3.59,,,74.0,12,True,1,1
2971,2025-12-30 02:00:00,Medium,11.16,,,46.0,12,True,1,1
2975,2025-12-25 02:00:00,Medium,30.85,,,166.0,12,True,0,1
2982,2025-12-28 15:00:00,Low,1.43,,,81.0,24,True,1,1
2983,2025-12-28 08:00:00,Low,12.77,,,88.0,24,True,1,1
3012,2025-12-28 11:00:00,High,20.74,,,85.0,4,True,0,1
3022,2025-12-30 02:00:00,High,20.99,,,46.0,4,True,0,1
3026,2025-12-27 15:00:00,Low,0.82,,,105.0,24,True,1,1
3037,2025-12-25 21:00:00,Low,0.39,,,147.0,24,True,1,1
3048,2025-12-31 19:00:00,Low,,,,5.0,24,False,0,1
3058,2025-12-31 10:00:00,Medium,0.11,,,14.0,12,True,1,1
3062,2025-12-30 03:00:00,Medium,0.24,,,45.0,12,True,1,1
3063,2025-12-26 18:00:00,Medium,3.78,,,126.0,12,True,1,1
3071,2025-12-27 10:00:00,Medium,6.26,,,110.0,12,True,1,1
3077,2025-12-30 22:00:00,Low,10.42,,,26.0,24,True,1,1
3087,2025-12-27 08:00:00,Low,0.37,,,112.0,24,True,1,1
3093,2025-12-28 00:00:00,Low,3.58,,,96.0,24,True,1,1
3096,2025-12-30 04:00:00,High,11.21,,,44.0,4,True,0,1
3101,2025-12-31 02:00:00,Medium,8.72,,,22.0,12,True,1,1
3102,2025-12-27 01:00:00,Medium,10.96,,,119.0,12,True,1,1
3117,2025-12-29 11:00:00,High,28.35,,,61.0,4,True,0,1
3125,2025-12-27 07:00:00,Low,2.83,,,113.0,24,True,1,1
3138,2025-12-25 13:00:00,High,25.46,,,155.0,4,True,0,1
3165,2025-12-30 10:00:00,Medium,3.39,,,38.0,12,True,1,1
3166,2025-12-27 08:00:00,Medium,23.79,,,112.0,12,True,0,1
3180,2025-12-31 06:00:00,Low,5.57,,,18.0,24,True,1,1
3181,2025-12-30 13:00:00,Medium,17.14,,,35.0,12,True,0,1
3189,2025-12-24 10:00:00,Medium,15.33,,,182.0,12,True,0,1
3211,2025-12-29 02:00:00,High,9.93,,,70.0,4,True,0,1
3215,2025-12-31 19:00:00,Medium,,,,5.0,12,False,0,1
3220,2025-12-31 09:00:00,Medium,0.72,,,15.0,12,True,1,1
3224,2025-12-31 06:00:00,Medium,8.73,,,18.0,12,True,1,1
3236,2025-12-31 21:00:00,Medium,,,,3.0,12,False,0,1
3240,2025-12-29 20:00:00,High,9.77,,,52.0,4,True,0,1
3247,2025-12-27 17:00:00,Medium,9.48,,,103.0,12,True,1,1
3285,2025-12-25 21:00:00,Low,1.25,,,147.0,24,True,1,1
3286,2025-12-29 07:00:00,High,22.55,,,65.0,4,True,0,1
3303,2025-12-30 15:00:00,Medium,7.68,,,33.0,12,True,1,1
3307,2025-12-25 02:00:00,Low,3.67,,,166.0,24,True,1,1
3325,2025-12-31 18:00:00,Medium,,,,6.0,12,False,0,1
3351,2025-12-31 22:00:00,Medium,,,,2.0,12,False,0,1
3357,2025-12-29 01:00:00,High,11.58,,,71.0,4,True,0,1
3364,2025-12-29 13:00:00,Medium,2.07,,,59.0,12,True,1,1
3366,2025-12-26 22:00:00,Low,15.23,,,122.0,24,True,1,1
3371,2025-12-31 06:00:00,Medium,4.36,,,18.0,12,True,1,1
3377,2025-12-30 20:00:00,High,7.5,,,28.0,4,True,0,1
3382,2025-12-31 09:00:00,Low,6.85,,,15.0,24,True,1,1
3391,2025-12-29 00:00:00,Medium,10.78,,,72.0,12,True,1,1
3394,2025-12-31 14:00:00,Low,3.1,,,10.0,24,True,1,1
3433,2025-12-27 20:00:00,Low,0.44,,,100.0,24,True,1,1
3445,2025-12-26 21:00:00,Medium,22.6,,,123.0,12,True,0,1
3449,2025-12-31 17:00:00,Low,,,,7.0,24,False,0,1
3467,2025-12-29 22:00:00,Low,1.61,,,50.0,24,True,1,1
3469,2025-12-22 02:00:00,High,22.96,,,238.0,4,True,0,1
3482,2025-12-31 13:00:00,High,2.67,,,11.0,4,True,1,1
3486,2025-12-29 17:00:00,High,1.23,,,55.0,4,True,1,1
3497,2025-12-29 00:00:00,High,14.39,,,72.0,4,True,0,1
