event_id,event_minute,value
e0000,0,8
e0001,1,17
e0002,2,14
e0003,3,4
e0004,4,3
e0005,5,12
e0006,6,6
e0007,7,19
e0008,8,6
e0009,9,3
e0010,10,10
e0011,11,7
e0012,12,14
e0013,13,17
e0014,14,14
e0015,15,17
e0016,16,11
e0017,17,1
e0018,18,14
e0019,19,19
e0020,20,3
e0021,21,8
e0022,22,10
e0023,23,3
e0024,24,12
e0025,25,15
e0026,26,19
e0027,27,8
e0028,28,11
e0029,29,13
e0030,30,14
e0031,31,12
e0032,32,14
e0033,33,4
e0034,34,9
e0035,35,13
e0036,36,4
e0037,37,3
e0038,38,8
e0039,39,14
e0040,40,19
e0041,41,2
e0042,42,15
e0043,43,2
e0044,44,19
e0045,45,4
e0046,46,16
e0047,47,19
e0048,48,9
e0049,49,16
e0050,50,8
e0051,51,1
e0052,52,14
e0053,53,5
e0054,54,17
e0055,55,19
e0056,56,11
e0057,57,15
e0058,58,14
e0059,59,9
e0060,60,3
e0061,61,3
e0062,62,14
e0063,63,7
e0064,64,1
e0065,65,15
e0066,66,12
e0067,67,1
e0068,68,13
e0069,69,7
e0070,70,5
e0071,71,7
e0072,72,5
e0073,73,19
e0074,74,8
e0075,75,7
e0076,76,8
e0077,77,16
e0078,78,4
e0079,79,7
e0080,80,18
e0081,81,3
e0082,82,17
e0083,83,16
e0084,84,18
e0085,85,11
e0086,86,13
e0087,87,12
e0088,88,15
e0089,89,10
e0090,90,10
e0091,91,1
e0092,92,5
e0093,93,17
e0094,94,14
e0095,95,5
e0096,96,13
e0097,97,12
e0098,98,12
e0099,99,8
e0100,100,4
e0101,101,14
e0102,102,7
e0103,103,4
e0104,104,8
e0105,105,3
e0106,106,18
e0107,107,8
e0108,108,16
e0109,109,13
e0110,110,18
e0111,111,12
e0112,112,4
e0113,113,10
e0114,114,4
e0115,115,12
e0116,116,15
e0117,117,4
e0118,118,13
e0119,119,15
e0120,120,14
e0121,121,18
e0122,122,13
e0123,123,7
e0124,124,3
e0125,125,12
e0126,126,14
e0127,127,1
e0128,128,8
e0129,129,8
e0130,130,16
e0131,131,6
e0132,132,16
e0133,133,18
e0134,134,16
e0135,135,11
e0136,136,4
e0137,137,7
e0138,138,7
e0139,139,19
e0140,140,5
e0141,141,16
e0142,142,15
e0143,143,5
e0144,144,10
e0145,145,5
e0146,146,1
e0147,147,10
e0148,148,14
e0149,149,14
e0150,150,3
e0151,151,17
e0152,152,12
e0153,153,11
e0154,154,8
e0155,155,7
e0156,156,12
e0157,157,19
e0158,158,19
e0159,159,2
e0160,160,3
e0161,161,16
e0162,162,4
e0163,163,18
e0164,164,8
e0165,165,13
e0166,166,1
e0167,167,6
e0168,168,14
e0169,169,18
e0170,170,1
e0171,171,8
e0172,172,18
e0173,173,5
e0174,174,15
e0175,175,16
e0176,176,19
e0177,177,15
e0178,178,12
e0179,179,7
